shift_type,severity,true_label,pred_label,correct,confidence_raw,confidence_calibrated,sample_id
clean,0,7,7,True,0.9995726943016052,0.99918574,17408
clean,0,9,3,False,0.515792727470398,0.49159262,40845
clean,0,1,1,True,0.999502658843994,0.99911946,3378
clean,0,5,5,True,0.7575970888137817,0.7240186,22188
clean,0,7,7,True,0.9991822838783264,0.9984736,44921
clean,0,9,3,False,0.2622397840023041,0.25129843,7244
clean,0,2,2,True,0.9929129481315612,0.988555,20029
clean,0,1,1,True,0.9998364448547364,0.9996853,4500
clean,0,8,8,True,0.987701952457428,0.98296875,35562
clean,0,6,1,False,0.3112435340881347,0.3008024,29107
clean,0,9,9,True,0.8607257008552551,0.83874947,12608
clean,0,8,8,True,0.667277991771698,0.6250867,29747
clean,0,6,6,True,0.6404380798339844,0.6103429,286
clean,0,7,7,True,0.8442577123641968,0.8138514,20646
clean,0,5,5,True,0.9985517859458924,0.99764997,18317
clean,0,8,8,True,0.8772914409637451,0.8603517,2552
clean,0,5,5,True,0.968498945236206,0.95896393,42813
clean,0,8,8,True,0.6396809816360474,0.6115677,39534
clean,0,9,6,False,0.7980015277862549,0.75640154,19055
clean,0,0,0,True,0.717772364616394,0.70098466,2355
clean,0,0,8,False,0.9250230193138124,0.9021766,10798
clean,0,6,6,True,0.9289430975914,0.9115263,34304
clean,0,6,6,True,0.997592270374298,0.995961,4606
clean,0,1,1,True,0.9883330464363098,0.9827854,1520
clean,0,4,7,False,0.7112532258033752,0.67885274,3252
clean,0,9,9,True,0.9739587306976318,0.9614367,35657
clean,0,3,4,False,0.6006417870521545,0.56433946,36431
clean,0,9,9,True,0.9999958276748656,0.9999894,30598
clean,0,5,5,True,0.2879433929920196,0.27703843,44979
clean,0,9,9,True,0.9998194575309752,0.9996518,34975
clean,0,8,8,True,0.509260356426239,0.48044235,32165
clean,0,2,2,True,0.8944433927536011,0.86485416,41775
clean,0,5,3,False,0.6282578706741333,0.6168288,11551
clean,0,5,7,False,0.357333242893219,0.34652072,39880
clean,0,1,1,True,0.7609482407569885,0.7431532,35081
clean,0,6,6,True,0.7965637445449829,0.7738409,1035
clean,0,5,5,True,0.5199313163757324,0.5081681,21961
clean,0,0,0,True,0.9992626309394836,0.998698,47468
clean,0,5,5,True,0.9110658764839172,0.8877809,42578
clean,0,2,6,False,0.9134296178817748,0.8892693,2126
clean,0,2,2,True,0.5033458471298218,0.47488576,14819
clean,0,1,9,False,0.8547396659851074,0.832081,34598
clean,0,1,1,True,0.9079075455665588,0.8926162,47264
clean,0,0,0,True,0.4912872016429901,0.47004592,11107
clean,0,1,1,True,0.9957903027534484,0.99341303,30446
clean,0,1,1,True,0.999537706375122,0.9991335,34540
clean,0,2,5,False,0.7411819100379944,0.7080365,14496
clean,0,5,5,True,0.914389669895172,0.89336926,35580
clean,0,4,5,False,0.5018048882484436,0.48354894,2705
clean,0,9,9,True,0.9055638313293456,0.8899358,47078
clean,0,7,7,True,0.9985008239746094,0.99744284,42680
clean,0,3,5,False,0.8561630845069885,0.8372171,42585
clean,0,4,4,True,0.6336596608161926,0.6237885,16905
clean,0,4,4,True,0.9711647033691406,0.96096504,14600
clean,0,7,7,True,0.9723671078681946,0.96318585,3975
clean,0,4,4,True,0.5299015045166016,0.49984437,4614
clean,0,9,9,True,0.9235702753067015,0.90383595,3381
clean,0,4,4,True,0.5956167578697205,0.5649943,46790
clean,0,3,5,False,0.690000057220459,0.66567826,33914
clean,0,1,1,True,0.9998262524604796,0.9996697,2928
clean,0,7,7,True,0.9900404810905457,0.98480934,47665
clean,0,3,5,False,0.8208137154579163,0.8000616,42496
clean,0,7,7,True,0.9996778964996338,0.99938047,36190
clean,0,8,8,True,0.9427466988563538,0.9267225,40191
clean,0,0,0,True,0.999267280101776,0.9986091,39386
clean,0,4,2,False,0.4626457691192627,0.44121704,6027
clean,0,4,4,True,0.8293895721435547,0.79698604,37004
clean,0,6,6,True,0.9962365031242372,0.99380904,45543
clean,0,3,6,False,0.9441206455230712,0.9255489,20067
clean,0,4,3,False,0.23245769739151,0.22443591,43239
clean,0,1,1,True,0.6186738014221191,0.6095121,39484
clean,0,2,2,True,0.4667944014072418,0.4393074,40084
clean,0,9,9,True,0.9814619421958924,0.9730863,38168
clean,0,4,5,False,0.3430026471614837,0.33164477,48533
clean,0,1,1,True,0.7293016314506531,0.71424896,19678
clean,0,2,2,True,0.4062472581863403,0.3924479,34088
clean,0,4,4,True,0.5489981174468994,0.51832134,47576
clean,0,1,1,True,0.9799116253852844,0.9731602,34673
clean,0,4,7,False,0.335259348154068,0.32118714,37069
clean,0,0,0,True,0.9976370334625244,0.9959941,45457
clean,0,2,2,True,0.9583193063735962,0.94538265,32480
clean,0,3,3,True,0.8953558802604675,0.86820453,12076
clean,0,0,2,False,0.2607259154319763,0.2521887,10674
clean,0,0,0,True,0.9959329962730408,0.99348676,26007
clean,0,2,4,False,0.5148618817329407,0.5029582,29501
clean,0,3,5,False,0.6365500092506409,0.6024284,15794
clean,0,0,0,True,0.9855049252510072,0.9779758,48778
clean,0,9,9,True,0.9622886776924132,0.95104426,5974
clean,0,3,3,True,0.5064701437950134,0.5057957,14466
clean,0,3,9,False,0.5624203681945801,0.5354754,49944
clean,0,4,4,True,0.4390203356742859,0.4108243,28278
clean,0,6,2,False,0.685523271560669,0.6605043,19834
clean,0,2,2,True,0.7484339475631714,0.7197459,3446
clean,0,3,5,False,0.8217370510101318,0.7873774,45057
clean,0,5,5,True,0.8506426215171814,0.8262902,47218
clean,0,0,2,False,0.7757648229598999,0.7561756,49263
clean,0,6,6,True,0.9976119995117188,0.9960024,17019
clean,0,3,3,True,0.6313611268997192,0.591583,29923
clean,0,0,0,True,0.6995732188224792,0.67579836,14210
clean,0,7,7,True,0.5905846953392029,0.57055956,20030
clean,0,7,7,True,0.7500136494636536,0.72321826,12099
clean,0,4,4,True,0.8518062829971313,0.8300554,49805
clean,0,5,5,True,0.9212175607681274,0.9061435,40776
clean,0,9,9,True,0.9776755571365356,0.9701983,41885
clean,0,5,5,True,0.6480055451393127,0.61528367,37218
clean,0,5,5,True,0.6229792237281799,0.5922902,3949
clean,0,1,9,False,0.9001163244247437,0.88059825,26065
clean,0,8,8,True,0.9957160353660583,0.9932012,24766
clean,0,1,1,True,0.9461119771003724,0.93391025,24008
clean,0,3,3,True,0.985554337501526,0.9785212,36159
clean,0,9,9,True,0.8978513479232788,0.868279,19122
clean,0,0,0,True,0.863209068775177,0.8458041,28733
clean,0,7,7,True,0.9997450709342957,0.9994985,1900
clean,0,7,7,True,0.9595261812210084,0.94321615,49738
clean,0,6,5,False,0.4358361959457397,0.42147604,44883
clean,0,5,5,True,0.8691517114639282,0.84418744,18003
clean,0,2,2,True,0.9986720085144044,0.99774444,27743
clean,0,2,6,False,0.7075305581092834,0.6740317,46457
clean,0,1,1,True,0.9999538660049438,0.9999033,42753
clean,0,1,9,False,0.9810813069343568,0.9741451,18438
clean,0,9,9,True,0.9587295055389404,0.94274753,22009
clean,0,1,1,True,0.9991881251335144,0.9985549,3907
clean,0,2,2,True,0.9843643307685852,0.9768925,46527
clean,0,6,6,True,0.999984622001648,0.999962,20310
clean,0,4,4,True,0.3470427095890045,0.33535844,3868
clean,0,6,6,True,0.9812182188034058,0.97306234,32396
clean,0,9,9,True,0.9980936646461488,0.9969349,26152
clean,0,2,2,True,0.986973226070404,0.9806533,9635
clean,0,0,0,True,0.999360978603363,0.99878186,37432
clean,0,8,8,True,0.8522385358810425,0.8202325,47945
clean,0,0,0,True,0.99935382604599,0.99878246,24983
clean,0,8,8,True,0.9997724890708924,0.9995652,41413
clean,0,2,2,True,0.990522027015686,0.9853211,22797
clean,0,2,2,True,0.9883148670196532,0.9825958,39492
clean,0,6,6,True,0.9999982118606568,0.999995,3122
clean,0,2,2,True,0.4011824429035187,0.38738507,7878
clean,0,6,6,True,0.9696092009544371,0.9584379,47115
clean,0,9,9,True,0.8218426704406738,0.8045208,118
clean,0,0,0,True,0.994274079799652,0.99090296,44035
clean,0,2,5,False,0.6001769304275513,0.5658385,14774
clean,0,2,2,True,0.9616565704345704,0.9479643,108
clean,0,2,3,False,0.4942026734352112,0.48453864,27131
clean,0,9,9,True,0.888113796710968,0.8659663,24078
clean,0,1,1,True,0.8261759281158447,0.80339164,21627
clean,0,8,8,True,0.9948884844779968,0.99217635,29287
clean,0,0,0,True,0.9953513145446776,0.9926721,19894
clean,0,4,4,True,0.8387704491615295,0.8092654,27258
clean,0,1,1,True,0.9980484247207642,0.99690187,43818
clean,0,0,3,False,0.523418128490448,0.5048637,27533
clean,0,9,9,True,0.9996660947799684,0.9993672,19432
clean,0,0,0,True,0.9387036561965942,0.92164177,19945
clean,0,4,4,True,0.4927325546741485,0.46974033,38895
clean,0,8,8,True,0.9963611960411072,0.9941385,41864
clean,0,9,9,True,0.9938570857048036,0.99106884,17240
clean,0,7,7,True,0.9404512643814088,0.9219953,9939
clean,0,6,6,True,0.9922329187393188,0.98783886,12459
clean,0,6,6,True,0.9999419450759888,0.9998779,2100
clean,0,9,9,True,0.9993815422058104,0.99889344,25647
clean,0,8,8,True,0.981006383895874,0.972815,44384
clean,0,3,3,True,0.6560719013214111,0.63591796,14340
clean,0,8,8,True,0.9912283420562744,0.9874834,379
clean,0,8,1,False,0.5942274928092957,0.5719369,35236
clean,0,1,1,True,0.9902868270874025,0.9863608,13774
clean,0,5,5,True,0.8874683380126953,0.8708643,22912
clean,0,6,6,True,0.9052037000656128,0.8781667,14241
clean,0,2,2,True,0.5614989399909973,0.5323293,31063
clean,0,6,6,True,0.9952557682991028,0.99258053,32248
clean,0,0,0,True,0.9487231373786926,0.93296236,38748
clean,0,6,6,True,0.9958499670028688,0.99325484,48214
clean,0,8,1,False,0.4897798895835876,0.4793201,13868
clean,0,1,1,True,0.9979401230812072,0.9967325,38278
clean,0,1,1,True,0.7616002559661865,0.74546623,44499
clean,0,2,2,True,0.9563153386116028,0.94191104,30700
clean,0,4,4,True,0.8904789090156555,0.8643134,22544
clean,0,0,0,True,0.9739879965782166,0.96310824,18659
clean,0,7,7,True,0.9985983967781068,0.99748623,39494
clean,0,4,4,True,0.9949883818626404,0.9921262,9685
clean,0,9,9,True,0.9998693466186525,0.9997173,34285
clean,0,7,7,True,0.5812498927116394,0.5643445,32187
clean,0,9,9,True,0.8901429772377014,0.86220413,49842
clean,0,6,0,False,0.5902017951011658,0.56754977,32060
clean,0,8,8,True,0.9994088411331176,0.99892753,9682
clean,0,9,9,True,0.9939128756523132,0.9908755,25965
clean,0,1,1,True,0.986682951450348,0.9815291,13327
clean,0,9,9,True,0.8746223449707031,0.85535467,5776
clean,0,8,8,True,0.8842318058013916,0.85995454,39069
clean,0,7,7,True,0.8840945363044739,0.8565937,3150
clean,0,1,1,True,0.9999436140060424,0.9998834,2828
clean,0,3,5,False,0.5334168076515198,0.50978494,15313
clean,0,6,3,False,0.4909473955631256,0.47326195,18988
clean,0,6,6,True,0.9123674035072328,0.8904027,28501
clean,0,3,6,False,0.7335140109062195,0.71387804,31383
clean,0,4,4,True,0.8345173001289368,0.8107699,40023
clean,0,4,4,True,0.9128404855728148,0.8950851,21364
clean,0,8,8,True,0.9687269926071168,0.958989,3516
clean,0,8,8,True,0.7593361139297485,0.7222651,14901
clean,0,5,2,False,0.7683573365211487,0.7405148,37369
clean,0,8,9,False,0.6034473180770874,0.57510144,31537
clean,0,4,4,True,0.9473768472671508,0.93180084,9276
clean,0,0,0,True,0.9969562292099,0.9953204,23163
clean,0,3,0,False,0.4498689770698547,0.4232165,7469
clean,0,2,2,True,0.9578997492790222,0.9422141,17749
clean,0,1,1,True,0.7088018655776978,0.69026244,16549
clean,0,7,7,True,0.9664231538772584,0.95420665,30199
clean,0,7,7,True,0.99459570646286,0.9917828,10028
clean,0,5,5,True,0.995086133480072,0.99261075,38140
clean,0,0,0,True,0.9992493987083436,0.9986173,9533
clean,0,8,8,True,0.8522103428840637,0.8328263,15630
clean,0,4,4,True,0.2683887779712677,0.26052177,48488
clean,0,0,0,True,0.9834746718406676,0.9774483,35835
clean,0,8,8,True,0.923985242843628,0.90854806,1404
clean,0,8,8,True,0.6457071304321289,0.62043744,47999
clean,0,9,9,True,0.8275284767150879,0.79666376,18779
clean,0,6,6,True,0.9233672618865968,0.90094405,7172
clean,0,5,5,True,0.974568009376526,0.9668832,23906
clean,0,5,3,False,0.251913458108902,0.24461062,10831
clean,0,1,1,True,0.982677400112152,0.9758101,49569
clean,0,8,8,True,0.6075069308280945,0.5895645,17560
clean,0,6,6,True,0.9992576241493224,0.9986413,42529
clean,0,2,2,True,0.9999635219573976,0.9999198,6448
clean,0,8,8,True,0.4579748511314392,0.44155973,6459
clean,0,8,8,True,0.4730261564254761,0.45531416,10099
clean,0,0,0,True,0.9960575103759766,0.99355245,7344
clean,0,6,6,True,0.575001060962677,0.563435,20666
clean,0,5,5,True,0.817842423915863,0.7922689,6154
clean,0,8,8,True,0.5358932614326477,0.4957863,36783
clean,0,5,5,True,0.9953395128250122,0.99280375,9264
clean,0,3,5,False,0.5632189512252808,0.5345162,3551
clean,0,4,3,False,0.5797915458679199,0.54404855,10282
clean,0,4,4,True,0.8528977036476135,0.8206182,1937
clean,0,6,6,True,0.7953364849090576,0.77149385,27606
clean,0,3,3,True,0.3178946673870086,0.30125028,47819
clean,0,0,0,True,0.915753185749054,0.8962754,19106
clean,0,9,0,False,0.5834919214248657,0.55387586,28701
clean,0,3,3,True,0.6802584528923035,0.6370335,47681
clean,0,3,3,True,0.617404043674469,0.5971196,28597
clean,0,3,5,False,0.8344084024429321,0.80772376,17650
clean,0,5,5,True,0.9318540692329408,0.91452426,23437
clean,0,3,5,False,0.6742709875106812,0.66154957,18072
clean,0,9,9,True,0.9999059438705444,0.9998122,26659
clean,0,3,3,True,0.9657545685768129,0.9538809,42189
clean,0,0,0,True,0.990406572818756,0.9861888,39026
clean,0,4,6,False,0.7312320470809937,0.7003356,13803
clean,0,5,5,True,0.9577897191047668,0.94680053,49118
clean,0,1,1,True,0.8312486410140991,0.81348765,41087
clean,0,2,2,True,0.7672632336616516,0.7303848,28545
clean,0,4,4,True,0.4778979122638702,0.46574774,32692
clean,0,6,6,True,0.7523267865180969,0.7274699,38583
clean,0,8,8,True,0.9131188988685608,0.8933458,9627
clean,0,4,4,True,0.968837320804596,0.95773673,520
clean,0,5,5,True,0.6662819385528564,0.6300708,25875
clean,0,2,0,False,0.882615864276886,0.8571855,43216
clean,0,6,6,True,0.9991666078567504,0.9984725,30603
clean,0,5,5,True,0.8972659111022949,0.8715185,48444
clean,0,4,6,False,0.3756578862667084,0.35786238,22698
clean,0,4,5,False,0.7808035016059875,0.7457149,22617
clean,0,7,7,True,0.9855791330337524,0.9792742,6287
clean,0,5,3,False,0.5515959858894348,0.5411019,4467
clean,0,2,5,False,0.7426038384437561,0.7195484,44758
clean,0,3,5,False,0.4799409806728363,0.4604582,44127
clean,0,2,9,False,0.4220328330993652,0.39604843,14135
clean,0,2,2,True,0.8825420141220093,0.8546362,20563
clean,0,7,0,False,0.358139157295227,0.34161022,2960
clean,0,9,3,False,0.6397125720977783,0.5944916,15838
clean,0,9,9,True,0.9932340979576112,0.99022186,8245
clean,0,8,8,True,0.9970130920410156,0.99539584,10917
clean,0,1,1,True,0.9999716281890868,0.9999373,5885
clean,0,2,2,True,0.5707395076751709,0.5593368,3944
clean,0,5,5,True,0.9201189875602722,0.90451324,42256
clean,0,8,6,False,0.665229856967926,0.62952226,26246
clean,0,5,5,True,0.5467962026596069,0.53529435,44223
clean,0,5,5,True,0.9938459992408752,0.99087334,30099
clean,0,1,1,True,0.9753279089927672,0.9658679,41296
clean,0,2,2,True,0.9947899580001832,0.991884,31275
clean,0,3,2,False,0.3374575078487396,0.32541052,49131
clean,0,4,4,True,0.9756744503974916,0.9659096,21341
clean,0,3,5,False,0.8417261838912964,0.816775,25211
clean,0,0,0,True,0.993375599384308,0.9892545,47483
clean,0,9,9,True,0.9909958243370056,0.98682004,25009
clean,0,2,2,True,0.988100528717041,0.98190445,39931
clean,0,4,4,True,0.4727287292480469,0.4507641,30250
clean,0,1,1,True,0.9956921935081482,0.9930224,21651
clean,0,8,8,True,0.9998540878295898,0.9997085,36146
clean,0,0,0,True,0.977438747882843,0.9675633,48971
clean,0,7,7,True,0.8838552832603455,0.8594923,7621
clean,0,8,8,True,0.9896475672721864,0.98477215,10610
clean,0,6,6,True,0.9667606353759766,0.95403117,2519
clean,0,0,0,True,0.9997864365577698,0.9995976,29641
clean,0,9,9,True,0.9993595480918884,0.9987797,39586
clean,0,7,4,False,0.3736090660095215,0.3600739,4107
clean,0,4,4,True,0.9758553504943848,0.96593314,1746
clean,0,3,3,True,0.5980545878410339,0.59087485,18954
clean,0,2,2,True,0.9249279499053956,0.901904,27865
clean,0,0,0,True,0.9970442652702332,0.9949799,33509
clean,0,3,5,False,0.5815197825431824,0.55876034,7651
clean,0,6,6,True,0.950113832950592,0.93589777,16545
clean,0,1,1,True,0.992806911468506,0.9888995,43297
clean,0,8,8,True,0.9940564632415771,0.9908689,41988
clean,0,7,7,True,0.9997814297676086,0.99958223,19821
clean,0,6,6,True,0.9439455270767212,0.92731345,13101
clean,0,6,6,True,0.9977794289588928,0.9962368,29216
clean,0,5,3,False,0.4592308402061462,0.44262034,26680
clean,0,4,4,True,0.9409379959106444,0.9236479,29070
clean,0,6,6,True,0.9946051239967346,0.9909932,13367
clean,0,1,1,True,0.9259664416313172,0.90363693,29794
clean,0,3,3,True,0.854283332824707,0.8175936,32297
clean,0,0,0,True,0.9667469263076782,0.9570005,40125
clean,0,2,2,True,0.9740787148475648,0.96214783,37686
clean,0,9,9,True,0.7569840550422668,0.7349225,40774
clean,0,3,3,True,0.6641402840614319,0.637397,45691
clean,0,3,2,False,0.4227544665336609,0.39851728,33546
clean,0,0,0,True,0.8326149582862854,0.8151779,9292
clean,0,6,2,False,0.347382515668869,0.33481076,409
clean,0,8,8,True,0.9994469285011292,0.99894625,49253
clean,0,7,7,True,0.9995875954627992,0.9992163,8315
clean,0,0,0,True,0.9997476935386658,0.999493,10148
clean,0,5,2,False,0.4892334938049316,0.46220243,42344
clean,0,8,0,False,0.6414092779159546,0.60394996,48273
clean,0,8,8,True,0.3652598857879638,0.35437647,28323
clean,0,9,9,True,0.998050332069397,0.9966965,35382
clean,0,0,0,True,0.9215139746665956,0.89704937,4673
clean,0,4,4,True,0.9603248834609984,0.94664055,17147
clean,0,9,9,True,0.9954627156257628,0.9926449,4845
clean,0,7,7,True,0.9743695855140686,0.96367115,12243
clean,0,0,0,True,0.9990930557250975,0.9984504,34715
clean,0,5,5,True,0.8726630806922913,0.8456702,46638
clean,0,2,2,True,0.9521353840827942,0.94046414,6757
clean,0,2,6,False,0.9869710206985474,0.980664,24694
clean,0,7,7,True,0.9697815179824828,0.9579792,46067
clean,0,2,2,True,0.9942030310630798,0.99062705,30139
clean,0,0,3,False,0.4698399007320404,0.43828055,41274
clean,0,2,2,True,0.987097442150116,0.9809233,29033
clean,0,0,0,True,0.8348557353019714,0.80849874,7865
clean,0,9,9,True,0.999991536140442,0.9999789,43648
clean,0,7,7,True,0.9858470559120178,0.97989047,12402
clean,0,5,3,False,0.4146940112113952,0.40406927,46510
clean,0,3,5,False,0.9046054482460022,0.8885338,22030
clean,0,4,4,True,0.9957905411720276,0.9931919,37025
clean,0,3,3,True,0.5053796172142029,0.48491672,40216
clean,0,8,8,True,0.9944801330566406,0.99165666,22514
clean,0,3,3,True,0.7466912865638733,0.71078634,29395
clean,0,3,5,False,0.6520563364028931,0.6411902,28437
clean,0,5,5,True,0.7773515582084656,0.75435305,38313
clean,0,2,4,False,0.4952073693275451,0.4626912,35834
clean,0,5,5,True,0.9619314670562744,0.9503496,1156
clean,0,1,1,True,0.8673897981643677,0.8414673,34911
clean,0,4,5,False,0.8582167029380798,0.82957345,44703
clean,0,6,6,True,0.932616889476776,0.9127821,31820
clean,0,8,8,True,0.99997079372406,0.9999342,1399
clean,0,3,2,False,0.3321804702281952,0.3204462,30708
clean,0,3,3,True,0.5313624739646912,0.50691766,44390
clean,0,2,5,False,0.5907498002052307,0.57483083,23642
clean,0,9,9,True,0.9882756471633912,0.9823501,14170
clean,0,0,0,True,0.979037880897522,0.97215974,7527
clean,0,6,6,True,0.9975281357765198,0.9958652,30390
clean,0,1,1,True,0.9672823548316956,0.9578034,38646
clean,0,5,3,False,0.5835058689117432,0.57574797,21598
clean,0,0,0,True,0.671017587184906,0.6281798,12079
clean,0,2,2,True,0.8148753643035889,0.7862673,39882
clean,0,1,1,True,0.991882026195526,0.98751616,5460
clean,0,4,4,True,0.8333474397659302,0.8050212,14440
clean,0,0,0,True,0.9999467134475708,0.9998795,25696
clean,0,6,2,False,0.8157634139060974,0.7828637,38866
clean,0,0,0,True,0.859840452671051,0.8347523,41131
clean,0,8,0,False,0.6723769903182983,0.6347514,34419
clean,0,6,6,True,0.998095452785492,0.99678254,29383
clean,0,2,2,True,0.96207457780838,0.9473471,9589
clean,0,8,8,True,0.9505347609519958,0.93624234,20228
clean,0,7,7,True,0.8325841426849365,0.7990654,31876
clean,0,2,2,True,0.5825007557868958,0.5526143,41199
clean,0,2,2,True,0.821319043636322,0.79127395,31090
clean,0,1,1,True,0.99505215883255,0.992502,25842
clean,0,0,0,True,0.4726570248603821,0.4567867,41220
clean,0,6,5,False,0.5871595144271851,0.56011045,49550
clean,0,3,5,False,0.5481705069541931,0.544057,229
clean,0,5,5,True,0.9926936626434326,0.9893882,26751
clean,0,0,8,False,0.4216828644275665,0.39941356,29620
clean,0,7,7,True,0.9915875792503356,0.9877939,1858
clean,0,4,2,False,0.5757340788841248,0.551988,35601
clean,0,9,9,True,0.8156871199607849,0.7980562,28624
clean,0,0,0,True,0.9193387031555176,0.8985538,4338
clean,0,6,6,True,0.9995960593223572,0.9992537,19877
clean,0,7,4,False,0.2775151431560516,0.26627666,25916
clean,0,4,7,False,0.3302465975284576,0.3152194,660
clean,0,8,8,True,0.9908514618873596,0.9863478,8180
clean,0,8,8,True,0.9998286962509156,0.99967206,45386
clean,0,7,7,True,0.9749596118927002,0.9660855,7725
clean,0,9,9,True,0.9999558925628662,0.9999032,23287
clean,0,1,1,True,0.9882185459136964,0.9824035,29176
clean,0,0,0,True,0.9843616485595704,0.9764325,45339
clean,0,9,9,True,0.9998018145561218,0.9996012,41128
clean,0,9,9,True,0.9998339414596558,0.9996829,5320
clean,0,3,3,True,0.4826674163341522,0.477837,27424
clean,0,4,4,True,0.971479594707489,0.9603215,4263
clean,0,1,1,True,0.9989863038063048,0.9982796,13239
clean,0,7,7,True,0.9632570743560792,0.9494795,39582
clean,0,1,1,True,0.7929496765136719,0.7720315,27802
clean,0,9,9,True,0.9997108578681946,0.99942017,27995
clean,0,6,6,True,0.969054400920868,0.95827687,20887
clean,0,1,1,True,0.969900906085968,0.9603008,31988
clean,0,8,8,True,0.9934271574020386,0.990094,49479
clean,0,1,1,True,0.9924443364143372,0.98916864,6896
clean,0,9,8,False,0.593256413936615,0.5809078,26888
clean,0,4,6,False,0.928507685661316,0.90867287,37901
clean,0,4,4,True,0.9819228053092957,0.9742173,19462
clean,0,1,1,True,0.7272561192512512,0.7055803,2153
clean,0,4,4,True,0.989267647266388,0.9843919,21649
clean,0,5,5,True,0.8724555969238281,0.84469897,3005
clean,0,2,2,True,0.7889164686203003,0.76007915,15705
clean,0,7,7,True,0.9898186326026917,0.9845576,44702
clean,0,7,7,True,0.996155083179474,0.99375916,49592
clean,0,6,6,True,0.9882076382637024,0.9823476,10001
clean,0,2,2,True,0.3373180627822876,0.32786307,20051
clean,0,0,0,True,0.6697773933410645,0.63684666,32090
clean,0,7,7,True,0.98827862739563,0.98264503,21441
clean,0,2,2,True,0.6672999858856201,0.6430872,21145
clean,0,6,6,True,0.9984398484230042,0.9972818,44393
clean,0,0,0,True,0.9966511130332948,0.99448276,37870
clean,0,9,9,True,0.998339295387268,0.99697614,3424
clean,0,6,6,True,0.9514188766479492,0.9371823,44695
clean,0,7,7,True,0.9998262524604796,0.99965835,42951
clean,0,2,2,True,0.997111201286316,0.99528617,1753
clean,0,7,7,True,0.7783563137054443,0.74145025,28023
clean,0,5,5,True,0.9943152070045472,0.99138665,10668
clean,0,4,0,False,0.4221585988998413,0.3950612,40739
clean,0,8,8,True,0.6774554252624512,0.6621134,28066
clean,0,0,0,True,0.6924992203712463,0.658529,13473
clean,0,1,1,True,0.7167719006538391,0.70168704,3064
clean,0,4,4,True,0.97525817155838,0.9650907,25313
clean,0,9,9,True,0.9995057582855223,0.9991239,28207
clean,0,9,3,False,0.3654417991638183,0.35167232,12709
clean,0,5,6,False,0.8835391402244568,0.8586011,46597
clean,0,9,9,True,0.7282711267471313,0.70576185,36309
clean,0,7,7,True,0.9969158172607422,0.9951415,45540
clean,0,9,9,True,0.9998238682746888,0.99964833,34078
clean,0,9,9,True,0.99994957447052,0.9998901,643
clean,0,3,3,True,0.7912906408309937,0.7698798,33801
clean,0,4,4,True,0.4046483933925628,0.3900328,45092
clean,0,0,0,True,0.9269044995307922,0.905087,42298
clean,0,8,6,False,0.3362634778022766,0.32253423,40429
clean,0,1,1,True,0.8645216822624207,0.8408134,44520
clean,0,7,7,True,0.6551140546798706,0.61737823,30255
clean,0,4,2,False,0.3292720317840576,0.31448004,33507
clean,0,9,1,False,0.6050182580947876,0.5867284,22950
clean,0,9,9,True,0.3960199952125549,0.37656572,46687
clean,0,4,7,False,0.5969483852386475,0.5700867,13882
clean,0,7,7,True,0.9722865223884584,0.9636664,20357
clean,0,6,6,True,0.9976662397384644,0.99608046,38659
clean,0,4,4,True,0.9786611795425416,0.9695911,42375
clean,0,0,0,True,0.9958154559135436,0.99352723,33584
clean,0,1,1,True,0.99457186460495,0.9920311,13037
clean,0,2,7,False,0.2786519825458526,0.26563704,17138
clean,0,1,1,True,0.9999510049819946,0.99989164,41138
clean,0,8,8,True,0.7402446269989014,0.7061693,20000
clean,0,9,5,False,0.7764827013015747,0.74612296,38986
clean,0,3,5,False,0.4918253719806671,0.48503098,28488
clean,0,1,1,True,0.9912779331207277,0.9876016,22658
clean,0,7,7,True,0.99995756149292,0.99990296,38803
clean,0,8,8,True,0.6914713382720947,0.64593875,8700
clean,0,1,1,True,0.6783990859985352,0.6375652,24665
clean,0,6,6,True,0.9994019269943236,0.9989004,35240
clean,0,5,5,True,0.9620842933654784,0.94742465,3471
clean,0,6,6,True,0.8905775547027588,0.8633288,33212
clean,0,6,6,True,0.9732894897460938,0.96371335,33251
clean,0,5,5,True,0.7327375411987305,0.7041139,13911
clean,0,5,3,False,0.6349108815193176,0.6176088,7117
clean,0,2,2,True,0.4571175575256347,0.44787538,38129
clean,0,1,1,True,0.9969586133956908,0.99531144,24263
clean,0,5,5,True,0.9903994202613832,0.9856779,13721
clean,0,9,9,True,0.940857231616974,0.92479944,29978
clean,0,7,0,False,0.652127742767334,0.62073815,7989
clean,0,0,0,True,0.9325633645057678,0.911305,1097
clean,0,4,4,True,0.9651212692260742,0.9521166,47228
clean,0,0,0,True,0.7140965461730957,0.6989494,448
clean,0,7,7,True,0.9756558537483216,0.96660167,39962
clean,0,3,5,False,0.868279218673706,0.8502304,12823
clean,0,9,9,True,0.9999115467071532,0.9998074,4335
clean,0,5,5,True,0.9563804268836976,0.941727,3174
clean,0,2,2,True,0.2042700946331024,0.19818604,21476
clean,0,3,9,False,0.4166456162929535,0.3973042,37095
clean,0,6,0,False,0.7726431488990784,0.73787516,24722
clean,0,8,8,True,0.9840346574783324,0.97643346,15276
clean,0,2,5,False,0.3602828085422516,0.34098554,9463
clean,0,2,2,True,0.9966927766799928,0.9946207,30572
clean,0,2,5,False,0.5773417949676514,0.54721904,6805
clean,0,1,9,False,0.9603511691093444,0.9468998,21848
clean,0,9,9,True,0.9506297707557678,0.9342573,6264
clean,0,7,2,False,0.7215667366981506,0.69487286,32673
clean,0,9,9,True,0.8698230385780334,0.8370538,20462
clean,0,1,1,True,0.9991692304611206,0.9984913,20595
clean,0,3,8,False,0.971738576889038,0.95979005,40891
clean,0,4,4,True,0.7788459658622742,0.7493456,37171
clean,0,6,7,False,0.4786640107631683,0.44727424,41707
clean,0,1,1,True,0.8432099223136902,0.813676,20994
clean,0,0,0,True,0.8509413599967957,0.82590896,37066
clean,0,2,2,True,0.990782916545868,0.9863302,14063
clean,0,2,2,True,0.8468120098114014,0.82958955,11137
clean,0,1,1,True,0.9999990463256836,0.9999974,17457
clean,0,1,1,True,0.997012495994568,0.9952691,47470
clean,0,9,9,True,0.9999221563339232,0.99983406,19674
clean,0,6,6,True,0.9997281432151794,0.9994924,42742
clean,0,5,5,True,0.9186527729034424,0.8979635,18743
clean,0,7,7,True,0.9986602067947388,0.9977848,37787
clean,0,2,2,True,0.8502455949783325,0.82846284,5064
clean,0,2,2,True,0.6311972737312317,0.6070902,43959
clean,0,4,4,True,0.999744713306427,0.99948585,11925
clean,0,1,9,False,0.9771291613578796,0.9700141,12150
clean,0,1,1,True,0.9969743490219116,0.9953288,25685
clean,0,5,5,True,0.9953022003173828,0.9926162,40481
clean,0,6,6,True,0.9995218515396118,0.99908507,35848
clean,0,6,6,True,0.9641234874725342,0.95138466,48184
clean,0,4,4,True,0.6941518783569336,0.66058886,21789
clean,0,2,2,True,0.9997920393943788,0.99957556,30475
clean,0,3,3,True,0.5862976908683777,0.57996595,26736
clean,0,1,1,True,0.9834020137786864,0.97744215,44526
clean,0,1,1,True,0.9995999932289124,0.9992693,11585
clean,0,6,6,True,0.9994834661483764,0.99905485,4417
clean,0,8,8,True,0.986850917339325,0.98182124,11207
clean,0,2,2,True,0.7255458831787109,0.68902946,37969
clean,0,5,5,True,0.9761250615119934,0.9684978,28299
clean,0,2,4,False,0.9285224676132202,0.90800077,673
clean,0,2,2,True,0.8251013159751892,0.79308826,12753
clean,0,0,0,True,0.8810731768608093,0.85323864,37504
clean,0,8,8,True,0.9942607879638672,0.9914669,987
clean,0,9,9,True,0.9999409914016724,0.99987185,21506
clean,0,9,9,True,0.9610530138015748,0.9502223,16262
clean,0,8,8,True,0.9829691052436828,0.9758833,221
clean,0,2,0,False,0.5722169280052185,0.56599563,42450
clean,0,7,7,True,0.6544754505157471,0.6183636,39304
clean,0,5,5,True,0.9930925369262696,0.98996615,14896
clean,0,8,2,False,0.6979720592498779,0.67163813,9527
clean,0,5,5,True,0.999019742012024,0.9983577,24128
clean,0,1,1,True,0.9996066689491272,0.9992943,454
clean,0,4,3,False,0.7104055285453796,0.66358167,46077
clean,0,4,0,False,0.597894549369812,0.55739236,42072
clean,0,4,4,True,0.813232958316803,0.79225355,3957
clean,0,7,7,True,0.8194411396980286,0.7822302,24988
clean,0,9,9,True,0.6046229600906372,0.5756169,40117
clean,0,3,5,False,0.6119948029518127,0.5918341,7412
clean,0,2,2,True,0.7102948427200317,0.6769141,2193
clean,0,7,7,True,0.9572114944458008,0.9445301,8187
clean,0,0,0,True,0.7298671007156372,0.69671464,34313
clean,0,1,1,True,0.8440098762512207,0.8193212,30050
clean,0,7,5,False,0.4934713244438171,0.48259833,15157
clean,0,3,6,False,0.6666616797447205,0.6387765,48524
clean,0,5,5,True,0.9977684020996094,0.99648464,47621
clean,0,7,5,False,0.3537670075893402,0.34184858,26343
clean,0,0,0,True,0.9363107085227966,0.9210334,5956
clean,0,6,6,True,0.9818037748336792,0.9734229,48941
clean,0,0,0,True,0.9995012283325196,0.99908614,11114
clean,0,8,8,True,0.9996236562728882,0.99931264,36798
clean,0,2,2,True,0.8510608673095703,0.8301669,18385
clean,0,4,6,False,0.6450022459030151,0.6233119,15537
clean,0,4,4,True,0.6259962320327759,0.60993326,934
clean,0,4,4,True,0.901609480381012,0.8801132,11930
clean,0,4,4,True,0.9893022179603576,0.98365223,17634
clean,0,0,0,True,0.9845566749572754,0.97731143,12807
clean,0,1,1,True,0.9998832941055298,0.9997707,49894
clean,0,2,5,False,0.63112872838974,0.60547566,46686
clean,0,0,0,True,0.9999271631240844,0.9998429,25270
clean,0,3,3,True,0.5168697834014893,0.50775605,47812
clean,0,3,3,True,0.9870300889015198,0.98045385,46805
clean,0,8,8,True,0.9370580315589904,0.9234406,9540
clean,0,5,3,False,0.50517737865448,0.48134404,11034
clean,0,0,0,True,0.9964808821678162,0.9944376,21930
clean,0,1,1,True,0.9572679400444032,0.94330215,29029
clean,0,1,9,False,0.6084212064743042,0.57037866,32787
clean,0,2,2,True,0.3485802114009857,0.33557892,23293
clean,0,9,9,True,0.8089479207992554,0.7809579,47637
clean,0,9,9,True,0.7859368920326233,0.75434095,10881
clean,0,3,5,False,0.7055320739746094,0.6744125,34703
clean,0,9,9,True,0.9998144507408142,0.99960536,39371
clean,0,8,8,True,0.9245336055755616,0.90293515,23351
clean,0,2,2,True,0.918170154094696,0.89721763,7209
clean,0,6,6,True,0.9653168320655824,0.95089734,15227
clean,0,5,5,True,0.8625372052192688,0.83592963,11525
clean,0,4,7,False,0.6214184761047363,0.59847075,3445
clean,0,2,5,False,0.3185743391513824,0.30735353,19376
clean,0,8,8,True,0.998387336730957,0.99717975,2857
clean,0,8,3,False,0.6288760900497437,0.60438514,1239
clean,0,8,8,True,0.9928770661354064,0.9887916,29490
clean,0,7,7,True,0.9925662279129028,0.98860323,12848
clean,0,7,7,True,0.9804623126983644,0.9712706,23402
clean,0,3,3,True,0.9657554626464844,0.95478994,47541
clean,0,0,0,True,0.9999619722366332,0.99991536,35042
clean,0,6,6,True,0.9998717308044434,0.99973327,20582
clean,0,4,4,True,0.9342504739761353,0.9164404,12094
clean,0,3,5,False,0.7210702300071716,0.70082045,31610
clean,0,7,7,True,0.977624535560608,0.9686576,32610
clean,0,0,0,True,0.8493024706840515,0.82399243,41234
clean,0,3,3,True,0.3682757914066314,0.35019118,6700
clean,0,5,5,True,0.7578829526901245,0.72295296,4862
clean,0,2,2,True,0.8943668007850647,0.8697765,20220
clean,0,7,7,True,0.9973078966140748,0.9955173,30651
clean,0,5,5,True,0.9960013031959534,0.9938983,35786
clean,0,3,3,True,0.7973184585571289,0.7751715,22891
clean,0,2,2,True,0.9970069527626038,0.9950923,28872
clean,0,6,6,True,0.9977774024009703,0.99646723,48203
clean,0,3,6,False,0.5612853169441223,0.53130174,47897
clean,0,0,0,True,0.9910983443260192,0.9867004,36737
clean,0,4,4,True,0.9313052296638488,0.91427845,17552
clean,0,7,4,False,0.673213005065918,0.6594596,12617
clean,0,4,7,False,0.6677350401878357,0.650864,30079
clean,0,5,5,True,0.7873690128326416,0.77048296,20991
clean,0,6,6,True,0.9997914433479308,0.9995807,26966
clean,0,7,7,True,0.9617713093757628,0.9466961,28721
clean,0,9,9,True,0.9843177795410156,0.97830003,47148
clean,0,2,5,False,0.3245475590229034,0.3108446,27325
clean,0,2,2,True,0.9999001026153564,0.9997812,25743
clean,0,9,9,True,0.995287537574768,0.9926966,37197
clean,0,7,7,True,0.8940354585647583,0.87490296,29272
clean,0,4,4,True,0.99297696352005,0.9895726,8368
clean,0,7,5,False,0.5333423018455505,0.51191646,28638
clean,0,5,5,True,0.9438835978507996,0.9314403,2240
clean,0,9,9,True,0.9997230172157288,0.9994912,12670
clean,0,4,4,True,0.8691131472587585,0.84045136,9915
clean,0,6,6,True,0.9042583107948304,0.8804373,7820
clean,0,2,2,True,0.8491947650909424,0.8254823,1752
clean,0,0,0,True,0.9993688464164734,0.99884415,25807
clean,0,3,0,False,0.3497799634933471,0.3330593,42789
clean,0,2,6,False,0.6523752212524414,0.627323,11934
clean,0,9,9,True,0.9976913928985596,0.9963176,11140
clean,0,7,7,True,0.9796978235244752,0.96957177,5842
clean,0,7,7,True,0.9846278429031372,0.97704345,11841
clean,0,4,7,False,0.4791891276836395,0.46232933,1022
clean,0,9,9,True,0.999892234802246,0.99977416,47121
clean,0,1,9,False,0.918400228023529,0.9029433,2186
clean,0,9,9,True,0.8924604654312134,0.8614142,27256
clean,0,6,6,True,0.5642524361610413,0.55363697,13838
clean,0,0,0,True,0.7769408226013184,0.7591688,46554
clean,0,5,5,True,0.992070972919464,0.98869264,13352
clean,0,0,0,True,0.994882583618164,0.9923804,3548
clean,0,1,1,True,0.9996477365493774,0.99936503,18907
clean,0,6,6,True,0.6360809803009033,0.60222644,10036
clean,0,0,0,True,0.9994940757751464,0.9990361,16214
clean,0,8,8,True,0.9678701758384703,0.9563145,38045
clean,0,8,8,True,0.847516655921936,0.8270043,11461
clean,0,5,5,True,0.9093486070632936,0.890307,33424
clean,0,9,9,True,0.984419882297516,0.9788558,42704
clean,0,8,8,True,0.6039064526557922,0.58373624,17799
clean,0,7,7,True,0.5996948480606079,0.57289255,388
clean,0,1,1,True,0.9999786615371704,0.9999528,427
clean,0,0,0,True,0.9914522171020508,0.9862067,12296
clean,0,6,4,False,0.5871835947036743,0.563574,37021
clean,0,2,3,False,0.4753648638725281,0.4528323,48251
clean,0,1,1,True,0.9955344200134276,0.9933136,10642
clean,0,2,7,False,0.8888499140739441,0.86060494,37713
clean,0,2,2,True,0.9730789661407472,0.96367383,34685
clean,0,7,5,False,0.6412542462348938,0.6101291,29664
clean,0,5,2,False,0.8367030024528503,0.80401486,10258
clean,0,0,0,True,0.994558334350586,0.9912663,45304
clean,0,6,2,False,0.8509430289268494,0.8235968,23697
clean,0,6,6,True,0.99778014421463,0.99638224,12788
clean,0,9,9,True,0.8737767338752747,0.8456662,27483
clean,0,4,4,True,0.9710238575935364,0.9597657,7295
clean,0,4,4,True,0.9682133197784424,0.954374,38033
clean,0,9,9,True,0.7943990230560303,0.7570738,4150
clean,0,7,7,True,0.9970940351486206,0.9950959,12023
clean,0,2,2,True,0.9542121887207032,0.94094867,27676
clean,0,9,9,True,0.997853696346283,0.9965905,6052
clean,0,4,4,True,0.3175663948059082,0.30525765,34699
clean,0,2,2,True,0.9943234920501708,0.99105185,39222
clean,0,3,3,True,0.9829522371292114,0.9761723,4475
clean,0,4,2,False,0.3720912933349609,0.36195695,47139
clean,0,6,6,True,0.9316000938415528,0.911295,26841
clean,0,0,0,True,0.9562734961509703,0.9412201,27516
clean,0,5,5,True,0.9982888102531432,0.99703443,8502
clean,0,3,3,True,0.6235365271568298,0.59767115,49619
clean,0,9,9,True,0.999705970287323,0.99943596,16664
clean,0,7,7,True,0.9671726822853088,0.9548893,43343
clean,0,1,1,True,0.9996241331100464,0.9993175,31830
clean,0,4,3,False,0.2527503371238708,0.2444026,36960
clean,0,3,9,False,0.4988459944725036,0.47062784,23083
clean,0,1,1,True,0.9979211688041688,0.9967019,18784
clean,0,9,9,True,0.7826632261276245,0.7522447,29025
clean,0,2,2,True,0.690597653388977,0.6681308,11286
clean,0,5,5,True,0.9143508672714232,0.89640623,8282
clean,0,7,7,True,0.9998363256454468,0.999684,9207
clean,0,7,7,True,0.999919891357422,0.99983156,18517
clean,0,7,7,True,0.9991679191589355,0.9985214,26916
clean,0,8,8,True,0.9806739091873168,0.97429425,19379
clean,0,6,6,True,0.9987040758132936,0.9976937,49496
clean,0,9,9,True,0.9994866847991944,0.9990476,17629
clean,0,7,7,True,0.9999804496765136,0.9999515,22792
clean,0,4,4,True,0.997389018535614,0.9956456,4773
clean,0,8,8,True,0.9983978867530824,0.99719006,14714
clean,0,1,1,True,0.9637642502784728,0.9526149,33650
clean,0,9,9,True,0.997564435005188,0.9961737,21745
clean,0,4,2,False,0.7369328141212463,0.6960962,447
clean,0,9,9,True,0.9997860789299012,0.99959904,15687
clean,0,6,6,True,0.969965159893036,0.9577678,27856
clean,0,8,8,True,0.7737867832183838,0.7548244,17012
clean,0,1,1,True,0.5346603989601135,0.531514,30014
clean,0,9,9,True,0.791808545589447,0.76471126,22629
clean,0,5,2,False,0.2788657248020172,0.27017915,48673
clean,0,6,6,True,0.9975634813308716,0.99602085,738
clean,0,2,2,True,0.9701812267303468,0.9588495,5219
clean,0,9,9,True,0.9999113082885742,0.9998186,23305
clean,0,3,3,True,0.503591775894165,0.49890977,36643
clean,0,9,1,False,0.7098613977432251,0.69567573,33729
clean,0,4,4,True,0.8796112537384033,0.8621847,25529
clean,0,1,1,True,0.3123438656330108,0.30838513,39474
clean,0,4,4,True,0.3133729994297027,0.3012286,45911
clean,0,1,1,True,0.9999852180480956,0.9999658,31512
clean,0,8,0,False,0.814102292060852,0.78146267,34655
clean,0,7,7,True,0.9800984859466552,0.97247744,37273
clean,0,1,1,True,0.9499470591545104,0.9340389,2431
clean,0,7,7,True,0.8043048977851868,0.77931833,5943
clean,0,9,9,True,0.99998676776886,0.9999684,48916
clean,0,9,9,True,0.8916752338409424,0.8711724,53
clean,0,3,0,False,0.5890122652053833,0.5570831,44808
clean,0,3,3,True,0.7824323773384094,0.7551172,18474
clean,0,4,4,True,0.9192624092102052,0.8964043,32822
clean,0,0,0,True,0.9313077926635742,0.9168045,38036
clean,0,9,9,True,0.4193911850452423,0.39031,39556
clean,0,8,0,False,0.9844383597373962,0.9773686,9068
clean,0,7,4,False,0.553463876247406,0.54098696,2278
clean,0,4,4,True,0.9296960234642028,0.9059613,21626
clean,0,0,0,True,0.5796392560005188,0.5410272,6260
clean,0,2,2,True,0.6124998927116394,0.58494157,8081
clean,0,8,8,True,0.9822047352790833,0.9747567,10475
clean,0,7,0,False,0.813923180103302,0.784867,10490
clean,0,5,2,False,0.6809263825416565,0.6469859,10758
clean,0,3,5,False,0.5416894555091858,0.52898246,39024
clean,0,9,8,False,0.7318121790885925,0.70528936,17784
clean,0,0,0,True,0.9998728036880492,0.9997297,32022
clean,0,1,1,True,0.999988317489624,0.99997294,47564
clean,0,2,2,True,0.95756995677948,0.94201183,40209
clean,0,4,4,True,0.5866302847862244,0.5563302,9147
clean,0,8,8,True,0.9980981945991516,0.99688953,12490
clean,0,6,6,True,0.9985989928245544,0.9975184,49433
clean,0,7,7,True,0.999894380569458,0.9997844,43892
clean,0,8,8,True,0.9998348951339722,0.9996575,43113
clean,0,0,9,False,0.958955943584442,0.94449234,4821
clean,0,5,3,False,0.5470648407936096,0.5236717,28659
clean,0,9,9,True,0.9995636343955994,0.99917907,18785
clean,0,7,7,True,0.9815573692321776,0.97356963,19278
clean,0,7,7,True,0.9604469537734984,0.94612116,256
clean,0,3,3,True,0.234902873635292,0.22551154,37584
clean,0,3,3,True,0.6800192594528198,0.66208315,2432
clean,0,6,2,False,0.4657840728759765,0.44599193,47792
clean,0,5,5,True,0.977764904499054,0.9697807,8674
clean,0,3,5,False,0.9755256175994872,0.96747166,10929
clean,0,1,1,True,0.9999899864196776,0.9999765,23646
clean,0,6,6,True,0.9609650373458862,0.9484001,929
clean,0,3,3,True,0.4971735179424286,0.46702898,37223
clean,0,1,1,True,0.9637944102287292,0.9542533,25405
clean,0,3,5,False,0.6757016777992249,0.6591084,17863
clean,0,7,7,True,0.9578666090965272,0.9424606,8698
clean,0,8,8,True,0.997075080871582,0.99526995,31717
clean,0,0,0,True,0.99801504611969,0.99669015,13382
clean,0,2,0,False,0.8755177855491638,0.8430791,46114
clean,0,5,5,True,0.920781433582306,0.9014456,9770
clean,0,4,4,True,0.9736871719360352,0.9623532,13828
clean,0,5,5,True,0.9757551550865172,0.96824217,26167
clean,0,3,3,True,0.3559952974319458,0.33865693,39897
clean,0,4,4,True,0.9983976483345032,0.9971937,30911
clean,0,0,9,False,0.6929612159729004,0.6725136,37250
clean,0,0,0,True,0.9627979397773744,0.9482844,35608
clean,0,9,9,True,0.6444327235221863,0.6281933,33958
clean,0,8,0,False,0.7534933090209961,0.73468393,46504
clean,0,7,7,True,0.889863908290863,0.86873376,4809
clean,0,4,4,True,0.5289072394371033,0.5059884,665
clean,0,6,6,True,0.7144379615783691,0.68550706,29108
clean,0,3,0,False,0.970121681690216,0.95709825,18362
clean,0,3,5,False,0.976375699043274,0.9690393,45330
clean,0,6,6,True,0.9975988268852234,0.9960037,42777
clean,0,3,5,False,0.6299369931221008,0.59804165,36264
clean,0,4,3,False,0.560579240322113,0.5363277,39244
clean,0,8,8,True,0.9324836730957032,0.91415447,24629
clean,0,4,2,False,0.5831031799316406,0.5716305,3761
clean,0,3,0,False,0.4332699179649353,0.40346336,41478
clean,0,8,8,True,0.6895871758460999,0.65217465,20727
clean,0,4,4,True,0.9718177318572998,0.9622902,9779
clean,0,8,8,True,0.9580923318862916,0.9442644,40614
clean,0,3,3,True,0.299959272146225,0.28953058,47801
clean,0,2,2,True,0.9314241409301758,0.9115382,15695
clean,0,7,7,True,0.9961382746696472,0.99371016,10623
clean,0,2,2,True,0.9999784231185912,0.9999466,39765
clean,0,6,6,True,0.5132739543914795,0.496784,44096
clean,0,5,5,True,0.977657675743103,0.97006154,32833
clean,0,6,6,True,0.99999737739563,0.9999925,34679
clean,0,0,0,True,0.9541433453559875,0.9406855,11732
clean,0,2,2,True,0.6894177198410034,0.6569744,9734
clean,0,1,1,True,0.861337423324585,0.83595234,28148
clean,0,9,9,True,0.9967479705810548,0.9949419,428
clean,0,2,2,True,0.9040047526359558,0.8771729,18588
clean,0,9,9,True,0.9991280436515808,0.9985195,18681
clean,0,4,3,False,0.5455072522163391,0.5355276,13363
clean,0,3,3,True,0.9299986958503724,0.91552275,19820
clean,0,7,4,False,0.585960328578949,0.5649306,43215
clean,0,9,9,True,0.9905670285224916,0.9866462,43311
clean,0,6,6,True,0.9960695505142212,0.9935314,35303
clean,0,5,5,True,0.6439104676246643,0.61517704,3028
clean,0,5,5,True,0.9894283413887024,0.98469955,32386
clean,0,2,2,True,0.9504676461219788,0.93311214,45334
clean,0,6,6,True,0.9992130994796752,0.99852633,12692
clean,0,5,5,True,0.9966940879821776,0.99484706,41997
clean,0,6,6,True,0.8908989429473877,0.8651464,42156
clean,0,7,7,True,0.9979704022407532,0.99660814,36399
clean,0,8,0,False,0.3629710376262665,0.34803933,37814
clean,0,0,0,True,0.989211082458496,0.9836404,6276
clean,0,0,0,True,0.8497896790504456,0.82913226,40476
clean,0,3,7,False,0.5411693453788757,0.51478875,41914
clean,0,4,4,True,0.937869131565094,0.92179596,34936
clean,0,3,3,True,0.6878158450126648,0.6610395,19808
clean,0,3,3,True,0.5544595122337341,0.5232801,22933
clean,0,6,6,True,0.8428096175193787,0.81200475,13619
clean,0,3,2,False,0.5104638934135437,0.49304017,6782
clean,0,3,2,False,0.6266434192657471,0.5954044,21402
clean,0,1,1,True,0.989816188812256,0.98572254,18495
clean,0,1,1,True,0.9892979860305786,0.9850639,34453
clean,0,2,2,True,0.9410653710365297,0.9201207,39683
clean,0,6,6,True,0.8975849151611328,0.8771684,5435
clean,0,8,8,True,0.9831055998802184,0.97483635,13929
clean,0,1,1,True,0.583519697189331,0.56856054,11971
clean,0,7,7,True,0.9967690706253052,0.9946795,9964
clean,0,3,3,True,0.8926765322685242,0.8687371,38292
clean,0,9,9,True,0.9998379945755004,0.9996859,20894
clean,0,2,2,True,0.7427787184715271,0.7103743,39976
clean,0,8,0,False,0.9384596943855286,0.9231436,19398
clean,0,7,5,False,0.556244969367981,0.5258958,7833
clean,0,2,2,True,0.8961371183395386,0.8680175,19473
clean,0,8,8,True,0.7588252425193787,0.73243695,31184
clean,0,3,0,False,0.4207563400268554,0.401092,40246
clean,0,4,4,True,0.9886942505836488,0.98292875,30794
clean,0,2,6,False,0.8005924224853516,0.7723749,19874
clean,0,5,2,False,0.3592385351657867,0.34932077,44300
clean,0,3,5,False,0.7792216539382935,0.75108767,28669
clean,0,5,5,True,0.8788278698921204,0.85883796,37598
clean,0,2,0,False,0.5447048544883728,0.53905326,9319
clean,0,4,4,True,0.71945720911026,0.6854852,30801
clean,0,2,2,True,0.8137727379798889,0.7797862,12819
clean,0,0,0,True,0.9989713430404664,0.99806315,20257
clean,0,4,4,True,0.49662846326828,0.46501234,7851
clean,0,2,2,True,0.4997349083423614,0.4803031,4014
clean,0,2,0,False,0.6583549380302429,0.6469324,48501
clean,0,7,7,True,0.8508633971214294,0.82027036,22222
clean,0,3,3,True,0.4931347072124481,0.46861014,44120
clean,0,1,1,True,0.9917538166046144,0.9881512,354
clean,0,6,6,True,0.9943302869796752,0.9908963,35332
clean,0,4,2,False,0.60263991355896,0.5708442,33725
clean,0,6,6,True,0.997637152671814,0.9961236,4077
clean,0,2,2,True,0.9995129108428956,0.9991208,36116
clean,0,5,3,False,0.5491731762886047,0.53271747,20982
clean,0,8,8,True,0.9892717599868774,0.98469245,27067
clean,0,6,6,True,0.9808117151260376,0.97234297,30031
clean,0,2,2,True,0.9613486528396606,0.9474539,38032
clean,0,8,8,True,0.5971857309341431,0.56213933,1282
clean,0,6,6,True,0.8608934879302979,0.8296738,7143
clean,0,6,6,True,0.9998981952667236,0.9997892,31487
clean,0,5,3,False,0.5140382051467896,0.49368414,6001
clean,0,1,1,True,0.9743674397468568,0.96670026,1079
clean,0,8,8,True,0.996187150478363,0.9938446,16988
clean,0,4,4,True,0.867641806602478,0.839083,43550
clean,0,3,3,True,0.9884888529777528,0.9831203,41137
clean,0,5,5,True,0.9647024869918824,0.95266634,19083
clean,0,0,0,True,0.9988000392913818,0.9979025,4774
clean,0,5,2,False,0.8946210741996765,0.866496,18281
clean,0,9,9,True,0.9999892711639404,0.9999734,34386
clean,0,1,1,True,0.9029192328453064,0.88638544,43398
clean,0,2,0,False,0.989639163017273,0.984106,20957
clean,0,8,8,True,0.9994994401931764,0.9990761,3503
clean,0,7,7,True,0.997720181941986,0.9961526,27672
clean,0,2,2,True,0.9670353531837464,0.9546828,43134
clean,0,2,2,True,0.9990553259849548,0.9982749,39661
clean,0,1,1,True,0.9999477863311768,0.99989104,3922
clean,0,1,5,False,0.5788074135780334,0.5409334,48528
clean,0,6,6,True,0.9969109892845154,0.9948042,5857
clean,0,4,5,False,0.7763161659240723,0.74563575,38972
clean,0,5,5,True,0.5332463979721069,0.5195247,13173
clean,0,2,2,True,0.9937155842781068,0.989794,2993
clean,0,8,0,False,0.8741962313652039,0.84446967,11529
clean,0,7,7,True,0.3986143469810486,0.38289946,14493
clean,0,4,4,True,0.5530058741569519,0.5309249,49699
clean,0,7,4,False,0.9238262176513672,0.90318567,46942
clean,0,5,5,True,0.5484996438026428,0.52518535,44792
clean,0,3,3,True,0.9249659776687622,0.9072572,49582
clean,0,1,1,True,0.9275782704353333,0.90551203,26519
clean,0,3,3,True,0.7935901880264282,0.7727226,11578
clean,0,9,9,True,0.9985365867614746,0.997603,22033
clean,0,4,4,True,0.9985950589179992,0.99766624,149
clean,0,6,6,True,0.9981814622879028,0.996999,4693
clean,0,5,5,True,0.9862209558486938,0.98111683,31856
clean,0,2,2,True,0.7305840253829956,0.69490916,48547
clean,0,1,1,True,0.9991992115974426,0.9986028,19054
clean,0,1,1,True,0.9996545314788818,0.9993691,2802
clean,0,1,9,False,0.7862378358840942,0.76890564,17205
clean,0,8,8,True,0.672167956829071,0.6551567,36295
clean,0,9,9,True,0.9999622106552124,0.9999192,10793
clean,0,5,5,True,0.6293524503707886,0.601488,29491
clean,0,8,8,True,0.9996379613876344,0.9993105,509
clean,0,2,2,True,0.9126165509223938,0.8976322,25626
clean,0,8,8,True,0.75467449426651,0.7373611,15367
clean,0,8,8,True,0.9899112582206726,0.9843791,13350
clean,0,3,3,True,0.3338794708251953,0.3213321,35976
clean,0,6,6,True,0.988012671470642,0.98171854,8033
clean,0,5,5,True,0.9910467267036438,0.98730034,20776
clean,0,4,7,False,0.4987033307552337,0.4936702,27468
clean,0,7,7,True,0.5563114285469055,0.5316646,42719
clean,0,6,3,False,0.6124841570854187,0.58479923,45976
clean,0,6,6,True,0.9999659061431884,0.9999225,13162
clean,0,6,6,True,0.9990718364715576,0.9983077,5374
clean,0,7,7,True,0.9937386512756348,0.9902345,35110
clean,0,4,4,True,0.9224770665168762,0.90041023,17914
clean,0,9,9,True,0.9585490822792052,0.9473042,18068
clean,0,6,6,True,0.972973644733429,0.9617745,45944
clean,0,0,0,True,0.981849730014801,0.97315806,31819
clean,0,6,6,True,0.3981078863143921,0.37870553,26432
clean,0,5,9,False,0.301634818315506,0.29400697,4878
clean,0,2,2,True,0.7132676839828491,0.6721642,31020
clean,0,6,6,True,0.996579110622406,0.99468815,40640
clean,0,0,0,True,0.999731719493866,0.9994598,10064
clean,0,8,9,False,0.367133229970932,0.35099578,43805
clean,0,3,3,True,0.5680181980133057,0.5416288,41989
clean,0,3,3,True,0.9031832814216614,0.876076,43554
clean,0,4,4,True,0.9498440027236938,0.9321134,20810
clean,0,0,0,True,0.9957621693611144,0.99351305,8695
clean,0,1,0,False,0.289963811635971,0.2741392,16256
clean,0,1,1,True,0.9884983897209167,0.9829844,29315
clean,0,7,4,False,0.4872376620769501,0.4781929,7885
clean,0,2,6,False,0.4168113172054291,0.40046132,46652
clean,0,6,6,True,0.5075668692588806,0.4850292,34898
clean,0,8,8,True,0.8271249532699585,0.7967461,29951
clean,0,9,9,True,0.9999195337295532,0.99983764,35974
clean,0,7,7,True,0.9999845027923584,0.9999633,12722
clean,0,7,7,True,0.8808020353317261,0.857978,1441
clean,0,8,8,True,0.9992341995239258,0.9986934,24760
clean,0,8,8,True,0.9995736479759216,0.9991879,13449
clean,0,6,6,True,0.999987006187439,0.99996746,43069
clean,0,4,6,False,0.6825460195541382,0.65569854,14634
clean,0,5,5,True,0.9057782292366028,0.8823788,45903
clean,0,3,5,False,0.7204629778862,0.69034255,48761
clean,0,2,2,True,0.9897032380104064,0.9841621,1727
clean,0,6,6,True,0.9193870425224304,0.90449816,27793
clean,0,8,8,True,0.9988935589790344,0.9979976,1939
clean,0,1,1,True,0.9998186230659484,0.99963367,28089
clean,0,5,5,True,0.6515592932701111,0.61487335,32764
clean,0,4,4,True,0.2679170966148376,0.25488526,930
clean,0,2,2,True,0.4584159255027771,0.4315708,20656
clean,0,4,2,False,0.968909502029419,0.9568672,47907
clean,0,2,2,True,0.9165127873420716,0.8953519,2868
clean,0,8,8,True,0.9999278783798218,0.99985003,28153
clean,0,8,8,True,0.9970095157623292,0.9953335,41240
clean,0,3,5,False,0.7519521713256836,0.7163149,21326
clean,0,8,8,True,0.999870538711548,0.999747,46111
clean,0,7,7,True,0.9989742040634156,0.9981824,26464
clean,0,6,6,True,0.9998745918273926,0.999746,29408
clean,0,6,6,True,0.9979947805404664,0.9965029,9862
clean,0,7,7,True,0.6269857883453369,0.61077523,39727
clean,0,5,5,True,0.993966281414032,0.99120414,36954
clean,0,4,4,True,0.8745121955871582,0.8470806,37827
clean,0,8,8,True,0.8910475969314575,0.8744175,13325
clean,0,5,3,False,0.3729796409606933,0.35293704,39332
clean,0,8,8,True,0.983595609664917,0.9755609,9220
clean,0,3,3,True,0.5672667026519775,0.55203474,22634
clean,0,0,0,True,0.9994524121284484,0.99901724,8018
clean,0,9,9,True,0.8532189130783081,0.83576363,15725
clean,0,7,7,True,0.8650442361831665,0.836927,23577
clean,0,1,1,True,0.9997169375419616,0.99947804,4517
clean,0,6,6,True,0.9852566123008728,0.9794277,48483
clean,0,0,0,True,0.8157489895820618,0.7820517,33076
clean,0,8,8,True,0.9988011121749878,0.9977798,4339
clean,0,9,9,True,0.9999700784683228,0.99993515,32337
clean,0,8,8,True,0.997895121574402,0.99647814,18933
clean,0,2,2,True,0.471590906381607,0.44924837,25354
clean,0,3,5,False,0.9242125749588012,0.9087546,47942
clean,0,9,9,True,0.9979516863822936,0.99645954,22538
clean,0,2,9,False,0.2526483535766601,0.24288614,48222
clean,0,8,8,True,0.3724154829978943,0.3498594,6004
clean,0,1,1,True,0.9999281167984008,0.99985397,41015
clean,0,1,1,True,0.9873773455619812,0.9819704,36929
clean,0,6,5,False,0.7702821493148804,0.73893654,12934
clean,0,4,4,True,0.9964858293533324,0.9944652,39430
clean,0,8,8,True,0.762617290019989,0.7399275,25395
clean,0,9,9,True,0.9996628761291504,0.99934214,43112
clean,0,1,1,True,0.9980413913726808,0.99686396,8374
clean,0,7,7,True,0.9996891021728516,0.9994137,28528
clean,0,8,0,False,0.9558693170547484,0.93816835,23497
clean,0,0,0,True,0.6854842305183411,0.6522873,43727
clean,0,6,6,True,0.9965211153030396,0.9943241,8737
clean,0,8,8,True,0.8097760081291199,0.77625895,39139
clean,0,5,5,True,0.9999635219573976,0.99991643,8730
clean,0,4,5,False,0.573906421661377,0.554838,21597
clean,0,2,2,True,0.7583989500999451,0.73067826,10436
clean,0,9,9,True,0.99769788980484,0.99621767,43719
clean,0,9,9,True,0.9998903274536132,0.99977666,48863
clean,0,8,8,True,0.5030088424682617,0.48409447,4602
clean,0,1,1,True,0.9988403916358948,0.9980381,13040
clean,0,7,5,False,0.5712000727653503,0.54677045,49335
clean,0,9,9,True,0.9563581943511964,0.94221,26847
clean,0,5,5,True,0.8015608191490173,0.77154833,4844
clean,0,6,6,True,0.9899699091911316,0.9847066,19941
clean,0,5,5,True,0.9688203930854796,0.9568118,4188
clean,0,6,6,True,0.8855130076408386,0.8594185,4980
clean,0,1,1,True,0.9606054425239564,0.9499708,20637
clean,0,9,9,True,0.9762731194496156,0.96859837,18689
clean,0,7,7,True,0.9728806614875792,0.9617172,10540
clean,0,4,0,False,0.5450144410133362,0.51528066,9887
clean,0,8,8,True,0.8685511946678162,0.8508887,12481
clean,0,9,9,True,0.9998689889907836,0.999746,24770
clean,0,8,8,True,0.6130293011665344,0.5840113,7737
clean,0,9,9,True,0.9991022348403932,0.99845314,14083
clean,0,2,2,True,0.859550952911377,0.83749866,30778
clean,0,2,2,True,0.9994194507598876,0.9988681,560
clean,0,5,5,True,0.9655942916870116,0.95560324,32849
clean,0,6,6,True,0.6272008419036865,0.5985797,4685
clean,0,6,6,True,0.9867140650749208,0.98024243,23606
clean,0,8,2,False,0.3113918602466583,0.2926837,4304
clean,0,9,9,True,0.9998177886009216,0.999632,39115
clean,0,9,9,True,0.997071385383606,0.9949674,46355
clean,0,7,7,True,0.9915103912353516,0.98721004,17946
clean,0,8,0,False,0.8253379464149475,0.7961672,22705
clean,0,1,1,True,0.9996606111526488,0.99938405,25459
clean,0,0,0,True,0.7752321362495422,0.74607575,48663
clean,0,6,6,True,0.981353998184204,0.9744907,31128
clean,0,6,6,True,0.3442496955394745,0.33441606,27117
clean,0,7,7,True,0.9975002408027648,0.9958072,28206
clean,0,3,6,False,0.9903863668441772,0.9852327,32843
clean,0,3,3,True,0.9695397019386292,0.95914286,13091
clean,0,9,9,True,0.9960702657699584,0.9934123,512
clean,0,5,5,True,0.6510944962501526,0.6278187,27219
clean,0,6,6,True,0.3995126187801361,0.38325956,36880
clean,0,1,9,False,0.685994029045105,0.65933955,28441
clean,0,2,2,True,0.6597120761871338,0.6192846,19901
clean,0,6,6,True,0.999210000038147,0.9985929,2888
clean,0,7,5,False,0.4217134714126587,0.4083037,38678
clean,0,2,2,True,0.8153231739997864,0.78642166,17693
clean,0,0,0,True,0.9959136843681335,0.9932261,10008
clean,0,4,4,True,0.6451647281646729,0.6080467,36383
clean,0,2,2,True,0.417976438999176,0.3947355,42854
clean,0,9,9,True,0.9622340202331544,0.9467392,40777
clean,0,1,1,True,0.9949820637702942,0.9925868,49314
clean,0,7,7,True,0.984406352043152,0.9779343,31206
clean,0,7,7,True,0.9944825172424316,0.9914677,9711
clean,0,4,4,True,0.9922303557395936,0.9878584,28372
clean,0,5,3,False,0.4395803213119507,0.41476056,9875
clean,0,9,1,False,0.6983591914176941,0.68392825,8650
clean,0,1,1,True,0.9998600482940674,0.9997266,34697
clean,0,6,6,True,0.9925132393836976,0.98877174,19732
clean,0,6,6,True,0.9939252734184264,0.99041754,45443
clean,0,0,0,True,0.9971411228179932,0.99547946,37646
clean,0,8,8,True,0.9858177304267884,0.98045015,12834
clean,0,1,1,True,0.9974750876426696,0.9959084,12100
clean,0,0,0,True,0.7959847450256348,0.76689965,4504
clean,0,1,1,True,0.99064964056015,0.9866458,49658
clean,0,2,2,True,0.991613507270813,0.9865457,24773
clean,0,0,0,True,0.8870288729667664,0.8634944,46362
clean,0,0,0,True,0.876089870929718,0.84854174,9059
clean,0,8,8,True,0.5174729228019714,0.50283647,30508
clean,0,0,0,True,0.56464684009552,0.5538496,15735
clean,0,4,5,False,0.2410185486078262,0.23649558,34570
clean,0,3,3,True,0.3304565548896789,0.31834066,11998
clean,0,9,9,True,0.999915361404419,0.999819,8632
clean,0,2,2,True,0.9968056678771972,0.99477404,41542
clean,0,0,0,True,0.4909648001194,0.45957893,42019
clean,0,8,0,False,0.8123253583908081,0.78949076,32622
clean,0,0,0,True,0.988234043121338,0.9836346,47201
clean,0,9,9,True,0.9983088970184326,0.99713045,49385
clean,0,3,3,True,0.3299153447151184,0.3215748,42845
clean,0,0,4,False,0.4348544776439667,0.41628134,44508
clean,0,2,2,True,0.9958980679512024,0.9931126,19258
clean,0,7,7,True,0.6507066488265991,0.6133789,43936
clean,0,4,0,False,0.8703587055206299,0.840013,17674
clean,0,9,9,True,0.9929028153419496,0.9891671,11547
clean,0,5,2,False,0.8694154620170593,0.8375185,47659
clean,0,8,8,True,0.7975447177886963,0.76988906,41122
clean,0,5,5,True,0.61896151304245,0.59587735,3562
clean,0,8,8,True,0.818639874458313,0.78389204,32800
clean,0,6,6,True,0.9932292699813844,0.9894488,25482
clean,0,2,2,True,0.9973490238189696,0.995424,41342
clean,0,5,5,True,0.9785626530647278,0.97039276,44435
clean,0,6,6,True,0.8865588903427124,0.8588635,18596
clean,0,5,5,True,0.2483043223619461,0.23898087,31592
clean,0,5,5,True,0.41402667760849,0.4045231,13865
clean,0,4,4,True,0.7088533043861389,0.6709042,44003
clean,0,5,5,True,0.962080717086792,0.9522147,39463
clean,0,3,5,False,0.4216090142726898,0.39969823,38652
clean,0,8,0,False,0.8789316415786743,0.85349596,31202
clean,0,6,2,False,0.3556833565235138,0.34385768,31356
clean,0,9,9,True,0.9999754428863524,0.9999459,29301
clean,0,2,4,False,0.2834785878658294,0.2733452,34363
clean,0,6,2,False,0.91832435131073,0.89983374,4789
clean,0,8,8,True,0.9908884763717652,0.98600835,21042
clean,0,1,1,True,0.9876357913017272,0.98282766,20494
clean,0,9,9,True,0.999836564064026,0.9996767,29130
clean,0,3,2,False,0.4910551011562347,0.4712779,1461
clean,0,8,0,False,0.4713546335697174,0.46199694,21319
clean,0,5,5,True,0.8737706542015076,0.8558737,7435
clean,0,1,1,True,0.999983549118042,0.9999621,47168
clean,0,5,5,True,0.6299957036972046,0.5916411,43345
clean,0,7,7,True,0.9845046997070312,0.9766624,13566
clean,0,3,3,True,0.5960370898246765,0.5805419,11653
clean,0,2,7,False,0.5224848985671997,0.4883358,46373
clean,0,3,3,True,0.4748816788196563,0.4551577,14115
clean,0,0,0,True,0.998378038406372,0.9972907,15353
clean,0,0,0,True,0.8364700078964233,0.81242645,9759
clean,0,8,0,False,0.697053074836731,0.6716491,32974
clean,0,8,8,True,0.991569995880127,0.9870799,19567
clean,0,3,5,False,0.5042495727539062,0.48293546,22011
clean,0,1,9,False,0.8615143299102783,0.842976,36905
clean,0,2,2,True,0.5134023427963257,0.49942803,37626
clean,0,7,7,True,0.9643264412879944,0.95052624,39518
clean,0,4,7,False,0.505362868309021,0.48841023,49749
clean,0,0,0,True,0.8846607208251953,0.860658,7543
clean,0,5,5,True,0.7670090794563293,0.75025845,37229
clean,0,6,6,True,0.4083806276321411,0.38732877,25932
clean,0,1,9,False,0.6156159043312073,0.5937515,9509
clean,0,4,4,True,0.9354087114334106,0.91687244,49390
clean,0,5,5,True,0.9975110292434692,0.99607205,32272
clean,0,2,0,False,0.5963963270187378,0.57247585,30791
clean,0,4,6,False,0.4502323269844055,0.4344757,44215
clean,0,4,2,False,0.9435777068138124,0.92617714,30522
clean,0,7,2,False,0.8151094317436218,0.79313153,4341
clean,0,6,6,True,0.9937671422958374,0.9908529,25972
clean,0,5,5,True,0.986308753490448,0.9804929,45579
clean,0,8,8,True,0.906095564365387,0.87829435,5806
clean,0,3,3,True,0.5233388543128967,0.4875738,41158
clean,0,9,9,True,0.6093968152999878,0.5929876,23840
clean,0,4,4,True,0.9603282809257508,0.9454193,25435
clean,0,5,2,False,0.339548110961914,0.32649368,20279
clean,0,2,2,True,0.995263695716858,0.9923968,23181
clean,0,1,1,True,0.9990838766098022,0.9984536,8547
clean,0,6,6,True,0.9752023816108704,0.96559405,21438
clean,0,6,6,True,0.9991724491119384,0.9984865,15534
clean,0,6,6,True,0.9995880722999572,0.999212,17204
clean,0,8,8,True,0.7245214581489563,0.69721895,27978
clean,0,6,6,True,0.9999425411224364,0.99987507,34563
clean,0,8,8,True,0.9814318418502808,0.9750001,37534
clean,0,5,5,True,0.5256608128547668,0.50260895,38343
clean,0,9,9,True,0.9824695587158204,0.97560954,10331
clean,0,8,8,True,0.9890230894088744,0.98383397,43400
clean,0,0,0,True,0.7481628656387329,0.73100305,43442
clean,0,9,9,True,0.9999933242797852,0.9999826,6438
clean,0,6,6,True,0.7832095623016357,0.7532151,4276
clean,0,5,5,True,0.9082951545715332,0.8910015,20837
clean,0,8,8,True,0.9997866749763488,0.99959284,21998
clean,0,2,2,True,0.9980524778366088,0.9965913,20009
clean,0,4,5,False,0.4394125044345855,0.42242795,37850
clean,0,1,9,False,0.5653280019760132,0.55618435,32988
clean,0,9,9,True,0.9993941783905028,0.99890804,1706
clean,0,6,6,True,0.4889291822910309,0.48402476,14701
clean,0,9,9,True,0.8872562646865845,0.8671057,21300
clean,0,9,9,True,0.9965670108795166,0.9947115,42994
clean,0,3,6,False,0.7340566515922546,0.7121153,5007
clean,0,7,7,True,0.8774487376213074,0.85251987,10156
clean,0,4,2,False,0.3993586301803589,0.375296,21260
clean,0,5,6,False,0.5220662951469421,0.4988925,38303
clean,0,4,2,False,0.5154783129692078,0.49199903,18196
clean,0,0,0,True,0.3918272256851196,0.36644158,36786
clean,0,0,0,True,0.6473857760429382,0.6173526,19493
clean,0,7,7,True,0.9997383952140808,0.9994783,2074
clean,0,5,5,True,0.8914808034896851,0.8721744,15544
clean,0,6,4,False,0.5913249850273132,0.56047046,745
clean,0,0,2,False,0.555860698223114,0.52873635,21892
clean,0,9,9,True,0.7767295837402344,0.75214684,47013
clean,0,2,2,True,0.9356822967529296,0.91977215,21189
clean,0,1,1,True,0.9697749018669128,0.9593171,34336
clean,0,0,8,False,0.7928044199943542,0.7572611,48978
clean,0,0,0,True,0.8162855505943298,0.77834463,9755
clean,0,7,7,True,0.9521150588989258,0.9368711,49396
clean,0,0,0,True,0.9974194765090942,0.99588364,17237
clean,0,1,1,True,0.9168352484703064,0.89756525,10963
clean,0,2,2,True,0.9674592614173888,0.955588,39515
clean,0,8,8,True,0.9500851035118104,0.9368803,44951
clean,0,7,7,True,0.996926486492157,0.99502385,9956
clean,0,1,1,True,0.999834418296814,0.99968314,45
clean,0,3,3,True,0.7661277651786804,0.7301033,34361
clean,0,7,7,True,0.985390305519104,0.9797335,10643
clean,0,3,3,True,0.3726352751255035,0.35682204,8262
clean,0,9,9,True,0.443815678358078,0.4188209,39890
clean,0,1,1,True,0.9999499320983888,0.9998939,49919
clean,0,8,8,True,0.998729646205902,0.99774134,31370
clean,0,9,9,True,0.9837886095046996,0.9764008,24985
clean,0,6,6,True,0.9754761457443236,0.96526575,43697
clean,0,0,0,True,0.9268211126327516,0.90630317,17076
clean,0,8,8,True,0.9896921515464784,0.9842429,5875
clean,0,4,4,True,0.7627187371253967,0.7290442,6110
clean,0,4,4,True,0.9911070466041564,0.9861742,16383
clean,0,3,3,True,0.8121731281280518,0.78947115,17661
clean,0,5,5,True,0.9582911729812622,0.94399196,13592
clean,0,3,5,False,0.3694373071193695,0.35476035,5260
clean,0,6,6,True,0.8213353157043457,0.79619485,39617
clean,0,4,4,True,0.7050449252128601,0.680196,17801
clean,0,1,1,True,0.997253954410553,0.9955844,10826
clean,0,5,5,True,0.9144700169563292,0.8948661,29144
clean,0,1,1,True,0.9941441416740416,0.99129313,35106
clean,0,8,8,True,0.9983044862747192,0.9971283,23172
clean,0,7,7,True,0.8684375286102295,0.84308434,2801
clean,0,3,3,True,0.9987764954566956,0.99788505,39885
clean,0,6,6,True,0.9999014139175416,0.9997898,41652
clean,0,0,0,True,0.7107140421867371,0.68286544,37130
clean,0,7,7,True,0.9604282379150392,0.94697374,3699
clean,0,9,9,True,0.999937891960144,0.9998709,32755
clean,0,0,0,True,0.999097228050232,0.99839276,22881
clean,0,3,3,True,0.5272144079208374,0.5198974,11195
clean,0,8,0,False,0.5447888970375061,0.52311474,44310
clean,0,5,5,True,0.8133827447891235,0.7866274,44847
clean,0,2,2,True,0.9890594482421876,0.98402566,4604
clean,0,8,8,True,0.8388175368309021,0.81513536,38162
clean,0,5,5,True,0.9594100117683412,0.9445636,35193
clean,0,2,6,False,0.8228784203529358,0.7968633,46681
clean,0,7,7,True,0.9917107820510864,0.98747045,5982
clean,0,6,6,True,0.7502623200416565,0.71795,21497
clean,0,6,6,True,0.996189534664154,0.9936878,33608
clean,0,7,9,False,0.4093559980392456,0.38580346,12961
clean,0,6,6,True,0.9991336464881896,0.9985057,18656
clean,0,4,4,True,0.6685401797294617,0.638518,8905
clean,0,2,2,True,0.6221283674240112,0.5926031,5901
clean,0,7,9,False,0.5086591243743896,0.47829297,35631
clean,0,6,6,True,0.9780268669128418,0.96872103,3825
clean,0,0,0,True,0.7754871845245361,0.74567443,25970
clean,0,1,1,True,0.6257538795471191,0.6167031,16588
clean,0,1,9,False,0.7929165363311768,0.7687576,34962
clean,0,9,9,True,0.999456822872162,0.9990294,14917
clean,0,3,6,False,0.7563018798828125,0.7238906,16364
clean,0,8,8,True,0.5767792463302612,0.5536759,19152
clean,0,2,2,True,0.9975082874298096,0.99561226,33379
clean,0,0,0,True,0.7149835824966431,0.6698939,29246
clean,0,3,5,False,0.4963315725326538,0.46955386,45380
clean,0,3,3,True,0.4483070075511932,0.4368632,37194
clean,0,9,9,True,0.999624490737915,0.9993099,5499
clean,0,3,5,False,0.7336000204086304,0.712253,18111
clean,0,8,8,True,0.6517643928527832,0.63672,14729
clean,0,4,4,True,0.6329752802848816,0.60398215,33803
clean,0,0,0,True,0.996258020401001,0.994055,3478
clean,0,3,3,True,0.5003975033760071,0.48410237,7121
clean,0,1,1,True,0.9992020726203918,0.9986467,41794
clean,0,6,6,True,0.9999388456344604,0.9998665,40767
clean,0,6,6,True,0.9997498393058776,0.9995042,12057
clean,0,8,8,True,0.8034017086029053,0.77984154,15880
clean,0,2,2,True,0.8811385035514832,0.8613806,13901
clean,0,8,8,True,0.996907651424408,0.99502915,44375
clean,0,7,7,True,0.9753546714782716,0.9653081,47125
clean,0,4,6,False,0.8057528734207153,0.77279145,14324
clean,0,7,7,True,0.7835375070571899,0.7530634,45130
clean,0,2,0,False,0.8924001455307007,0.87026495,3259
clean,0,9,9,True,0.999439299106598,0.9989261,3700
clean,0,2,2,True,0.9979087114334106,0.99636674,34463
clean,0,2,3,False,0.2746169567108154,0.26952538,41790
clean,0,6,6,True,0.9990531802177428,0.9982768,6824
clean,0,6,6,True,0.7517273426055908,0.71403706,31159
clean,0,8,8,True,0.996334195137024,0.99411255,27982
clean,0,3,3,True,0.8626326322555542,0.83963525,39071
clean,0,5,5,True,0.9157485365867616,0.8996731,38854
clean,0,0,0,True,0.9075658917427064,0.88064677,33617
clean,0,2,2,True,0.8166590929031372,0.7880047,48894
clean,0,5,5,True,0.8554759621620178,0.8277964,33172
clean,0,5,5,True,0.9663804769515992,0.9538915,22775
clean,0,2,2,True,0.7209756374359131,0.70311654,33699
clean,0,8,8,True,0.5352237820625305,0.5140734,27541
clean,0,3,3,True,0.624369204044342,0.59393233,47523
clean,0,9,9,True,0.466188907623291,0.44261643,3202
clean,0,8,8,True,0.9445818066596984,0.9272673,39072
clean,0,6,6,True,0.9928366541862488,0.9890511,31025
clean,0,0,9,False,0.7394947409629822,0.70742565,8925
clean,0,9,3,False,0.2866579890251159,0.27707398,5161
clean,0,8,8,True,0.911007285118103,0.8916622,9536
clean,0,6,6,True,0.9995312690734864,0.99910647,1484
clean,0,7,7,True,0.5219653844833374,0.50023776,41973
clean,0,9,9,True,0.9908400177955629,0.9855539,30620
clean,0,8,8,True,0.9993776679039,0.99886703,19979
clean,0,1,1,True,0.9973249435424804,0.99579585,42413
clean,0,5,5,True,0.8967177271842957,0.8729057,16510
clean,0,0,0,True,0.6778554916381836,0.6522365,33767
clean,0,1,1,True,0.991252601146698,0.9865724,16066
clean,0,6,6,True,0.9700158834457396,0.95935285,44250
clean,0,7,7,True,0.9952719807624816,0.9928284,21535
clean,0,3,3,True,0.423787921667099,0.40296426,6217
clean,0,7,7,True,0.9951926469802856,0.9922545,5890
clean,0,2,2,True,0.5969911217689514,0.5589279,13007
clean,0,5,5,True,0.6204967498779297,0.6092025,29758
clean,0,3,3,True,0.7632015347480774,0.72662014,19183
clean,0,9,9,True,0.9875384569168092,0.9814625,41539
clean,0,3,3,True,0.9153425097465516,0.89140093,23942
clean,0,5,5,True,0.9688583612442015,0.9596954,33579
clean,0,5,5,True,0.491707980632782,0.47736543,22119
clean,0,8,9,False,0.780286967754364,0.7490568,40606
clean,0,2,2,True,0.9655346870422364,0.9528141,12107
clean,0,4,4,True,0.9999185800552368,0.999821,31902
clean,0,8,8,True,0.6136968731880188,0.57436496,14306
clean,0,1,1,True,0.999710500240326,0.9994624,34723
clean,0,5,5,True,0.8851342797279358,0.85809165,36259
clean,0,3,5,False,0.3315061628818512,0.32052538,28209
clean,0,9,9,True,0.3031692802906036,0.2926133,20024
clean,0,0,0,True,0.95371413230896,0.9382144,22608
clean,0,6,6,True,0.5544630289077759,0.521414,24510
clean,0,6,6,True,0.9868302941322328,0.9812655,16201
clean,0,3,3,True,0.8379483819007874,0.8031147,31346
clean,0,0,0,True,0.8213742971420288,0.80112004,33347
clean,0,3,3,True,0.4454629421234131,0.42262942,21510
clean,0,0,0,True,0.991613745689392,0.98707306,34341
clean,0,5,5,True,0.9496903419494628,0.9333452,27968
clean,0,0,0,True,0.5792750120162964,0.5486573,8453
clean,0,0,0,True,0.9912074208259584,0.98691547,27706
clean,0,7,7,True,0.8551135063171387,0.8269492,22854
clean,0,3,3,True,0.6363620162010193,0.62351483,13560
clean,0,1,1,True,0.8477228283882141,0.8260229,29049
clean,0,4,4,True,0.9129836559295654,0.8897192,15482
clean,0,7,5,False,0.5301838517189026,0.50582176,10932
clean,0,7,7,True,0.7123115658760071,0.69445825,26895
clean,0,2,6,False,0.5434373617172241,0.5373648,8186
clean,0,4,4,True,0.6612737774848938,0.6292428,11820
clean,0,9,9,True,0.9701030254364014,0.95769626,8126
clean,0,9,9,True,0.996845006942749,0.9950873,16966
clean,0,5,5,True,0.9566491842269896,0.94555664,37085
clean,0,4,2,False,0.6486399173736572,0.6246428,979
clean,0,1,1,True,0.905937135219574,0.8905541,29288
clean,0,8,8,True,0.9406977295875548,0.9249244,46787
clean,0,0,9,False,0.3243787586688995,0.30960077,21204
clean,0,2,5,False,0.4567399322986603,0.44329613,28862
clean,0,1,1,True,0.953220784664154,0.9410155,48570
clean,0,8,8,True,0.9959241151809692,0.99373454,34636
clean,0,8,2,False,0.2675314247608185,0.26176342,18822
clean,0,0,0,True,0.9805988073349,0.9736355,45919
clean,0,3,3,True,0.5159295201301575,0.50712943,16273
clean,0,6,6,True,0.9884173274040222,0.9823767,31413
clean,0,5,5,True,0.699298083782196,0.65936404,11495
clean,0,5,5,True,0.9970736503601074,0.9951556,28909
clean,0,8,8,True,0.9401956796646118,0.9215002,24315
clean,0,2,2,True,0.5948471426963806,0.56869966,7106
clean,0,9,9,True,0.9857038855552672,0.9785824,9139
clean,0,8,8,True,0.9453601837158204,0.9319968,17345
clean,0,9,9,True,0.9999035596847534,0.99980265,43332
clean,0,7,7,True,0.9916396737098694,0.9871023,42816
clean,0,9,9,True,0.999283254146576,0.99874,30080
clean,0,4,4,True,0.974784791469574,0.96401834,1910
clean,0,1,1,True,0.9370954036712646,0.9238274,43547
clean,0,7,5,False,0.6270109415054321,0.6037398,45087
clean,0,2,2,True,0.7418005466461182,0.7089559,40452
clean,0,0,0,True,0.9989150762557985,0.99796706,32432
clean,0,3,3,True,0.803931713104248,0.7847504,34756
clean,0,2,2,True,0.9965606331825256,0.99414766,5165
clean,0,0,0,True,0.901916205883026,0.87346774,9831
clean,0,2,2,True,0.995194137096405,0.9925413,42269
clean,0,4,6,False,0.8942790031433105,0.86834216,21951
clean,0,1,9,False,0.9488593339920044,0.93680423,35037
clean,0,4,4,True,0.6149857640266418,0.5845258,13691
clean,0,1,1,True,0.9999250173568726,0.99984705,38482
clean,0,7,7,True,0.9030517935752868,0.8759461,16021
clean,0,7,7,True,0.9865099787712096,0.98009413,47890
clean,0,9,9,True,0.9593939781188964,0.94908005,8811
clean,0,9,9,True,0.80702805519104,0.7761868,21485
clean,0,8,8,True,0.8325989246368408,0.80352104,38034
clean,0,9,9,True,0.9998520612716676,0.99970156,25285
clean,0,1,1,True,0.8307302594184875,0.80968666,33452
clean,0,1,1,True,0.9139075875282288,0.89849603,10479
clean,0,9,9,True,0.9313759803771972,0.9091925,20172
clean,0,7,7,True,0.863883912563324,0.83517367,17840
clean,0,0,0,True,0.9983616471290588,0.99706036,45270
clean,0,5,5,True,0.9103489518165588,0.89271384,7560
clean,0,8,8,True,0.9997861981391908,0.99955565,9730
clean,0,7,7,True,0.9850480556488036,0.97924954,40585
clean,0,5,5,True,0.977994740009308,0.97076213,47167
clean,0,8,8,True,0.909410297870636,0.8927634,9265
clean,0,5,5,True,0.9984778761863708,0.9974011,16935
clean,0,5,5,True,0.9950256943702698,0.9919761,33116
clean,0,3,4,False,0.5401881337165833,0.51340175,30113
clean,0,7,7,True,0.997163474559784,0.9953732,47607
clean,0,5,5,True,0.5202985405921936,0.51119727,31781
clean,0,2,2,True,0.6309413909912109,0.6011839,30110
clean,0,6,4,False,0.4061545431613922,0.39127934,8021
clean,0,2,2,True,0.5319692492485046,0.51595926,36169
clean,0,8,8,True,0.99338561296463,0.9902119,20467
clean,0,3,5,False,0.8795601725578308,0.86295307,31146
clean,0,1,1,True,0.998219668865204,0.99713033,25151
clean,0,5,5,True,0.5104707479476929,0.50325686,17645
clean,0,1,1,True,0.9781834483146667,0.969901,2052
clean,0,9,8,False,0.7913782596588135,0.7709447,23645
clean,0,0,0,True,0.9968986511230468,0.99470055,33325
clean,0,4,7,False,0.8371326923370361,0.8061039,41216
clean,0,0,0,True,0.9554405808448792,0.9440388,24144
clean,0,2,2,True,0.4699203968048095,0.44651544,26274
clean,0,8,8,True,0.999969482421875,0.9999336,38089
clean,0,4,3,False,0.3557896018028259,0.34526473,46570
clean,0,5,5,True,0.8446233868598938,0.8148436,24244
clean,0,2,2,True,0.7269229292869568,0.7065286,849
clean,0,0,0,True,0.6678738594055176,0.6430247,10355
clean,0,2,2,True,0.5873450040817261,0.5681662,26768
clean,0,8,0,False,0.9165983200073242,0.8945565,43278
clean,0,4,4,True,0.971184492111206,0.960313,14726
clean,0,7,7,True,0.9339610934257508,0.91316134,43792
clean,0,1,1,True,0.5242798924446106,0.49585357,33252
clean,0,6,5,False,0.6994426250457764,0.6673829,151
clean,0,3,5,False,0.7725942134857178,0.7454243,9298
clean,0,5,5,True,0.9999834299087524,0.99996245,36202
clean,0,9,9,True,0.96341472864151,0.94802815,2768
clean,0,2,2,True,0.4722535014152527,0.45402586,48733
clean,0,0,0,True,0.2563822865486145,0.24505901,31213
clean,0,3,8,False,0.4896692931652069,0.47070527,35100
clean,0,6,6,True,0.9938257932662964,0.9901309,18454
clean,0,0,0,True,0.9996687173843384,0.99932253,6124
clean,0,0,0,True,0.9925716519355774,0.98857343,44616
clean,0,1,1,True,0.9994472861289978,0.99901485,2615
clean,0,7,7,True,0.8000039458274841,0.75956804,25413
clean,0,1,1,True,0.9968141913414,0.9951154,13244
clean,0,8,0,False,0.8412113189697266,0.8113967,22616
clean,0,1,1,True,0.9186161756515504,0.9031786,22093
clean,0,6,6,True,0.991569995880127,0.9873832,17858
clean,0,4,5,False,0.9131495356559752,0.88980377,41610
clean,0,0,2,False,0.677743136882782,0.6602453,25420
clean,0,3,5,False,0.3834351599216461,0.37100554,20593
clean,0,1,1,True,0.9960185885429382,0.99370366,45214
clean,0,5,5,True,0.8838683366775513,0.8556036,45108
clean,0,7,7,True,0.6892530918121338,0.66165024,13741
clean,0,7,7,True,0.574979305267334,0.549537,17464
clean,0,6,6,True,0.9961399435997008,0.9937856,48981
clean,0,5,5,True,0.9741966724395752,0.9645942,12431
clean,0,8,8,True,0.9998495578765868,0.9996977,16071
clean,0,6,6,True,0.998843789100647,0.99796295,8552
clean,0,0,0,True,0.9995193481445312,0.99911386,23352
clean,0,5,5,True,0.9792284965515136,0.9703343,3492
clean,0,0,0,True,0.8601809740066528,0.8350612,18445
clean,0,8,8,True,0.9999358654022216,0.99986804,36498
clean,0,8,8,True,0.9106069803237916,0.89031607,49043
clean,0,1,1,True,0.9897279143333436,0.9856375,19125
clean,0,9,9,True,0.997209370136261,0.99561054,48140
clean,0,6,6,True,0.9999372959136964,0.9998615,7638
clean,0,1,1,True,0.9930410385131836,0.98916733,45834
clean,0,2,2,True,0.9721988439559937,0.96263784,18612
clean,0,2,2,True,0.7231156826019287,0.68590134,15310
clean,0,1,1,True,0.8451998233795166,0.82398164,38799
clean,0,5,5,True,0.9889901876449584,0.9846267,14792
clean,0,3,3,True,0.8832529187202454,0.8645146,46817
clean,0,5,5,True,0.7229952216148376,0.7042932,15207
clean,0,5,5,True,0.9517018795013428,0.94039583,36629
clean,0,6,6,True,0.9871168732643129,0.980959,43353
clean,0,5,7,False,0.4331586360931396,0.41204455,35273
clean,0,8,8,True,0.5863040685653687,0.55467445,29722
clean,0,0,0,True,0.794653594493866,0.7585612,29364
clean,0,8,8,True,0.9898766875267028,0.9854248,32077
clean,0,4,2,False,0.3952349722385406,0.38541776,28837
clean,0,8,0,False,0.6054232120513916,0.57836765,29227
clean,0,1,1,True,0.999969244003296,0.99992967,29908
clean,0,8,0,False,0.6625449657440186,0.627344,47782
clean,0,5,5,True,0.8002281188964844,0.78265095,9301
clean,0,0,0,True,0.9499546885490416,0.9334985,16704
clean,0,0,0,True,0.842036783695221,0.8113779,13716
clean,0,6,6,True,0.4600344598293304,0.4417963,5109
clean,0,7,2,False,0.3695445358753204,0.3525655,10259
clean,0,2,2,True,0.975441873073578,0.96511525,7089
clean,0,0,0,True,0.8275516629219055,0.79333377,38431
clean,0,9,9,True,0.8386692404747009,0.8069804,10287
clean,0,2,2,True,0.968786597251892,0.9580511,33218
clean,0,0,0,True,0.995876669883728,0.9936905,7144
clean,0,5,5,True,0.9675558805465698,0.95842355,46980
clean,0,6,6,True,0.993857443332672,0.99023926,47116
clean,0,4,4,True,0.6542980670928955,0.6193023,49506
clean,0,3,3,True,0.9955055713653564,0.99295956,40558
clean,0,5,5,True,0.7846689224243164,0.755798,41046
clean,0,3,3,True,0.7150388956069946,0.68456703,29255
clean,0,0,0,True,0.8429710268974304,0.8141111,799
clean,0,2,2,True,0.7760751843452454,0.74343246,6921
clean,0,6,6,True,0.999630093574524,0.9992874,23026
clean,0,4,2,False,0.6269785761833191,0.60845834,31953
clean,0,5,5,True,0.7118421196937561,0.69669056,46084
clean,0,5,5,True,0.859876811504364,0.83218634,7227
clean,0,9,9,True,0.9971749782562256,0.9949805,43419
clean,0,9,9,True,0.992113471031189,0.9887466,48751
clean,0,3,3,True,0.5275548696517944,0.51393765,43243
clean,0,6,6,True,0.9727449417114258,0.96443,8950
clean,0,2,3,False,0.4531185328960418,0.42999265,45272
clean,0,4,4,True,0.924033522605896,0.9029619,33703
clean,0,2,2,True,0.3675051033496856,0.35071164,20272
clean,0,8,8,True,0.9993715882301332,0.99887854,39577
clean,0,4,2,False,0.3142256438732147,0.3013674,11481
clean,0,6,6,True,0.9917898178100586,0.98749906,3698
clean,0,2,6,False,0.6377444267272949,0.61033654,25400
clean,0,1,1,True,0.8863328099250793,0.86517066,47370
clean,0,0,0,True,0.9997926354408264,0.9995795,47581
clean,0,8,8,True,0.8550337553024292,0.82408935,15615
clean,0,6,6,True,0.9720414876937866,0.9611813,6095
clean,0,6,6,True,0.9994669556617736,0.9989976,935
clean,0,8,8,True,0.9992119073867798,0.9986248,35199
clean,0,2,2,True,0.9951279163360596,0.99256,20651
clean,0,4,4,True,0.9458361864089966,0.92956805,32244
clean,0,8,8,True,0.998918890953064,0.9980411,32748
clean,0,7,7,True,0.9581394791603088,0.94625646,36957
clean,0,7,7,True,0.6260377764701843,0.59321547,18431
clean,0,2,4,False,0.7867476344108582,0.7699395,23388
clean,0,5,6,False,0.2625411450862884,0.25750488,24482
clean,0,1,1,True,0.9152110815048218,0.8920479,13422
clean,0,6,6,True,0.9988728165626526,0.998009,36396
clean,0,8,8,True,0.998808741569519,0.9979266,24059
clean,0,5,6,False,0.6145185232162476,0.5884931,43397
clean,0,3,2,False,0.4659327864646911,0.44574392,47736
clean,0,4,4,True,0.9363642334938048,0.92206925,43241
clean,0,7,6,False,0.3699984848499298,0.35323197,37000
clean,0,1,1,True,0.9448516964912416,0.93127763,7221
clean,0,4,4,True,0.9534387588500975,0.9393918,7394
clean,0,1,1,True,0.9996353387832642,0.9993445,19526
clean,0,5,5,True,0.9919906258583068,0.9885006,40871
clean,0,6,6,True,0.9914717078208924,0.9870308,13403
clean,0,1,1,True,0.3509835600852966,0.3283101,49022
clean,0,9,9,True,0.993472456932068,0.99028826,186
clean,0,7,7,True,0.986200749874115,0.9794438,32282
clean,0,2,2,True,0.6379100680351257,0.61238295,28225
clean,0,1,1,True,0.9024215936660768,0.8845543,46717
clean,0,3,3,True,0.561653196811676,0.54480404,334
clean,0,4,4,True,0.8546507954597473,0.82423663,33352
clean,0,8,8,True,0.9978811144828796,0.99657,47097
clean,0,4,4,True,0.3784955739974975,0.3668111,6204
clean,0,9,9,True,0.9996440410614014,0.99929476,33991
clean,0,6,6,True,0.9970149993896484,0.9951186,46320
clean,0,8,8,True,0.995613694190979,0.9934222,35687
clean,0,5,5,True,0.8478202819824219,0.8222888,37740
clean,0,7,7,True,0.4789954423904419,0.45610413,15067
clean,0,5,4,False,0.3719148337841034,0.36112502,23385
clean,0,1,1,True,0.9171395897865297,0.900957,41153
clean,0,2,2,True,0.994365930557251,0.99085414,2759
clean,0,1,1,True,0.9888409972190856,0.984512,30902
clean,0,1,1,True,0.9999812841415404,0.9999559,432
clean,0,7,7,True,0.9975905418395996,0.996053,5782
clean,0,2,2,True,0.7259734869003296,0.6891524,26577
clean,0,1,1,True,0.9990348815917968,0.99835974,20931
clean,0,6,6,True,0.9253190755844116,0.9036023,21447
clean,0,1,1,True,0.5321340560913086,0.5151906,7048
clean,0,1,9,False,0.6579569578170776,0.6469609,49221
clean,0,0,0,True,0.5682861804962158,0.5395694,30200
clean,0,2,2,True,0.9938236474990844,0.9901992,49686
clean,0,7,7,True,0.3238135278224945,0.3181091,45939
clean,0,7,7,True,0.7376465201377869,0.70493263,11260
clean,0,9,9,True,0.7057512998580933,0.6821203,27975
clean,0,2,6,False,0.6093593835830688,0.5957225,39821
clean,0,3,6,False,0.476785272359848,0.45274755,32826
clean,0,8,8,True,0.8908222913742065,0.8595164,22758
clean,0,0,0,True,0.9840306043624878,0.97565335,22320
clean,0,5,5,True,0.9437331557273864,0.92678314,40771
clean,0,3,5,False,0.9519646763801576,0.9370933,45395
clean,0,4,5,False,0.3016517758369446,0.29005024,36292
clean,0,2,2,True,0.9749215245246888,0.96411407,33282
clean,0,0,0,True,0.2932650446891784,0.28294513,16346
clean,0,8,8,True,0.9396178126335144,0.92221105,30937
clean,0,9,9,True,0.9961200952529908,0.9939699,1619
clean,0,9,1,False,0.7527608275413513,0.7336493,40042
clean,0,2,2,True,0.9926786422729492,0.9889072,19153
clean,0,7,7,True,0.9968022108078004,0.99493414,16652
clean,0,5,5,True,0.6243075132369995,0.58953685,11847
clean,0,1,1,True,0.9993658661842346,0.9988049,35338
clean,0,1,1,True,0.9641984105110168,0.9526494,34794
clean,0,7,7,True,0.9998610019683838,0.9997143,42485
clean,0,5,5,True,0.3983947336673736,0.38150007,40004
clean,0,2,2,True,0.6381560564041138,0.6040093,11220
clean,0,6,6,True,0.9981892704963684,0.9968465,12495
clean,0,3,3,True,0.6004009246826172,0.5825897,27544
clean,0,1,1,True,0.999811351299286,0.9996395,25306
clean,0,1,1,True,0.9267874360084534,0.9044094,10711
clean,0,9,9,True,0.9962295889854432,0.9942439,32102
clean,0,7,7,True,0.9923996329307556,0.98823977,24599
clean,0,9,9,True,0.9980854988098145,0.9967962,2917
clean,0,8,8,True,0.9611676335334778,0.9486077,23405
clean,0,8,8,True,0.9337807297706604,0.9155197,14991
clean,0,1,1,True,0.9899820685386658,0.98596174,6366
clean,0,1,1,True,0.5893784165382385,0.57518727,38452
clean,0,5,5,True,0.9480069279670716,0.9344975,29452
clean,0,7,7,True,0.9986961483955384,0.9976567,43723
clean,0,3,4,False,0.4567096829414367,0.42851084,42382
clean,0,5,5,True,0.9889734387397766,0.9841381,49271
clean,0,6,6,True,0.9999902248382568,0.9999752,47396
clean,0,8,8,True,0.999578893184662,0.9992409,34137
clean,0,4,4,True,0.9574532508850098,0.942761,24920
clean,0,1,1,True,0.9806892275810242,0.9736728,27582
clean,0,7,7,True,0.9978443384170532,0.99638367,24675
clean,0,1,1,True,0.9953005313873292,0.9930108,24620
clean,0,6,3,False,0.4336058497428894,0.4113539,19451
clean,0,9,9,True,0.9929805994033812,0.98972076,11678
clean,0,6,6,True,0.9862544536590576,0.98004925,16940
clean,0,5,5,True,0.9500024318695068,0.938142,7476
clean,0,8,8,True,0.9996156692504884,0.9993112,35885
clean,0,2,9,False,0.4323205649852752,0.41491586,9740
clean,0,1,8,False,0.6178799271583557,0.5848749,47349
clean,0,2,2,True,0.990344226360321,0.9851634,24993
clean,0,2,2,True,0.3265706896781921,0.3116789,27546
clean,0,5,3,False,0.3410623073577881,0.32309383,25555
clean,0,3,3,True,0.7300459742546082,0.69388634,11333
clean,0,7,5,False,0.6188296675682068,0.59748626,27539
clean,0,2,2,True,0.7593109011650085,0.72623545,8536
clean,0,6,6,True,0.9986820816993712,0.99771655,2050
clean,0,3,5,False,0.6910713911056519,0.65756464,34806
clean,0,2,2,True,0.8220171928405762,0.79487747,11486
clean,0,5,2,False,0.6109429001808167,0.5823373,36191
clean,0,2,2,True,0.9506542086601256,0.9367465,22728
clean,0,2,9,False,0.8533948063850403,0.8196213,42894
clean,0,1,1,True,0.9908052682876588,0.98665035,330
clean,0,2,0,False,0.9895852208137512,0.98509,37247
clean,0,8,8,True,0.990739107131958,0.9861545,37711
clean,0,1,1,True,0.9990000128746032,0.9983323,10079
clean,0,6,6,True,0.9904333353042604,0.9854231,27385
clean,0,4,4,True,0.4754915833473205,0.45853844,19118
clean,0,2,2,True,0.9437888860702516,0.92483747,6628
clean,0,0,0,True,0.9941791296005248,0.99112356,43944
clean,0,2,2,True,0.9975428581237792,0.9958917,17419
clean,0,2,5,False,0.5850297212600708,0.5527559,19328
clean,0,8,8,True,0.9971377849578856,0.9955863,37786
clean,0,9,9,True,0.9999892711639404,0.9999727,13870
clean,0,1,1,True,0.9995216131210328,0.9991266,16410
clean,0,3,3,True,0.6290174722671509,0.60331964,38976
clean,0,1,1,True,0.8871485590934753,0.86593837,40594
clean,0,5,5,True,0.7951949834823608,0.7672421,47629
clean,0,0,0,True,0.966695249080658,0.95630085,36231
clean,0,8,8,True,0.999445378780365,0.9989743,8665
clean,0,9,9,True,0.9918225407600404,0.9876437,34731
clean,0,6,6,True,0.9868223667144777,0.981649,5689
clean,0,1,9,False,0.9872068762779236,0.9824265,48995
clean,0,6,5,False,0.5479840040206909,0.5192644,44379
clean,0,1,9,False,0.9570773839950562,0.9458106,2286
clean,0,3,5,False,0.6266162991523743,0.5966489,20872
clean,0,0,0,True,0.9923710823059082,0.98840386,26207
clean,0,6,6,True,0.9923818707466124,0.98872095,35114
clean,0,5,5,True,0.8334283232688904,0.8052432,49185
clean,0,1,1,True,0.9677993655204772,0.9562031,20911
clean,0,5,5,True,0.9970224499702454,0.9950321,24226
clean,0,4,4,True,0.7871596217155457,0.74878365,34589
clean,0,2,7,False,0.6663936376571655,0.6291194,2354
clean,0,8,9,False,0.2515910565853119,0.24173671,32819
clean,0,2,2,True,0.7508413791656494,0.706554,9330
clean,0,8,8,True,0.7011812329292297,0.6786898,5262
clean,0,7,7,True,0.9916873574256896,0.98789024,40502
clean,0,5,5,True,0.6807602047920227,0.6512542,24947
clean,0,1,0,False,0.4039351344108581,0.39618754,6895
clean,0,7,7,True,0.9658147096633912,0.9524533,23682
clean,0,9,9,True,0.9998761415481568,0.9997584,34640
clean,0,6,2,False,0.4842900037765503,0.468866,46042
clean,0,0,9,False,0.8405916690826416,0.81584466,47332
clean,0,8,8,True,0.8139882683753967,0.78611046,23319
clean,0,7,7,True,0.4359708726406097,0.41467804,27043
clean,0,0,0,True,0.9707872867584229,0.9613793,32251
clean,0,8,8,True,0.5705391764640808,0.5445213,32927
clean,0,9,9,True,0.9799029231071472,0.9722997,3705
clean,0,5,5,True,0.6070759296417236,0.5812907,14355
clean,0,3,5,False,0.9329962134361268,0.91893214,6753
clean,0,2,2,True,0.8676111698150635,0.83746374,21725
clean,0,2,2,True,0.7386150360107422,0.6995237,32127
clean,0,0,0,True,0.9022294282913208,0.8862466,46935
clean,0,2,2,True,0.6894062161445618,0.6612888,30511
clean,0,6,6,True,0.9997089505195618,0.9994615,14994
clean,0,5,2,False,0.7279219031333923,0.7096358,25205
clean,0,0,0,True,0.913047969341278,0.8976948,47220
clean,0,4,4,True,0.9917333126068116,0.9872487,49097
clean,0,6,6,True,0.9977564215660096,0.99615794,10704
clean,0,1,1,True,0.910265564918518,0.8948745,46643
clean,0,1,1,True,0.5116406679153442,0.5020548,6272
clean,0,5,4,False,0.3019979000091553,0.2966984,43209
clean,0,5,5,True,0.968000054359436,0.9579754,1423
clean,0,5,5,True,0.998259961605072,0.9971228,45125
clean,0,1,1,True,0.9955867528915404,0.993419,28882
clean,0,4,7,False,0.4416980445384979,0.42378873,20964
clean,0,8,8,True,0.9991740584373474,0.9985808,34610
clean,0,3,3,True,0.9838130474090576,0.9751711,25074
clean,0,6,3,False,0.6363610625267029,0.5979128,7964
clean,0,1,9,False,0.966899573802948,0.9578937,12702
clean,0,8,0,False,0.9336795210838318,0.9128199,41980
clean,0,8,8,True,0.9958212375640868,0.99315464,32271
clean,0,8,8,True,0.9998745918273926,0.9997434,35778
clean,0,4,5,False,0.3402310013771057,0.32853532,48429
clean,0,5,5,True,0.9993645548820496,0.9988927,45018
clean,0,6,6,True,0.5053943395614624,0.4989442,11406
clean,0,0,0,True,0.9972156286239624,0.9952306,12073
clean,0,0,5,False,0.7303855419158936,0.7052398,49349
clean,0,0,0,True,0.6721062064170837,0.6299299,11255
clean,0,4,4,True,0.6906917095184326,0.657826,39302
clean,0,3,3,True,0.50356125831604,0.5007893,31978
clean,0,1,1,True,0.9895248413085938,0.9853733,47277
clean,0,0,0,True,0.9998297691345216,0.99964416,26644
clean,0,9,9,True,0.9887920022010804,0.98437935,38873
clean,0,4,4,True,0.9757506251335144,0.96603626,29610
clean,0,6,6,True,0.989487886428833,0.98409027,26395
clean,0,3,5,False,0.2801380455493927,0.27371943,43339
clean,0,8,8,True,0.8893910050392151,0.8682109,23480
clean,0,8,0,False,0.9347719550132751,0.9152103,2176
clean,0,3,3,True,0.949224591255188,0.9353034,43411
clean,0,4,7,False,0.8027508854866028,0.7766695,23737
clean,0,2,2,True,0.9990410208702089,0.9981969,44797
clean,0,4,2,False,0.3812683224678039,0.37353873,41777
clean,0,9,9,True,0.9984261989593506,0.9974607,6571
clean,0,4,4,True,0.8805732727050781,0.85325515,45775
clean,0,9,9,True,0.9882358312606812,0.98369527,36717
clean,0,6,6,True,0.5579745173454285,0.54418075,30323
clean,0,2,2,True,0.7739484310150146,0.7426491,28026
clean,0,6,5,False,0.4994101822376251,0.4772398,23082
clean,0,2,2,True,0.8145369291305542,0.79439604,26730
clean,0,2,2,True,0.9891690015792848,0.98303175,3436
clean,0,1,1,True,0.9928870797157288,0.9896539,14061
clean,0,4,5,False,0.589362382888794,0.57183087,16505
clean,0,5,5,True,0.7508624196052551,0.72146136,5303
clean,0,7,2,False,0.3140386641025543,0.3032356,23643
clean,0,0,0,True,0.9780324697494508,0.97044194,22080
clean,0,1,1,True,0.9711469411849976,0.96200395,49993
clean,0,6,6,True,0.9989820122718812,0.9982134,49754
clean,0,6,6,True,0.9966183304786682,0.99448264,40909
clean,0,6,6,True,0.6632232666015625,0.63644063,45392
clean,0,4,4,True,0.999583065509796,0.9991684,8911
clean,0,7,5,False,0.6279765963554382,0.59834486,26291
clean,0,0,0,True,0.9817988276481628,0.9739959,45419
clean,0,0,9,False,0.250664472579956,0.24047476,2950
clean,0,0,9,False,0.8346251845359802,0.80039364,25549
clean,0,8,9,False,0.5894122123718262,0.5761945,15022
clean,0,6,6,True,0.9831044673919678,0.9765792,43373
clean,0,5,5,True,0.5692145228385925,0.5462109,3916
clean,0,8,8,True,0.4802406728267669,0.45368925,24053
clean,0,6,6,True,0.9999804496765136,0.99995315,23105
clean,0,9,9,True,0.9687705039978028,0.95885324,39583
clean,0,9,9,True,0.999993085861206,0.9999825,38071
clean,0,6,6,True,0.8880971670150757,0.85919535,30706
clean,0,6,6,True,0.9934245347976683,0.9895919,40316
clean,0,3,3,True,0.8471054434776306,0.8222451,48914
clean,0,6,2,False,0.4715977311134338,0.44522458,21979
clean,0,4,4,True,0.9559313058853148,0.94231415,29368
clean,0,6,6,True,0.8872265219688416,0.8638272,36257
clean,0,6,6,True,0.570197343826294,0.54254615,8803
clean,0,7,7,True,0.9797659516334534,0.97209823,18667
clean,0,8,8,True,0.5673069357872009,0.5529141,10268
clean,0,1,1,True,0.9997983574867249,0.99959856,5433
clean,0,1,1,True,0.9816402792930604,0.97539324,37727
clean,0,5,5,True,0.7541754245758057,0.7315481,18569
clean,0,6,6,True,0.99816232919693,0.9969518,1403
clean,0,6,6,True,0.9999947547912598,0.9999865,11634
clean,0,9,9,True,0.8281952738761902,0.79885083,37575
clean,0,3,3,True,0.7167728543281555,0.70258784,19580
clean,0,4,4,True,0.9905824661254884,0.9860254,49154
clean,0,9,9,True,0.9606602191925048,0.9488941,31758
clean,0,6,6,True,0.99996018409729,0.99991095,1016
clean,0,9,9,True,0.4756760597229004,0.4698722,32600
clean,0,0,0,True,0.9946300983428956,0.99120295,5093
clean,0,9,9,True,0.5182408094406128,0.516882,49904
clean,0,8,8,True,0.9998899698257446,0.99976414,41288
clean,0,5,5,True,0.783784806728363,0.759508,15861
clean,0,7,7,True,0.9424337148666382,0.9278323,26901
clean,0,7,2,False,0.8070774674415588,0.7683095,41195
clean,0,0,0,True,0.9036089777946472,0.8797846,45886
clean,0,9,9,True,0.7134894728660583,0.6992754,38644
clean,0,9,9,True,0.9509621262550354,0.9323713,15901
clean,0,6,6,True,0.9394956231117249,0.922753,10961
clean,0,0,0,True,0.99659663438797,0.9944442,6665
clean,0,2,2,True,0.7579867243766785,0.7169679,1430
clean,0,9,9,True,0.6750548481941223,0.6576248,15420
clean,0,7,7,True,0.9697270393371582,0.9593208,35710
clean,0,6,6,True,0.947351574897766,0.93219715,20788
clean,0,1,1,True,0.999508023262024,0.99911577,42448
clean,0,7,3,False,0.4583204984664917,0.43363494,13347
clean,0,8,8,True,0.946388065814972,0.93108374,16630
clean,0,8,8,True,0.995554506778717,0.99331516,23617
clean,0,9,9,True,0.9999997615814208,0.99999917,28702
clean,0,1,1,True,0.999909520149231,0.99981195,41922
clean,0,3,3,True,0.9715363383293152,0.95985824,38304
clean,0,6,6,True,0.9947077035903932,0.99153143,17790
clean,0,3,3,True,0.7511422038078308,0.7245452,36685
clean,0,5,5,True,0.8336303234100342,0.7965471,5098
clean,0,4,4,True,0.972290575504303,0.9609528,46415
clean,0,1,1,True,0.9939706325531006,0.9909503,19668
clean,0,5,5,True,0.6444808840751648,0.62333494,12908
clean,0,7,7,True,0.4766185879707336,0.44823584,43355
clean,0,2,6,False,0.4564927816390991,0.44229946,37321
clean,0,0,0,True,0.8883435726165771,0.858916,35820
clean,0,8,8,True,0.9399684071540833,0.9263341,31332
clean,0,8,8,True,0.5415026545524597,0.5241206,15727
clean,0,6,6,True,0.994650661945343,0.9915541,15220
clean,0,0,0,True,0.9483432173728944,0.9355577,24581
clean,0,6,2,False,0.3171004354953766,0.3039421,4062
clean,0,2,3,False,0.4574669003486633,0.42929482,30834
clean,0,2,6,False,0.6388275623321533,0.6159061,40961
clean,0,9,9,True,0.9925622344017028,0.98882324,40381
clean,0,9,9,True,0.9390720129013062,0.92639226,43108
clean,0,5,5,True,0.9799179434776306,0.97130233,38305
clean,0,0,0,True,0.9779649972915648,0.9683013,33087
clean,0,1,1,True,0.8872753381729126,0.87006915,6068
clean,0,8,8,True,0.8083775043487549,0.78579164,39612
clean,0,3,4,False,0.5155861377716064,0.49150568,33210
clean,0,3,5,False,0.7573750019073486,0.7404173,32145
clean,0,6,3,False,0.3049998879432678,0.2909617,40436
clean,0,7,5,False,0.6313855648040771,0.6167718,19263
clean,0,4,4,True,0.9205977320671082,0.90288794,28
clean,0,3,3,True,0.9080408215522766,0.8814806,16661
clean,0,0,2,False,0.4513969719409942,0.43810862,21310
clean,0,4,4,True,0.6818222403526306,0.6577038,43180
clean,0,0,0,True,0.978775143623352,0.9711322,42688
clean,0,6,6,True,0.9998408555984496,0.99968183,1360
clean,0,8,8,True,0.9978267550468444,0.9963335,31617
clean,0,9,9,True,0.9999018907546996,0.9997861,45612
clean,0,1,1,True,0.9673424363136292,0.9537398,21238
clean,0,2,3,False,0.2897079586982727,0.28185162,15277
clean,0,9,9,True,0.999835968017578,0.99966097,23225
clean,0,9,9,True,0.9470430612564088,0.93135685,29938
clean,0,1,1,True,0.9925791621208192,0.9892769,39654
clean,0,9,9,True,0.9567248225212096,0.94305336,14265
clean,0,3,4,False,0.8597716689109802,0.82825464,44976
clean,0,9,9,True,0.9995331764221193,0.99915934,5352
clean,0,3,3,True,0.5599970817565918,0.54270196,22125
clean,0,3,3,True,0.4694045782089233,0.43977335,41910
clean,0,9,9,True,0.999940037727356,0.99986875,3149
clean,0,9,9,True,0.8322848081588745,0.8143129,20427
clean,0,5,5,True,0.9893173575401306,0.9851088,3917
clean,0,8,8,True,0.9883820414543152,0.9833391,46012
clean,0,1,1,True,0.8200543522834778,0.802688,8570
clean,0,6,6,True,0.6298026442527771,0.5874852,39252
clean,0,5,5,True,0.6289387941360474,0.59144634,18096
clean,0,3,5,False,0.6273472905158997,0.59643894,7517
clean,0,8,0,False,0.8596794605255127,0.8400934,16729
clean,0,5,5,True,0.985693097114563,0.98028755,10014
clean,0,3,5,False,0.568834125995636,0.5556751,44108
clean,0,8,8,True,0.9976310729980468,0.9960536,46636
clean,0,9,9,True,0.9999308586120604,0.9998529,17968
clean,0,3,5,False,0.8067518472671509,0.77505165,33133
clean,0,2,7,False,0.6243569850921631,0.5887295,33108
clean,0,0,0,True,0.962318480014801,0.9512657,17866
clean,0,5,3,False,0.5053198337554932,0.47602022,44931
clean,0,5,7,False,0.359064519405365,0.35169658,21502
clean,0,3,3,True,0.5574218034744263,0.53554493,29848
clean,0,8,8,True,0.9918863773345948,0.9882957,43916
clean,0,1,1,True,0.9930900931358336,0.98987204,43514
clean,0,1,9,False,0.9248003959655762,0.9059513,6819
clean,0,1,6,False,0.5366858243942261,0.51282275,15748
clean,0,8,8,True,0.7710420489311218,0.7509715,485
clean,0,4,2,False,0.7394035458564758,0.71985817,45611
clean,0,6,6,True,0.8482698202133179,0.8210817,44492
clean,0,1,8,False,0.5768511891365051,0.55461645,39953
clean,0,4,4,True,0.9895602464675904,0.9842318,7035
clean,0,4,4,True,0.9129208922386168,0.89252985,41931
clean,0,0,0,True,0.9761494994163512,0.96656376,48136
clean,0,3,4,False,0.3542817831039428,0.34448355,18366
clean,0,1,1,True,0.9987741112709044,0.99798596,19594
clean,0,1,1,True,0.9999959468841552,0.99998975,36618
clean,0,4,7,False,0.5796186327934265,0.55250037,22990
clean,0,3,2,False,0.2641806304454803,0.25607598,13281
clean,0,1,1,True,0.9995493292808532,0.999134,41607
clean,0,0,0,True,0.9998794794082642,0.99974173,45358
clean,0,7,7,True,0.7570501565933228,0.7209518,52
clean,0,1,1,True,0.999987244606018,0.99997056,38333
clean,0,5,5,True,0.5075157880783081,0.4900841,22893
clean,0,8,8,True,0.918296754360199,0.8958658,47119
clean,0,1,1,True,0.9039655923843384,0.8846404,22379
clean,0,4,4,True,0.987516701221466,0.9813597,32928
clean,0,9,1,False,0.5671584010124207,0.56215596,19411
clean,0,1,1,True,0.976036012172699,0.9684428,42116
clean,0,8,8,True,0.96103835105896,0.94918483,30640
clean,0,6,6,True,0.9018228054046632,0.8784113,32422
clean,0,1,1,True,0.7172103524208069,0.699221,29806
clean,0,9,9,True,0.9995571970939636,0.9991992,20187
clean,0,2,9,False,0.6399837136268616,0.61264694,11256
clean,0,8,8,True,0.9951223731040956,0.991926,48120
clean,0,2,2,True,0.6570849418640137,0.64224684,6041
clean,0,8,8,True,0.9986286163330078,0.9975782,13027
clean,0,6,6,True,0.9940366744995116,0.9903392,33065
clean,0,2,2,True,0.6090517640113831,0.58297044,14383
clean,0,8,8,True,0.990851104259491,0.9863688,17758
clean,0,2,0,False,0.9490619897842408,0.93456376,39112
clean,0,3,5,False,0.6073960065841675,0.5805313,5918
clean,0,3,3,True,0.8789088726043701,0.8469367,8986
clean,0,1,1,True,0.880151629447937,0.8611708,28623
clean,0,5,5,True,0.9412648677825928,0.92477256,3995
clean,0,5,5,True,0.9642602205276488,0.9538745,39018
clean,0,5,5,True,0.9924680590629578,0.98840743,47786
clean,0,1,1,True,0.9994458556175232,0.998917,31786
clean,0,8,8,True,0.9999061822891236,0.99980706,44501
clean,0,0,0,True,0.9196802973747252,0.90169877,44067
clean,0,9,9,True,0.9942755103111268,0.9913017,29043
clean,0,2,4,False,0.8217695355415344,0.793231,41308
clean,0,9,9,True,0.9800698757171632,0.9718588,3006
clean,0,6,6,True,0.6143427491188049,0.5820477,38050
clean,0,5,3,False,0.4804578721523285,0.45856333,5681
clean,0,9,9,True,0.9999390840530396,0.9998617,28959
clean,0,1,1,True,0.9987032413482666,0.99783677,45210
clean,0,8,8,True,0.3279884457588196,0.3122658,12792
clean,0,7,4,False,0.3443014323711395,0.33315212,29441
clean,0,2,2,True,0.9445469975471495,0.927132,10263
clean,0,9,9,True,0.8974000215530396,0.8812683,15586
clean,0,9,9,True,0.999589741230011,0.99919444,46639
clean,0,7,7,True,0.899425208568573,0.8703664,32286
clean,0,9,1,False,0.5451333522796631,0.5365047,19893
clean,0,1,1,True,0.9919008612632751,0.987852,13118
clean,0,9,9,True,0.9433804750442504,0.92531174,3876
clean,0,9,9,True,0.9998620748519896,0.9997199,25936
clean,0,3,3,True,0.940921187400818,0.9243787,42433
clean,0,0,0,True,0.921622395515442,0.90263397,36819
clean,0,4,4,True,0.8112779259681702,0.7795126,24205
clean,0,7,7,True,0.9925615191459656,0.9887947,39266
clean,0,9,9,True,0.9980069994926452,0.99683714,27917
clean,0,5,2,False,0.9098823070526124,0.88493407,19182
clean,0,9,9,True,0.9999556541442872,0.9999044,42106
clean,0,9,9,True,0.9988214373588562,0.9980584,45033
clean,0,0,0,True,0.8485792279243469,0.82248896,5216
clean,0,3,3,True,0.6271390914916992,0.6047222,41715
clean,0,7,5,False,0.4207504987716675,0.40365347,40416
clean,0,7,7,True,0.9997130036354064,0.99945265,22942
clean,0,0,0,True,0.8548171520233154,0.83025545,6313
clean,0,6,6,True,0.9941082000732422,0.99052024,49854
clean,0,9,9,True,0.999836564064026,0.99967575,24345
clean,0,1,1,True,0.9980124235153198,0.9967533,3212
clean,0,4,4,True,0.5059210062026978,0.48139188,36466
clean,0,2,1,False,0.8412466049194336,0.8057145,36367
clean,0,5,5,True,0.9255629777908324,0.9103183,35034
clean,0,6,6,True,0.8567154407501221,0.8262848,15387
clean,0,8,0,False,0.864844024181366,0.83450866,14028
clean,0,3,7,False,0.503221333026886,0.47223336,41117
clean,0,3,3,True,0.5929959416389465,0.57707834,40314
clean,0,3,3,True,0.8682146072387695,0.84786993,20639
clean,0,4,4,True,0.9957454800605774,0.9929885,38584
clean,0,7,7,True,0.8999481201171875,0.8755855,43163
clean,0,8,0,False,0.6558094024658203,0.63058656,27550
clean,0,0,0,True,0.6396128535270691,0.62943536,28724
clean,0,5,5,True,0.9737011790275574,0.96477926,31867
clean,0,7,2,False,0.6714483499526978,0.6416168,19346
clean,0,7,7,True,0.99910968542099,0.9984334,18481
clean,0,5,5,True,0.9518895149230956,0.93711036,2748
clean,0,6,6,True,0.999710977077484,0.99944335,6506
clean,0,7,5,False,0.7236844301223755,0.68775165,48857
clean,0,3,5,False,0.8207015991210938,0.801829,36351
clean,0,9,9,True,0.9783862233161926,0.9710023,26952
clean,0,8,8,True,0.9942544102668762,0.9911287,22649
clean,0,9,9,True,0.9999905824661256,0.999977,39065
clean,0,0,0,True,0.9378948211669922,0.9176433,2287
clean,0,7,7,True,0.9933464527130128,0.9898335,40439
clean,0,2,2,True,0.4738181233406067,0.4442687,27948
clean,0,7,7,True,0.8968278169631958,0.87081385,45945
clean,0,6,6,True,0.9823690056800842,0.9750865,49537
clean,0,4,7,False,0.9244320392608644,0.90740067,26068
clean,0,5,5,True,0.9624778032302856,0.94854665,33837
clean,0,8,1,False,0.5942338109016418,0.56554663,26306
clean,0,6,6,True,0.9980899691581726,0.9967391,13932
clean,0,2,2,True,0.9942420125007628,0.9906985,12675
clean,0,3,5,False,0.8713536858558655,0.852792,12780
clean,0,9,9,True,0.9828726649284364,0.9742819,16394
clean,0,0,0,True,0.9918984174728394,0.9880656,6396
clean,0,8,9,False,0.7463322281837463,0.71305835,22714
clean,0,0,0,True,0.9613854289054872,0.9499321,32056
clean,0,6,6,True,0.9748423099517822,0.96403885,28277
clean,0,7,7,True,0.9630891680717468,0.95010746,33636
clean,0,6,6,True,0.9989468455314636,0.99820197,9756
clean,0,8,8,True,0.7399146556854248,0.71384424,18623
clean,0,0,0,True,0.9978891015052797,0.9965263,40612
clean,0,5,5,True,0.5186293125152588,0.50933063,22469
clean,0,6,6,True,0.9808278679847716,0.9733969,35213
clean,0,1,1,True,0.940518319606781,0.91885704,37027
clean,0,9,9,True,0.842042863368988,0.8123618,5031
clean,0,1,1,True,0.9976726174354552,0.9963381,6623
clean,0,7,7,True,0.4812931716442108,0.45966527,40064
clean,0,5,5,True,0.7883418798446655,0.75047934,23448
clean,0,0,0,True,0.9994935989379884,0.99909675,13459
clean,0,5,5,True,0.846764862537384,0.82519335,46820
clean,0,2,6,False,0.7674757242202759,0.7427059,23264
clean,0,5,5,True,0.8982604146003723,0.8769019,44990
clean,0,6,6,True,0.9987008571624756,0.99774504,124
clean,0,5,5,True,0.9994712471961976,0.9990608,18845
clean,0,4,4,True,0.4452430605888366,0.42413795,9018
clean,0,6,6,True,0.9938353300094604,0.99026346,23917
clean,0,2,2,True,0.8718104362487793,0.8505884,35168
clean,0,3,3,True,0.4978920519351959,0.48519105,7122
clean,0,4,4,True,0.8531076908111572,0.8272965,48780
clean,0,2,2,True,0.9959916472434998,0.99328595,15189
clean,0,2,2,True,0.4572453200817108,0.43722907,46933
clean,0,0,0,True,0.9999147653579712,0.99982786,28865
clean,0,4,4,True,0.8708645701408386,0.840606,24421
clean,0,8,8,True,0.9969522953033448,0.99492115,5284
clean,0,3,8,False,0.5177513957023621,0.48538926,31975
clean,0,9,9,True,0.9997937083244324,0.99960226,16413
clean,0,2,5,False,0.5193629264831543,0.5052772,22486
clean,0,3,3,True,0.5116037726402283,0.48583618,10189
clean,0,8,8,True,0.9927818775177002,0.9895918,9378
clean,0,2,2,True,0.994357407093048,0.9910886,38996
clean,0,7,7,True,0.973671555519104,0.9625382,37525
clean,0,8,9,False,0.3944506347179413,0.37153426,25096
clean,0,3,3,True,0.5561664700508118,0.52184665,6872
clean,0,4,2,False,0.5557689666748047,0.5454252,3036
clean,0,7,7,True,0.999882698059082,0.99975866,2889
clean,0,4,6,False,0.3573369085788727,0.34559563,5946
clean,0,0,0,True,0.9939690828323364,0.9912156,1178
clean,0,4,3,False,0.3306257128715515,0.31636196,34337
clean,0,8,8,True,0.8224379420280457,0.79199076,13992
clean,0,6,3,False,0.4538176655769348,0.43952513,41870
clean,0,6,6,True,0.9988998174667358,0.99808466,37574
clean,0,1,1,True,0.999873161315918,0.9997423,7738
clean,0,9,9,True,0.9526837468147278,0.9414795,3820
clean,0,5,2,False,0.7520028948783875,0.71827364,48730
clean,0,6,6,True,0.9997181296348572,0.99947137,42896
clean,0,1,1,True,0.953616976737976,0.9409247,15042
clean,0,2,2,True,0.985345721244812,0.97821116,1207
clean,0,8,0,False,0.8736693859100342,0.8428486,9159
clean,0,2,4,False,0.9784189462661744,0.9690906,38001
clean,0,6,3,False,0.4672284722328186,0.44420424,9814
clean,0,5,3,False,0.6192238926887512,0.6002647,12734
clean,0,5,5,True,0.9406995177268982,0.9275613,11341
clean,0,0,0,True,0.8573471903800964,0.8224325,40649
clean,0,4,4,True,0.9986610412597656,0.9976689,8046
clean,0,2,2,True,0.7248110175132751,0.6844619,6774
clean,0,8,8,True,0.9988163709640504,0.9980313,25054
clean,0,7,7,True,0.9980607628822328,0.9967349,10232
clean,0,6,6,True,0.8075718283653259,0.7763384,6254
clean,0,0,0,True,0.8539338707923889,0.8368006,28126
clean,0,3,5,False,0.8324793577194214,0.8080002,43490
clean,0,3,6,False,0.7489434480667114,0.7218512,717
clean,0,7,7,True,0.98204904794693,0.9745008,31247
clean,0,6,6,True,0.9976486563682556,0.9959609,22389
clean,0,9,9,True,0.9339511394500732,0.91275495,13343
clean,0,3,5,False,0.7552658319473267,0.72791404,9612
clean,0,6,6,True,0.9824599027633668,0.9746035,552
clean,0,6,6,True,0.9999983310699464,0.9999951,16998
clean,0,6,5,False,0.3461012244224548,0.32929102,47465
clean,0,3,3,True,0.5163619518280029,0.48157772,22638
clean,0,7,5,False,0.5371036529541016,0.51882595,27161
clean,0,0,0,True,0.99763822555542,0.996071,11661
clean,0,3,3,True,0.6135685443878174,0.58309394,31344
clean,0,2,2,True,0.9244641661643982,0.9056875,29448
clean,0,6,6,True,0.966827929019928,0.9533693,34394
clean,0,8,8,True,0.6926747560501099,0.6503009,36187
clean,0,9,9,True,0.9998629093170166,0.99972004,35533
clean,0,4,4,True,0.988223135471344,0.98367876,10174
clean,0,6,6,True,0.7663633823394775,0.7339731,42791
clean,0,5,4,False,0.7638586759567261,0.73315555,25824
clean,0,3,3,True,0.5266022682189941,0.5025801,40809
clean,0,9,9,True,0.5745850205421448,0.5380695,18648
clean,0,5,5,True,0.9984397292137146,0.9974733,6248
clean,0,8,8,True,0.9782382249832152,0.9693207,15334
clean,0,7,7,True,0.999795377254486,0.99959916,48343
clean,0,1,1,True,0.9981282353401184,0.99700576,14470
clean,0,7,7,True,0.9928967356681824,0.9895615,29892
clean,0,1,1,True,0.9720070958137512,0.9638111,30949
clean,0,6,6,True,0.9749972224235536,0.964464,437
clean,0,0,0,True,0.3898696601390838,0.36872166,3102
clean,0,3,9,False,0.7352522611618042,0.70711124,34042
clean,0,7,7,True,0.9998379945755004,0.99968684,14603
clean,0,4,4,True,0.974914848804474,0.9637924,10472
clean,0,1,9,False,0.9361834526062012,0.9230444,49411
clean,0,4,4,True,0.9045470356941224,0.882178,43502
clean,0,1,1,True,0.9974789023399352,0.9960628,40453
clean,0,7,5,False,0.2879995703697204,0.27841052,589
clean,0,9,9,True,0.9999021291732788,0.99980515,17213
clean,0,1,1,True,0.9994356036186218,0.9989973,17474
clean,0,3,5,False,0.7251815795898438,0.6943902,41639
clean,0,8,8,True,0.9958139061927797,0.99313533,30504
clean,0,5,5,True,0.9356184601783752,0.9186646,3022
clean,0,8,8,True,0.9998072981834412,0.9996195,43149
clean,0,0,0,True,0.7668727040290833,0.7399001,3880
clean,0,8,8,True,0.9856014847755432,0.97942346,32506
clean,0,9,9,True,0.9835795760154724,0.97623914,41280
clean,0,0,0,True,0.9978431463241576,0.9963413,3574
clean,0,2,2,True,0.6559047102928162,0.6268957,35837
clean,0,3,3,True,0.3354200422763824,0.33020318,44673
clean,0,7,7,True,0.975016713142395,0.96594584,36017
clean,0,4,2,False,0.3757227063179016,0.35899454,14397
clean,0,5,5,True,0.8142454028129578,0.7931625,18176
clean,0,8,8,True,0.8713076114654541,0.852847,48690
clean,0,9,9,True,0.9931040406227112,0.9900575,7960
clean,0,9,9,True,0.9815964102745056,0.97534674,24253
clean,0,4,4,True,0.8016384840011597,0.776031,14644
clean,0,0,0,True,0.9996581077575684,0.9993131,40896
clean,0,8,8,True,0.982077658176422,0.9749922,7790
clean,0,6,6,True,0.9777634143829346,0.96802104,24897
clean,0,4,4,True,0.5621700882911682,0.5371655,35054
clean,0,5,3,False,0.295465737581253,0.28780735,46035
clean,0,8,8,True,0.9921441078186036,0.9884603,47832
clean,0,2,2,True,0.4508185386657715,0.42547116,37339
clean,0,2,2,True,0.5079183578491211,0.49374807,11713
clean,0,6,6,True,0.8705337643623352,0.84621364,18098
clean,0,0,0,True,0.9991565942764282,0.9984206,11908
clean,0,2,2,True,0.9899222254753112,0.98444265,29090
clean,0,1,1,True,0.8586753606796265,0.84164125,45097
clean,0,5,6,False,0.9539093375205994,0.9388593,47725
clean,0,4,4,True,0.9673988819122314,0.9549583,5256
clean,0,5,5,True,0.994530975818634,0.9919293,46734
clean,0,5,2,False,0.3589085340499878,0.34448558,30441
clean,0,7,7,True,0.9562218189239502,0.9436606,362
clean,0,5,5,True,0.9293007254600524,0.9146181,37958
clean,0,1,1,True,0.9779840111732484,0.96961445,10000
clean,0,9,1,False,0.5939052700996399,0.5866595,7691
clean,0,7,7,True,0.9990204572677612,0.9982381,43510
clean,0,2,6,False,0.6047725677490234,0.589812,18
clean,0,1,1,True,0.9397446513175964,0.9244738,2800
clean,0,8,0,False,0.5318655967712402,0.52322257,45354
clean,0,9,9,True,0.9928038716316224,0.98835176,2758
clean,0,2,2,True,0.5543485283851624,0.54628754,5922
clean,0,4,4,True,0.9596140384674072,0.9444824,47869
clean,0,9,9,True,0.9971854090690612,0.99516124,37157
clean,0,7,7,True,0.9786084294319152,0.96982443,13284
clean,0,9,1,False,0.870583713054657,0.8431639,48435
clean,0,2,2,True,0.9075326919555664,0.88199246,33829
clean,0,2,2,True,0.9977858066558838,0.99643326,29885
clean,0,1,1,True,0.6528550982475281,0.6386961,27627
clean,0,5,5,True,0.9293246269226074,0.9092592,1134
clean,0,2,2,True,0.9986739158630372,0.9976618,3235
clean,0,3,3,True,0.4946900308132171,0.46407858,4308
clean,0,2,2,True,0.9730983376502992,0.9617255,29625
clean,0,6,6,True,0.99943608045578,0.99897647,14392
clean,0,0,8,False,0.7626479268074036,0.7317952,6132
clean,0,7,7,True,0.9680021405220032,0.95564044,18195
clean,0,0,0,True,0.9992181062698364,0.9986539,12640
clean,0,0,0,True,0.9965476393699646,0.99424803,14116
clean,0,9,9,True,0.9997010827064514,0.99939406,16999
clean,0,4,4,True,0.9987187385559082,0.9977113,45782
clean,0,4,4,True,0.8498744964599609,0.82643884,35494
clean,0,9,9,True,0.9633451104164124,0.9488095,31186
clean,0,8,0,False,0.5733328461647034,0.5570102,45839
clean,0,8,8,True,0.7919065952301025,0.7712391,11069
clean,0,3,3,True,0.6856216192245483,0.6472243,17803
clean,0,4,4,True,0.9536794424057008,0.93799317,15152
clean,0,8,0,False,0.5576655268669128,0.54571956,1398
clean,0,0,4,False,0.4175752699375152,0.39198288,29653
clean,0,6,5,False,0.4208398461341858,0.40051916,33528
clean,0,2,2,True,0.7070212960243225,0.6721136,10860
clean,0,2,2,True,0.6507741808891296,0.6202829,3662
clean,0,0,0,True,0.9393458962440492,0.92276067,21023
clean,0,0,0,True,0.9999783039093018,0.99994934,26296
clean,0,9,1,False,0.5106877684593201,0.50988585,16769
clean,0,6,6,True,0.99588143825531,0.993471,17574
clean,0,5,5,True,0.4913527369499206,0.48590013,32124
clean,0,3,3,True,0.9890704154968262,0.98464936,12988
clean,0,5,5,True,0.9962222576141356,0.9940382,3394
clean,0,9,9,True,0.9970843195915222,0.99548113,10859
clean,0,9,9,True,0.9960235357284546,0.9936838,29112
clean,0,1,1,True,0.9982093572616576,0.9970131,45613
clean,0,7,7,True,0.9994014501571656,0.99893004,41781
clean,0,6,6,True,0.7066993713378906,0.67590284,43380
clean,0,8,0,False,0.4546131491661072,0.44531962,1255
clean,0,5,5,True,0.8762186169624329,0.849208,7246
clean,0,3,6,False,0.7058364152908325,0.6863185,26535
clean,0,0,0,True,0.9997393488883972,0.99949026,31955
clean,0,0,0,True,0.9946209192276,0.9913237,35391
clean,0,4,4,True,0.8556588292121887,0.82063955,19161
clean,0,5,5,True,0.999693751335144,0.99944085,31302
clean,0,8,8,True,0.9901841282844543,0.9846645,30863
clean,0,2,2,True,0.9505335688591005,0.93348575,20589
clean,0,5,5,True,0.76568204164505,0.73620105,40
clean,0,5,5,True,0.9746014475822448,0.96578157,15728
clean,0,9,9,True,0.9999876022338868,0.9999697,1137
clean,0,8,8,True,0.9678189158439636,0.9574981,46031
clean,0,5,5,True,0.7655044198036194,0.73587805,45633
clean,0,3,3,True,0.965060532093048,0.95380497,46742
clean,0,5,5,True,0.9105397462844848,0.88754225,40014
clean,0,0,0,True,0.6776801347732544,0.6564799,25083
clean,0,5,5,True,0.99428528547287,0.99124724,30126
clean,0,8,8,True,0.9345496296882628,0.9170088,27068
clean,0,0,0,True,0.9921556115150452,0.98850584,41600
clean,0,1,1,True,0.644047200679779,0.63047725,30714
clean,0,6,6,True,0.7275615334510803,0.69814736,45220
clean,0,1,1,True,0.9972450733184814,0.9955238,35945
clean,0,6,6,True,0.3565729260444641,0.3343273,17766
clean,0,8,8,True,0.9671525359153748,0.95763123,21842
clean,0,1,1,True,0.5358377695083618,0.5327272,21530
clean,0,5,5,True,0.8930987119674683,0.8688399,16079
clean,0,3,3,True,0.6088043451309204,0.57739574,35772
clean,0,1,1,True,0.9961036443710328,0.9938012,40602
clean,0,1,1,True,0.9374051690101624,0.91656846,34802
clean,0,8,8,True,0.9992398023605348,0.9986217,26371
clean,0,1,1,True,0.9970056414604188,0.99517184,36938
clean,0,8,8,True,0.7270552515983582,0.7110275,49746
clean,0,6,6,True,0.9990656971931458,0.9983398,45895
clean,0,9,9,True,0.9983896017074584,0.9972869,14112
clean,0,4,4,True,0.9975065588951112,0.99598724,43897
clean,0,4,4,True,0.8852096796035767,0.8525038,14316
clean,0,5,5,True,0.8107608556747437,0.79266894,12053
clean,0,1,1,True,0.9151443243026732,0.89453274,23260
clean,0,9,9,True,0.988644242286682,0.98280644,37031
clean,0,2,2,True,0.3527041971683502,0.34364173,29907
clean,0,6,5,False,0.8023337721824646,0.7743406,13076
clean,0,9,9,True,0.996494472026825,0.994383,9807
clean,0,7,7,True,0.9581530690193176,0.9448019,12432
clean,0,9,9,True,0.9971091151237488,0.9952484,29565
clean,0,5,5,True,0.946550726890564,0.9343473,29858
clean,0,7,7,True,0.985442280769348,0.97886425,4613
clean,0,8,0,False,0.7906064391136169,0.7685524,17386
clean,0,0,0,True,0.2707656621932983,0.26075274,38179
clean,0,7,7,True,0.9573588371276855,0.9430041,18124
clean,0,3,3,True,0.9579463601112366,0.94711274,14779
clean,0,5,5,True,0.999687910079956,0.99939704,20493
clean,0,1,1,True,0.979306697845459,0.9714721,38950
clean,0,6,6,True,0.9998206496238708,0.99965835,1175
clean,0,0,0,True,0.7214492559432983,0.6802066,20973
clean,0,2,2,True,0.7796558141708374,0.74108267,7116
clean,0,9,9,True,0.9999923706054688,0.9999814,44394
clean,0,7,7,True,0.9620363712310792,0.9465921,6573
clean,0,4,6,False,0.487736701965332,0.46481633,31277
clean,0,4,4,True,0.8934298157691956,0.87164116,30353
clean,0,7,4,False,0.3576945066452026,0.3462935,32097
clean,0,9,9,True,0.9992842078208924,0.99861073,19563
clean,0,3,3,True,0.9290086627006532,0.91261744,9738
clean,0,8,8,True,0.9848214983940125,0.9782322,24976
clean,0,0,0,True,0.9978675842285156,0.99629444,8190
clean,0,3,5,False,0.3750137686729431,0.36053103,26797
clean,0,7,7,True,0.4243364632129669,0.4153322,46709
clean,0,3,3,True,0.8519233465194702,0.8182225,17067
clean,0,5,5,True,0.8206959962844849,0.7925581,45553
clean,0,4,4,True,0.6749979853630066,0.64805466,40803
clean,0,6,6,True,0.9979257583618164,0.99640286,10183
clean,0,0,0,True,0.9040405750274658,0.8765391,34231
clean,0,6,6,True,0.9994896650314332,0.9990108,32435
clean,0,9,9,True,0.943912386894226,0.9300351,28915
clean,0,7,7,True,0.5072046518325806,0.49974033,11167
clean,0,1,1,True,0.9990166425704956,0.9983387,22762
clean,0,2,2,True,0.4016746282577514,0.38294503,41577
clean,0,6,3,False,0.3425537943840027,0.3331799,20981
clean,0,5,5,True,0.9055930376052856,0.8814756,45664
clean,0,1,1,True,0.5586026310920715,0.547498,47237
clean,0,5,5,True,0.9990358352661132,0.99837434,33311
clean,0,9,9,True,0.9999549388885498,0.9999026,36109
clean,0,0,0,True,0.8585765361785889,0.82573396,11563
clean,0,7,7,True,0.9644904136657716,0.95169157,44424
clean,0,1,1,True,0.9988251328468324,0.9980552,21270
clean,0,0,0,True,0.9604424238204956,0.94480693,36886
clean,0,0,0,True,0.9978694915771484,0.9964774,1514
clean,0,1,1,True,0.9743296504020692,0.9657304,35011
clean,0,8,8,True,0.5236505270004272,0.50312614,47974
clean,0,7,5,False,0.9832100868225098,0.9771786,10573
clean,0,3,5,False,0.7096195220947266,0.6865771,37939
clean,0,9,9,True,0.960628628730774,0.9475399,35384
clean,0,2,2,True,0.9881757497787476,0.98198223,42483
clean,0,5,5,True,0.5018804669380188,0.48108247,47477
clean,0,4,7,False,0.5752209424972534,0.55443776,30614
clean,0,2,2,True,0.9990487694740297,0.9982406,46784
clean,0,8,8,True,0.9878948330879213,0.9817276,31157
clean,0,1,1,True,0.997008979320526,0.99511623,29171
clean,0,6,6,True,0.9737622141838074,0.96377546,27563
clean,0,7,7,True,0.6730557680130005,0.64751345,27634
clean,0,6,6,True,0.9817011952400208,0.9740831,2997
clean,0,6,6,True,0.880822479724884,0.8604271,42679
clean,0,0,0,True,0.9939581155776978,0.99109566,33130
clean,0,2,2,True,0.9471991658210754,0.9294768,13340
clean,0,4,4,True,0.956332802772522,0.94373083,10367
clean,0,5,3,False,0.4887433350086212,0.4805232,47820
clean,0,2,2,True,0.8723889589309692,0.8525376,9424
clean,0,6,6,True,0.9585288166999816,0.94370514,17788
clean,0,5,5,True,0.9346981048583984,0.9161662,15378
clean,0,4,4,True,0.9098471403121948,0.88639253,38802
clean,0,8,8,True,0.9789494276046752,0.9704724,47843
clean,0,0,0,True,0.5382227301597595,0.53529847,28456
clean,0,6,6,True,0.9975593090057372,0.9959021,48600
clean,0,6,6,True,0.5735686421394348,0.5489915,3823
clean,0,9,9,True,0.9020852446556092,0.8789793,44066
clean,0,3,4,False,0.4322145283222198,0.417425,32043
clean,0,8,8,True,0.7947703003883362,0.7653699,28950
clean,0,4,4,True,0.9698750972747804,0.95778865,6289
clean,0,3,3,True,0.8147966861724854,0.77412546,18896
clean,0,1,1,True,0.9999405145645142,0.9998776,136
clean,0,2,2,True,0.9854472875595092,0.9791668,36197
clean,0,9,9,True,0.9911851286888124,0.98702615,15841
clean,0,8,8,True,0.9589195251464844,0.9477079,41218
clean,0,7,7,True,0.9998795986175536,0.99975127,422
clean,0,3,2,False,0.4418462216854095,0.41694316,46801
clean,0,4,4,True,0.7051982283592224,0.6877867,46528
clean,0,0,0,True,0.9915452003479004,0.98631823,22178
clean,0,8,0,False,0.6445958018302917,0.6304091,35150
clean,0,9,9,True,0.99958473443985,0.9991792,49370
clean,0,5,5,True,0.8034453392028809,0.7832874,11947
clean,0,7,7,True,0.638671875,0.61036855,1094
clean,0,5,5,True,0.980918288230896,0.9726733,10484
clean,0,2,2,True,0.8015355467796326,0.7668081,46293
clean,0,1,1,True,0.9998351335525512,0.9996829,2827
clean,0,7,7,True,0.5630297660827637,0.537887,37763
clean,0,5,5,True,0.4447646737098694,0.4297513,2374
clean,0,1,1,True,0.9987216591835022,0.99789137,11702
clean,0,6,6,True,0.8657148480415344,0.839335,47354
clean,0,1,1,True,0.7912912368774414,0.76371205,11646
clean,0,0,0,True,0.9919961094856262,0.9880211,36698
clean,0,3,3,True,0.8329418897628784,0.8045787,42176
clean,0,7,4,False,0.3365848660469055,0.32811522,537
clean,0,6,6,True,0.981652557849884,0.9739458,9431
clean,0,3,3,True,0.7228345274925232,0.6862643,6980
clean,0,5,5,True,0.9156830310821532,0.8929844,44903
clean,0,8,8,True,0.9999047517776488,0.99980825,4507
clean,0,0,0,True,0.8421070575714111,0.8146793,17233
clean,0,6,6,True,0.9105805158615112,0.8882371,45889
clean,0,1,1,True,0.8098497986793518,0.79053956,42498
clean,0,5,5,True,0.99625164270401,0.994166,47524
clean,0,5,5,True,0.7060153484344482,0.68453926,20322
clean,0,3,5,False,0.5980626344680786,0.5731992,28880
clean,0,5,5,True,0.8849979639053345,0.8614839,25583
clean,0,6,6,True,0.9760516881942748,0.96707773,5177
clean,0,3,5,False,0.5064055919647217,0.49668404,27433
clean,0,2,2,True,0.9398270845413208,0.92372763,6917
clean,0,6,6,True,0.9761769771575928,0.9679359,39639
clean,0,9,9,True,0.9999951124191284,0.99998796,38569
clean,0,1,1,True,0.4970463216304779,0.49365777,49345
clean,0,7,7,True,0.9778319597244264,0.9689841,22739
clean,0,2,2,True,0.6945574879646301,0.66396856,9455
clean,0,0,0,True,0.9648876786231996,0.95146775,165
clean,0,7,0,False,0.6218583583831787,0.60249376,20701
clean,0,1,1,True,0.861329197883606,0.82858676,47182
clean,0,3,6,False,0.3407019674777984,0.3304876,12215
clean,0,1,1,True,0.93595153093338,0.92199486,3899
clean,0,8,8,True,0.8669829368591309,0.845719,44890
clean,0,4,4,True,0.9973279237747192,0.9955966,2234
clean,0,7,7,True,0.7046434283256531,0.6639601,5001
clean,0,8,8,True,0.9942916631698608,0.99154973,10402
clean,0,0,0,True,0.9947807192802428,0.991746,29173
clean,0,5,3,False,0.3541862070560455,0.33703786,43495
clean,0,4,4,True,0.7518977522850037,0.72662604,37576
clean,0,8,8,True,0.9999557733535768,0.9998975,18565
clean,0,7,7,True,0.8267291188240051,0.80184317,39215
clean,0,1,1,True,0.4844017624855041,0.45691553,44466
clean,0,4,4,True,0.9456800818443298,0.9276333,20823
clean,0,5,5,True,0.5088874101638794,0.48612127,8755
clean,0,0,0,True,0.918020486831665,0.9002679,43829
clean,0,5,5,True,0.9630825519561768,0.9496583,31091
clean,0,3,3,True,0.4004730880260467,0.38294068,40852
clean,0,2,2,True,0.9893976449966432,0.98389184,1267
clean,0,1,1,True,0.5503718852996826,0.54621774,30234
clean,0,9,9,True,0.9997358918190002,0.99950874,46280
clean,0,7,4,False,0.7066472172737122,0.6675369,47887
clean,0,2,2,True,0.998407781124115,0.9972269,25833
clean,0,6,6,True,0.8953962922096252,0.87124217,43501
clean,0,7,7,True,0.9508640170097352,0.9330534,10094
clean,0,9,9,True,0.9997679591178894,0.99951196,25978
clean,0,3,6,False,0.5387832522392273,0.53098834,27742
clean,0,2,2,True,0.9732933640480042,0.96220386,24334
clean,0,6,6,True,0.9832409620285034,0.97627664,12305
clean,0,5,5,True,0.5916445851325989,0.58446133,27720
clean,0,4,4,True,0.8796575665473938,0.8592243,49727
clean,0,7,7,True,0.9461494088172911,0.9308781,26983
clean,0,3,5,False,0.5771538019180298,0.55946153,32715
clean,0,7,7,True,0.9077348113059998,0.88350344,19383
clean,0,0,2,False,0.6700050234794617,0.6459959,15923
clean,0,9,9,True,0.99859219789505,0.99770516,49260
clean,0,9,0,False,0.5411810874938965,0.5262115,27439
clean,0,7,7,True,0.992997407913208,0.9893544,26562
clean,0,9,9,True,0.9398378133773804,0.92645067,31870
clean,0,9,9,True,0.9863187074661256,0.98035425,6152
clean,0,8,0,False,0.8022415041923523,0.7742029,30664
clean,0,4,4,True,0.9952508211135864,0.9921308,49575
clean,0,2,2,True,0.9833463430404664,0.9755975,48092
clean,0,3,3,True,0.9473158717155457,0.9344067,22868
clean,0,8,9,False,0.7389047145843506,0.7221858,8785
clean,0,2,4,False,0.3477930128574371,0.33458522,10438
clean,0,2,2,True,0.479561448097229,0.44988227,42588
clean,0,5,4,False,0.9217581152915956,0.9005129,25265
clean,0,2,2,True,0.5841681361198425,0.5553629,44510
clean,0,3,7,False,0.3899180889129638,0.36916244,34055
clean,0,1,9,False,0.7860236763954163,0.7613049,44869
clean,0,0,0,True,0.9959999322891236,0.99323916,658
clean,0,6,6,True,0.9749841094017028,0.9644163,42790
clean,0,3,3,True,0.5805517435073853,0.5511775,22245
clean,0,1,1,True,0.9999536275863647,0.9999026,21706
clean,0,2,7,False,0.3385342955589294,0.32601863,1576
clean,0,3,6,False,0.6609471440315247,0.6299636,11291
clean,0,7,7,True,0.8763262629508972,0.84704965,3553
clean,0,6,6,True,0.6659294366836548,0.63149625,35123
clean,0,3,0,False,0.7800203561782837,0.74715954,29643
clean,0,4,4,True,0.9073317050933838,0.8838408,41642
clean,0,2,2,True,0.9990789890289308,0.9983139,2799
clean,0,2,2,True,0.966723084449768,0.9554896,46522
clean,0,2,2,True,0.9979673027992249,0.99644,4647
clean,0,4,4,True,0.999504804611206,0.9990687,25458
clean,0,8,8,True,0.9982128143310548,0.9969896,6418
clean,0,4,3,False,0.4384792447090149,0.4226377,26911
clean,0,9,9,True,0.9978663325309752,0.9962446,34526
clean,0,3,3,True,0.4801353514194488,0.454826,14225
clean,0,8,8,True,0.9989270567893982,0.99811006,16159
clean,0,3,3,True,0.9986315369606018,0.9976936,8133
clean,0,0,0,True,0.9504587054252625,0.93873686,31083
clean,0,0,9,False,0.6256988644599915,0.591879,2932
clean,0,7,7,True,0.963339388370514,0.9504192,35818
clean,0,2,2,True,0.98187917470932,0.9736004,463
clean,0,7,7,True,0.990761935710907,0.98611164,25497
clean,0,7,7,True,0.9968270659446716,0.99489033,20893
clean,0,6,6,True,0.5867030620574951,0.56738,34849
clean,0,2,7,False,0.3877716064453125,0.37127885,1884
clean,0,0,0,True,0.9810054302215576,0.9734707,12037
clean,0,0,0,True,0.9871006011962892,0.98037064,42476
clean,0,9,9,True,0.8989042639732361,0.87792826,16984
clean,0,8,8,True,0.9958338737487792,0.99345064,36766
clean,0,1,1,True,0.9510319828987122,0.9308753,2250
clean,0,5,5,True,0.6861132383346558,0.6591413,41232
clean,0,7,7,True,0.9790323972702026,0.9704737,28202
clean,0,7,7,True,0.9831619262695312,0.97585404,48803
clean,0,3,3,True,0.7485875487327576,0.73232794,26657
clean,0,0,0,True,0.9973735809326172,0.99570954,25930
clean,0,0,0,True,0.9753197431564332,0.96515834,10548
clean,0,6,6,True,0.987982988357544,0.9813913,36304
clean,0,2,2,True,0.927816927433014,0.90716606,26128
clean,0,1,1,True,0.5009728074073792,0.48143578,25210
clean,0,6,6,True,0.992867112159729,0.989032,28056
clean,0,6,6,True,0.9801061749458312,0.9708971,46317
clean,0,2,2,True,0.9783024787902832,0.9700787,35857
clean,0,3,3,True,0.9447001814842224,0.9284369,14702
clean,0,3,5,False,0.8804931640625,0.854342,16164
clean,0,1,1,True,0.9999772310256958,0.9999496,20914
clean,0,8,8,True,0.9575397968292236,0.94679356,4711
clean,0,0,0,True,0.897239625453949,0.87795764,11772
clean,0,3,3,True,0.4888293445110321,0.46503612,14419
clean,0,2,2,True,0.981878936290741,0.97324467,16319
clean,0,8,0,False,0.6757468581199646,0.6539142,23560
clean,0,6,6,True,0.999455988407135,0.9989593,15445
clean,0,0,0,True,0.6591525077819824,0.6346555,19928
clean,0,8,8,True,0.3191941678524017,0.30735287,47746
clean,0,1,1,True,0.9999172687530518,0.9998336,5144
clean,0,0,0,True,0.9050840139389038,0.8885226,40654
clean,0,2,2,True,0.9601442217826844,0.9450806,42928
clean,0,7,7,True,0.9513839483261108,0.9360073,18916
clean,0,6,6,True,0.9962239265441896,0.9939731,20919
clean,0,8,8,True,0.875608503818512,0.85751885,39704
clean,0,9,9,True,0.9510706067085266,0.93631804,4970
clean,0,8,8,True,0.9995148181915284,0.99906725,23031
clean,0,9,9,True,0.9999523162841796,0.9999002,7704
clean,0,9,9,True,0.9851288795471193,0.97800696,19776
clean,0,7,7,True,0.9999696016311646,0.9999306,10305
clean,0,4,7,False,0.8554399013519287,0.8302114,33947
clean,0,7,5,False,0.4722914397716522,0.463984,25836
clean,0,5,5,True,0.6806788444519043,0.659573,40180
clean,0,7,7,True,0.9375741481781006,0.91854626,41129
clean,0,9,9,True,0.9999551773071288,0.9999025,46654
clean,0,3,5,False,0.8053987622261047,0.78525484,48614
clean,0,6,2,False,0.952558696269989,0.9402767,30130
clean,0,2,2,True,0.7608968615531921,0.7315989,17185
clean,0,1,1,True,0.9999374151229858,0.99987185,16938
clean,0,8,8,True,0.9396543502807616,0.92693347,16846
clean,0,0,0,True,0.8232297301292419,0.8057094,43659
clean,0,0,0,True,0.9966663718223572,0.9942525,11768
clean,0,7,7,True,0.8936108946800232,0.8696729,33071
clean,0,2,2,True,0.8761174082756042,0.84704006,32106
clean,0,9,9,True,0.9666681289672852,0.95626163,34587
clean,0,1,1,True,0.5627530217170715,0.52359897,3523
clean,0,6,6,True,0.6579172015190125,0.6252173,8060
clean,0,1,9,False,0.9999374151229858,0.99987185,29230
clean,0,6,6,True,0.4881307482719421,0.46116352,47624
clean,0,1,1,True,0.981102168560028,0.97471726,2094
clean,0,0,0,True,0.9476297497749328,0.9308095,39904
clean,0,5,5,True,0.994806468486786,0.9918726,27598
clean,0,4,4,True,0.981131672859192,0.9723103,48950
clean,0,5,5,True,0.4134476482868194,0.39925367,11097
clean,0,7,7,True,0.8792046904563904,0.8464308,3147
clean,0,5,5,True,0.9989190101623536,0.9981852,29575
clean,0,8,8,True,0.935064435005188,0.92128605,10087
clean,0,5,7,False,0.4375967383384704,0.42206752,8400
clean,0,4,2,False,0.443583607673645,0.4319595,45408
clean,0,1,1,True,0.9306225180625916,0.91445875,6383
clean,0,4,7,False,0.2734081745147705,0.26831067,27213
clean,0,9,9,True,0.9999736547470092,0.9999424,18071
clean,0,6,6,True,0.9955710768699646,0.9931104,45759
clean,0,9,9,True,0.9999518394470216,0.99989855,6171
clean,0,5,5,True,0.9381651282310486,0.9197327,48050
clean,0,1,1,True,0.9871199131011964,0.9803278,17461
clean,0,4,5,False,0.2408218383789062,0.2352744,4323
clean,0,7,5,False,0.3035187125205993,0.2938724,11950
clean,0,3,3,True,0.8550716638565063,0.83072454,37133
clean,0,5,3,False,0.9632932543754578,0.95084,26857
clean,0,7,7,True,0.9833499193191528,0.9753671,7624
clean,0,8,8,True,0.9894238114356996,0.9843561,24127
clean,0,1,1,True,0.9958887696266174,0.99370366,27607
clean,0,6,6,True,0.9864270091056824,0.980074,5398
clean,0,2,2,True,0.9957963228225708,0.9930044,41407
clean,0,9,9,True,0.9980742931365968,0.99664956,30276
clean,0,2,5,False,0.594127893447876,0.5594288,3068
clean,0,6,6,True,0.9595640897750854,0.9459703,1819
clean,0,1,9,False,0.6144863367080688,0.5939221,8095
clean,0,7,7,True,0.9914484024047852,0.9873214,23873
clean,0,5,5,True,0.5159055590629578,0.48916343,42451
clean,0,9,9,True,0.9995840191841124,0.99925715,20095
clean,0,8,8,True,0.996052086353302,0.9939619,40963
clean,0,0,0,True,0.6816580295562744,0.64293474,21932
clean,0,4,5,False,0.350981742143631,0.3412373,24967
clean,0,5,5,True,0.8460900187492371,0.8185931,24196
clean,0,2,2,True,0.9468238949775696,0.92700475,41599
clean,0,2,2,True,0.8507733345031738,0.83339244,42687
clean,0,3,3,True,0.8549812436103821,0.833347,22994
clean,0,8,8,True,0.9179680943489076,0.89604133,27352
clean,0,6,6,True,0.9998737573623656,0.9997409,13143
clean,0,4,4,True,0.957849144935608,0.9431621,4962
clean,0,5,5,True,0.9739961624145508,0.96510637,18856
clean,0,7,7,True,0.9551411271095276,0.9394403,14910
clean,0,9,9,True,0.98748779296875,0.9805551,22605
clean,0,4,4,True,0.8409596681594849,0.80920506,43549
clean,0,6,6,True,0.6205330491065979,0.5949566,36749
clean,0,2,2,True,0.9988577365875244,0.9979888,7009
clean,0,1,1,True,0.992243230342865,0.988884,3257
clean,0,2,2,True,0.4868658483028412,0.46904394,23558
clean,0,1,1,True,0.9789158701896667,0.97189796,19382
clean,0,6,6,True,0.9879228472709656,0.9816921,13802
clean,0,9,9,True,0.9979133009910583,0.9967064,3596
clean,0,6,6,True,0.8328602313995361,0.7989375,39052
clean,0,1,1,True,0.9998146891593932,0.9996362,30281
clean,0,9,9,True,0.9096781611442566,0.888193,4536
clean,0,5,5,True,0.6165644526481628,0.5860388,24822
clean,0,9,9,True,0.7931414842605591,0.7567631,23487
clean,0,1,1,True,0.9995237588882446,0.9991128,27700
clean,0,6,6,True,0.965174674987793,0.9513491,36313
clean,0,3,6,False,0.5234081745147705,0.516118,12225
clean,0,2,2,True,0.9815729856491088,0.974243,27169
clean,0,2,2,True,0.9996932744979858,0.99942565,16215
clean,0,5,5,True,0.9973416924476624,0.9955819,38975
clean,0,3,1,False,0.7366068959236145,0.70316124,49807
clean,0,0,0,True,0.9467237591743468,0.9347981,18578
clean,0,2,2,True,0.4448081851005554,0.4278117,19579
clean,0,0,0,True,0.9839051365852356,0.97617537,31600
clean,0,4,4,True,0.8408858180046082,0.8118494,41219
clean,0,3,3,True,0.6873486042022705,0.6633288,22071
clean,0,5,5,True,0.6717429161071777,0.6378675,30927
clean,0,3,5,False,0.649779200553894,0.61554104,7205
clean,0,8,8,True,0.7003162503242493,0.6864594,32567
clean,0,1,1,True,0.9990825653076172,0.998459,12856
clean,0,8,8,True,0.9745416641235352,0.9658138,1058
clean,0,1,1,True,0.9791572690010072,0.9709444,5207
clean,0,2,2,True,0.7891486287117004,0.754052,14688
clean,0,0,0,True,0.9477791786193848,0.93390703,1168
clean,0,4,2,False,0.5546467900276184,0.5291818,2835
clean,0,8,8,True,0.9273769855499268,0.90871716,37299
clean,0,4,2,False,0.5131487250328064,0.50520796,43351
clean,0,2,5,False,0.8649263978004456,0.8401445,47252
clean,0,8,8,True,0.6705039143562317,0.63858163,18892
clean,0,6,3,False,0.7893896102905273,0.7672744,14864
clean,0,2,2,True,0.8651087284088135,0.84141827,35148
clean,0,8,8,True,0.9971669316291808,0.99537873,48604
clean,0,1,1,True,0.9824225902557372,0.9749382,18527
clean,0,2,2,True,0.9612711668014526,0.94725287,49969
clean,0,8,8,True,0.9856396913528442,0.9788133,2382
clean,0,1,1,True,0.8584825992584229,0.8411231,15381
clean,0,2,2,True,0.9738199710845948,0.9629722,19044
clean,0,8,8,True,0.986459732055664,0.98125684,3039
clean,0,9,9,True,0.5779442191123962,0.5721643,17885
clean,0,3,3,True,0.771249532699585,0.74682206,36027
clean,0,7,7,True,0.8876321911811829,0.8622328,12466
clean,0,2,2,True,0.7826211452484131,0.7659038,3869
clean,0,5,5,True,0.8742477893829346,0.8499885,38385
clean,0,4,4,True,0.4260454773902893,0.4116008,16968
clean,0,5,5,True,0.944859504699707,0.9295095,9190
clean,0,8,8,True,0.9999144077301024,0.999816,26170
clean,0,0,0,True,0.6038395762443542,0.57121587,37063
clean,0,9,9,True,0.9986380934715272,0.99751353,11597
clean,0,8,8,True,0.9835011959075928,0.97637546,9669
clean,0,4,0,False,0.9466567039489746,0.93073887,15734
clean,0,4,4,True,0.6339172720909119,0.6004542,1784
clean,0,5,5,True,0.9990243911743164,0.99827886,9537
clean,0,0,0,True,0.8352000117301941,0.81584215,10796
clean,0,7,7,True,0.9991451501846312,0.9984875,27836
clean,0,4,5,False,0.2456138432025909,0.23256287,43793
clean,0,0,0,True,0.9310333728790284,0.9096312,25066
clean,0,6,3,False,0.2852055728435516,0.27211475,40200
clean,0,3,3,True,0.8771070241928101,0.8589106,10418
clean,0,2,6,False,0.7673201560974121,0.74923426,35764
clean,0,9,9,True,0.8335312604904175,0.8150427,23299
clean,0,5,5,True,0.9958996176719666,0.9934709,25840
clean,0,2,6,False,0.3789501488208771,0.36423984,21841
clean,0,7,7,True,0.7758349180221558,0.75587285,19235
clean,0,0,0,True,0.990116536617279,0.986014,25198
clean,0,4,2,False,0.5740517377853394,0.53973246,3296
clean,0,3,5,False,0.7718521952629089,0.7454521,1076
clean,0,8,8,True,0.870564341545105,0.8477468,11591
clean,0,3,3,True,0.5442977547645569,0.5295414,30186
clean,0,8,8,True,0.8239768147468567,0.7948687,41773
clean,0,1,1,True,0.7100412249565125,0.6689379,48078
clean,0,6,6,True,0.998024582862854,0.9966215,19984
clean,0,9,9,True,0.9969461560249328,0.99470866,27900
clean,0,4,4,True,0.8370710611343384,0.8132305,711
clean,0,0,0,True,0.9010014533996582,0.8769694,46873
clean,0,7,7,True,0.7088629603385925,0.68118006,14066
clean,0,3,5,False,0.6756041049957275,0.6528179,638
clean,0,5,2,False,0.5317711234092712,0.5024038,7938
clean,0,2,2,True,0.9707022309303284,0.95748276,43856
clean,0,4,4,True,0.6682479381561279,0.6377338,24674
clean,0,0,0,True,0.9920326471328736,0.9879062,45163
clean,0,3,5,False,0.5423235297203064,0.5136879,42408
clean,0,1,1,True,0.9999322891235352,0.99986136,16261
clean,0,5,5,True,0.9015666246414183,0.8792877,49720
clean,0,2,2,True,0.9751183986663818,0.96499354,36095
clean,0,5,5,True,0.99992835521698,0.99985456,37680
clean,0,4,4,True,0.6853883266448975,0.6562426,5909
clean,0,5,5,True,0.9814056754112244,0.9737083,16361
clean,0,5,5,True,0.7177016735076904,0.6887658,23981
clean,0,2,2,True,0.9992430210113524,0.9986407,4228
clean,0,7,7,True,0.9962916374206544,0.99414635,5620
clean,0,7,7,True,0.7539632320404053,0.7255154,24974
clean,0,1,1,True,0.999996542930603,0.99999106,35021
clean,0,0,0,True,0.5793201327323914,0.5581509,3549
clean,0,9,9,True,0.7596970796585083,0.7272436,47005
clean,0,4,4,True,0.515937864780426,0.49375203,36937
clean,0,8,8,True,0.9200794100761414,0.9054909,48253
clean,0,0,0,True,0.7868620157241821,0.7448761,15003
clean,0,2,2,True,0.9620909690856934,0.9506918,38676
clean,0,5,5,True,0.9989203214645386,0.9981285,17547
clean,0,1,1,True,0.9980340600013732,0.99687576,8796
clean,0,6,2,False,0.4825995862483978,0.46073127,25406
clean,0,1,1,True,0.6522171497344971,0.63232213,43865
clean,0,5,5,True,0.7250381708145142,0.696783,35918
clean,0,2,2,True,0.9997785687446594,0.99954873,18756
clean,0,4,5,False,0.3632782697677612,0.3537623,32225
clean,0,1,1,True,0.8688188195228577,0.85194105,46900
clean,0,9,9,True,0.5433275699615479,0.53554404,7657
clean,0,3,3,True,0.7221050262451172,0.6937205,12798
clean,0,2,0,False,0.9169074296951294,0.89285904,6816
clean,0,2,2,True,0.6570528745651245,0.6392622,43478
clean,0,8,9,False,0.5578151345252991,0.5348658,40641
clean,0,7,7,True,0.5362303256988525,0.5140533,37262
clean,0,4,4,True,0.9858940839767456,0.97846746,18824
clean,0,3,3,True,0.7691243886947632,0.7346451,35102
clean,0,3,5,False,0.904114842414856,0.87950605,23935
clean,0,0,7,False,0.3577713072299957,0.34102675,9031
clean,0,0,0,True,0.928313136100769,0.9085823,20902
clean,0,1,1,True,0.9029470086097716,0.8873547,33705
clean,0,6,6,True,0.8700975775718689,0.8378328,27526
clean,0,0,0,True,0.7473887801170349,0.73122835,41588
clean,0,1,1,True,0.9966358542442322,0.99485034,18458
clean,0,0,0,True,0.5450888872146606,0.5176806,28068
clean,0,4,4,True,0.5850871205329895,0.56803995,24035
clean,0,5,5,True,0.9060315489768982,0.8891949,45290
clean,0,0,9,False,0.4811855554580688,0.46820965,23660
clean,0,5,5,True,0.309709757566452,0.29897848,5175
clean,0,8,8,True,0.998999297618866,0.99825925,31220
clean,0,0,0,True,0.9677268862724304,0.9572943,8524
clean,0,6,6,True,0.9524207711219788,0.9367315,30202
clean,0,6,6,True,0.7293403148651123,0.6904997,25511
clean,0,4,7,False,0.9198033809661864,0.9031954,44270
clean,0,2,2,True,0.924560844898224,0.90165114,22279
clean,0,7,7,True,0.503145158290863,0.46941155,14976
clean,0,3,3,True,0.5757706761360168,0.5618871,23963
clean,0,1,1,True,0.9996833801269532,0.9994221,13701
clean,0,6,6,True,0.9948569536209106,0.9918528,4279
clean,0,5,3,False,0.6900171637535095,0.67037445,13781
clean,0,6,6,True,0.9833820462226868,0.9760527,38475
clean,0,2,2,True,0.9958261847496032,0.99316955,39248
clean,0,9,9,True,0.995879054069519,0.9935934,3974
clean,0,1,8,False,0.384991854429245,0.36592197,33059
clean,0,2,2,True,0.9235517978668212,0.89913714,40444
clean,0,9,0,False,0.7455663084983826,0.71502054,9461
clean,0,1,1,True,0.779001772403717,0.74136466,4578
clean,0,1,1,True,0.9944838881492616,0.9913737,4039
clean,0,0,0,True,0.8374848365783691,0.8197907,2264
clean,0,4,4,True,0.9585890769958496,0.9430227,32893
clean,0,5,5,True,0.9176931381225586,0.90260404,19933
clean,0,1,1,True,0.9922587275505066,0.9888552,37512
clean,0,8,8,True,0.9870113134384156,0.98030233,3980
clean,0,9,9,True,0.9986020922660828,0.99752825,29776
clean,0,9,9,True,0.9298810958862304,0.911522,49816
clean,0,3,3,True,0.5420307517051697,0.51394325,26029
clean,0,9,9,True,0.9543988108634948,0.94350314,16107
clean,0,9,9,True,0.926358997821808,0.90204227,42973
clean,0,3,2,False,0.6189601421356201,0.57929325,28190
clean,0,7,9,False,0.610418975353241,0.57675004,20476
clean,0,9,9,True,0.9999583959579468,0.99991083,11755
clean,0,7,7,True,0.9474905133247375,0.93367636,3844
clean,0,6,6,True,0.9959957599639891,0.99346864,27134
clean,0,4,2,False,0.3905291259288788,0.37886807,3522
clean,0,5,5,True,0.5253833532333374,0.50875306,28757
clean,0,4,4,True,0.7852272391319275,0.75052786,23532
clean,0,6,6,True,0.9921323657035828,0.9883476,14352
clean,0,9,9,True,0.539795994758606,0.5148076,22921
clean,0,2,2,True,0.9742773771286012,0.96255475,28095
clean,0,4,4,True,0.998869001865387,0.99800795,6838
clean,0,2,2,True,0.611807107925415,0.5861309,13727
clean,0,0,0,True,0.9991022348403932,0.9984212,29289
clean,0,7,5,False,0.4805642366409302,0.46433005,16788
clean,0,3,3,True,0.9139664769172668,0.8954161,1351
clean,0,3,3,True,0.4994837045669555,0.4933733,17184
clean,0,6,6,True,0.9999496936798096,0.9998914,2893
clean,0,3,5,False,0.4632687866687774,0.4434092,3190
clean,0,7,9,False,0.6776438355445862,0.6526555,37293
clean,0,5,5,True,0.7227213978767395,0.7059123,19596
clean,0,2,2,True,0.6135388016700745,0.58285654,17949
clean,0,9,9,True,0.9997064471244812,0.99945074,42638
clean,0,8,8,True,0.9968183040618896,0.99493587,44114
clean,0,2,2,True,0.6515713930130005,0.6273431,41995
clean,0,7,7,True,0.7728450894355774,0.7440166,32503
clean,0,8,8,True,0.9868078827857972,0.98105675,19251
clean,0,3,5,False,0.7549026012420654,0.72481465,18993
clean,0,5,5,True,0.9977832436561584,0.996438,17165
clean,0,7,7,True,0.833206057548523,0.8035621,531
clean,0,3,3,True,0.9426041841506958,0.9288093,11294
clean,0,5,5,True,0.9923987984657288,0.98909,426
clean,0,7,7,True,0.6540047526359558,0.63501185,22180
clean,0,0,0,True,0.9893670678138732,0.9842054,19294
clean,0,0,2,False,0.7239055037498474,0.68179667,7581
clean,0,9,9,True,0.9999492168426514,0.9998932,24175
clean,0,3,5,False,0.7016993165016174,0.68339413,32304
clean,0,0,0,True,0.9997007846832277,0.9994155,38591
clean,0,5,5,True,0.8980797529220581,0.87344337,40717
clean,0,8,8,True,0.9874029159545898,0.98131955,20652
clean,0,0,0,True,0.4241734147071838,0.40914693,46631
clean,0,8,8,True,0.9188233017921448,0.8994697,20395
clean,0,5,5,True,0.998327910900116,0.9972396,13983
clean,0,9,9,True,0.996302604675293,0.99436474,36315
clean,0,3,2,False,0.9578596353530884,0.9416355,3762
clean,0,0,0,True,0.9526265263557434,0.93435466,36353
clean,0,4,4,True,0.898368239402771,0.87587756,18398
clean,0,9,9,True,0.9954734444618224,0.99326044,42632
clean,0,1,1,True,0.9902697801589966,0.98618156,2268
clean,0,9,9,True,0.9999618530273438,0.999912,30578
clean,0,7,6,False,0.8179944753646851,0.78201497,31123
clean,0,2,2,True,0.9928579330444336,0.9887792,49099
clean,0,6,6,True,0.9991195797920228,0.9983724,47302
clean,0,5,3,False,0.5395975708961487,0.5138795,49452
clean,0,3,5,False,0.4103590548038482,0.39366096,19245
clean,0,3,3,True,0.520193874835968,0.49877265,22560
clean,0,0,0,True,0.9853861331939696,0.9790546,41800
clean,0,4,4,True,0.8185939788818359,0.7914045,16328
clean,0,3,3,True,0.5079741477966309,0.48065582,13330
clean,0,8,3,False,0.7680519819259644,0.73718524,33562
clean,0,4,4,True,0.3911820352077484,0.37428778,39169
clean,0,8,8,True,0.9985509514808656,0.9976279,8830
clean,0,1,1,True,0.9992271661758424,0.9986852,45574
clean,0,1,1,True,0.9998382329940796,0.9996772,41643
clean,0,1,1,True,0.9756035208702089,0.9662023,43608
clean,0,9,9,True,0.999946355819702,0.99987674,33075
clean,0,6,6,True,0.9991371035575868,0.9984493,22476
clean,0,2,2,True,0.8074340224266052,0.7741227,19963
clean,0,7,7,True,0.9912152290344238,0.98748606,49893
clean,0,7,7,True,0.999984622001648,0.99996257,18579
clean,0,4,4,True,0.6640578508377075,0.6296497,43147
clean,0,7,7,True,0.9877710342407228,0.9824242,43791
clean,0,4,4,True,0.8640953302383423,0.83435273,17044
clean,0,4,2,False,0.2694348990917206,0.26424703,7880
clean,0,3,3,True,0.9898646473884584,0.98553824,24005
clean,0,0,0,True,0.9964234232902528,0.9942239,4080
clean,0,5,5,True,0.7832526564598083,0.7650233,39004
clean,0,5,5,True,0.9041854739189148,0.88189626,10603
clean,0,7,7,True,0.998422384262085,0.99731463,28524
clean,0,2,2,True,0.8733672499656677,0.8561338,47392
clean,0,7,7,True,0.9989983439445496,0.99820054,7023
clean,0,9,9,True,0.9996997117996216,0.9994517,17371
clean,0,9,9,True,0.9637274742126464,0.9516566,41683
clean,0,4,2,False,0.6532482504844666,0.61444724,34760
clean,0,6,6,True,0.9998596906661988,0.9997081,5558
clean,0,3,3,True,0.3670915365219116,0.3460167,29397
clean,0,9,9,True,0.9985021352767944,0.9975707,27112
clean,0,4,6,False,0.9074108600616456,0.8875136,7767
clean,0,8,8,True,0.8399196267127991,0.82198155,12610
clean,0,4,4,True,0.9947825074195862,0.99185,39615
clean,0,2,2,True,0.981029212474823,0.97237533,39308
clean,0,2,2,True,0.8775683045387268,0.85599333,25101
clean,0,4,4,True,0.7142981886863708,0.68995917,2444
clean,0,0,0,True,0.9725928902626038,0.9616476,41628
clean,0,2,7,False,0.7091533541679382,0.66671526,16875
clean,0,0,0,True,0.9998598098754884,0.99972886,13861
clean,0,5,5,True,0.9498817324638368,0.9336765,15713
clean,0,6,6,True,0.9994184970855712,0.9989562,34716
clean,0,1,1,True,0.6218795776367188,0.5919717,27321
clean,0,4,6,False,0.6225082278251648,0.5919291,34793
clean,0,6,6,True,0.9929028153419496,0.98927665,36712
clean,0,1,1,True,0.9959142804145812,0.99368155,2584
clean,0,0,0,True,0.8425959348678589,0.8220864,45143
clean,0,7,7,True,0.7507531046867371,0.71619105,13942
clean,0,9,9,True,0.9854419231414796,0.98020923,31986
clean,0,7,7,True,0.9995582699775696,0.99917525,2397
clean,0,4,4,True,0.886344850063324,0.85957724,16135
clean,0,5,5,True,0.997098445892334,0.99535793,32122
clean,0,1,1,True,0.8709842562675476,0.8524431,39192
clean,0,3,3,True,0.8367862105369568,0.81233126,13328
clean,0,5,5,True,0.9990231990814208,0.99833894,22436
clean,0,9,9,True,0.9975486397743224,0.9961216,8716
clean,0,8,8,True,0.5944443345069885,0.5589684,5427
clean,0,3,3,True,0.6570925712585449,0.62639827,31844
clean,0,6,6,True,0.5909156799316406,0.5636879,31651
clean,0,2,2,True,0.9998289346694946,0.9996332,18225
clean,0,2,2,True,0.9700408577919006,0.9605136,41422
clean,0,6,6,True,0.999357044696808,0.99885225,16387
clean,0,9,9,True,0.9995802044868468,0.9992532,43591
clean,0,7,7,True,0.6917169690132141,0.66045994,48456
clean,0,0,0,True,0.2622943818569183,0.25149307,33781
clean,0,8,8,True,0.919980764389038,0.8990821,48821
clean,0,7,5,False,0.4246626198291778,0.41316155,48829
clean,0,1,1,True,0.9903383851051332,0.98597914,29699
clean,0,8,3,False,0.8350912928581238,0.8048725,29051
clean,0,4,3,False,0.787911057472229,0.7535544,48796
clean,0,8,8,True,0.9807133078575134,0.9741943,27851
clean,0,9,9,True,0.9901139736175536,0.98431545,44836
clean,0,0,0,True,0.9682803750038148,0.95514065,34750
clean,0,0,3,False,0.3378417491912842,0.3166116,47050
clean,0,6,6,True,0.8356743454933167,0.8119762,22029
clean,0,3,3,True,0.6735724806785583,0.65074974,8645
clean,0,8,8,True,0.8491695523262024,0.82152677,40883
clean,0,0,0,True,0.9971747398376464,0.99561346,30233
clean,0,7,7,True,0.9589675664901732,0.9452686,30581
clean,0,6,6,True,0.9918043613433838,0.9880372,31279
clean,0,4,4,True,0.8933526277542114,0.8673521,4763
clean,0,0,0,True,0.6438320875167847,0.63073903,39083
clean,0,3,2,False,0.5699858069419861,0.5404544,21527
clean,0,8,8,True,0.704968273639679,0.6655977,4180
clean,0,1,1,True,0.97184020280838,0.9600295,27084
clean,0,8,8,True,0.8221869468688965,0.8011285,5091
clean,0,0,0,True,0.99986732006073,0.9997156,14548
clean,0,4,4,True,0.7441324591636658,0.7136455,45812
clean,0,5,5,True,0.9549675583839417,0.94069475,41034
clean,0,7,7,True,0.3096141219139099,0.29680717,31504
clean,0,5,5,True,0.9769420623779296,0.967502,28093
clean,0,8,8,True,0.997398853302002,0.99592245,34582
clean,0,7,7,True,0.8503363728523254,0.8184348,29626
clean,0,6,3,False,0.4752519726753235,0.46289662,41621
clean,0,9,9,True,0.8945955038070679,0.8786869,24162
clean,0,6,6,True,0.9965282082557678,0.9943521,30739
clean,0,2,2,True,0.9247280955314636,0.9016491,32141
clean,0,8,8,True,0.9691666960716248,0.9603614,1720
clean,0,8,0,False,0.7794495224952698,0.7447898,8150
clean,0,0,0,True,0.9942042231559752,0.99073863,11297
clean,0,5,5,True,0.9634868502616882,0.95001256,45257
clean,0,3,3,True,0.89607834815979,0.8738075,31178
clean,0,7,7,True,0.9367931485176086,0.91652733,131
clean,0,8,8,True,0.9986072182655334,0.9976361,6977
clean,0,3,3,True,0.870246410369873,0.8382817,42129
clean,0,1,1,True,0.934493601322174,0.9119081,15456
clean,0,3,5,False,0.576911449432373,0.56766677,49366
clean,0,2,2,True,0.640821635723114,0.6195228,6327
clean,0,0,0,True,0.3877930045127868,0.36274332,708
clean,0,4,4,True,0.837397038936615,0.80746114,44370
clean,0,3,5,False,0.4146380424499511,0.39391437,46136
clean,0,4,4,True,0.9577612280845642,0.9428373,40593
clean,0,0,0,True,0.9996728897094728,0.99939966,42755
clean,0,4,3,False,0.479391485452652,0.4508909,36083
clean,0,9,9,True,0.9477800726890564,0.9360701,26458
clean,0,6,6,True,0.9799410700798036,0.97305185,23698
clean,0,7,7,True,0.9872671961784364,0.9823636,37222
clean,0,9,9,True,0.9942268133163452,0.9912158,443
clean,0,5,5,True,0.9989816546440125,0.9982957,20615
clean,0,1,1,True,0.9990087747573853,0.9982851,49676
clean,0,7,7,True,0.9833338856697084,0.9750369,2321
clean,0,2,8,False,0.2641076445579529,0.2536069,46183
clean,0,8,8,True,0.9979782700538636,0.99642843,4205
clean,0,6,6,True,0.9856089949607848,0.97893286,5361
clean,0,4,2,False,0.6807655096054077,0.65223294,9049
clean,0,3,3,True,0.451170265674591,0.43338332,30346
clean,0,2,2,True,0.65134596824646,0.6198636,12945
clean,0,2,2,True,0.3689572811126709,0.35432556,5933
clean,0,0,0,True,0.9855456948280334,0.97856873,564
clean,0,7,9,False,0.3657112121582031,0.3459939,4134
clean,0,9,9,True,0.9267640113830566,0.91004884,35305
clean,0,9,9,True,0.999982476234436,0.9999602,29000
clean,0,8,8,True,0.9983365535736084,0.9972108,21339
clean,0,7,3,False,0.435786098241806,0.40651783,16645
clean,0,6,6,True,0.9246776103973388,0.9092716,12171
clean,0,1,1,True,0.9916033148765564,0.9878241,27195
clean,0,6,6,True,0.9708907604217528,0.9605676,34820
clean,0,3,3,True,0.5435177683830261,0.5332908,32160
clean,0,4,4,True,0.9970616698265076,0.9953054,42277
clean,0,9,9,True,0.9995256662368774,0.99911016,49634
clean,0,9,9,True,0.6671367883682251,0.63248545,46351
clean,0,6,6,True,0.9910507202148438,0.9860107,6859
clean,0,5,2,False,0.7751203179359436,0.7487868,37224
clean,0,1,1,True,0.9999995231628418,0.99999845,29571
clean,0,9,9,True,0.999997854232788,0.9999945,19505
clean,0,7,7,True,0.5562677383422852,0.5509348,37980
clean,0,5,5,True,0.9999607801437378,0.9999169,11519
clean,0,6,6,True,0.858055830001831,0.828311,4144
clean,0,5,5,True,0.6890155076980591,0.6603938,46628
clean,0,8,8,True,0.9854791164398192,0.9801835,22440
clean,0,5,2,False,0.8695768713951111,0.8392543,928
clean,0,9,9,True,0.9997186064720154,0.9994842,27548
clean,0,2,2,True,0.9402273893356324,0.92140263,8440
clean,0,1,1,True,0.7566232085227966,0.74082005,17312
clean,0,2,4,False,0.3973217010498047,0.38566136,15789
clean,0,8,8,True,0.993701696395874,0.9907748,43344
clean,0,0,0,True,0.7879865765571594,0.7664927,27080
clean,0,7,7,True,0.9995853304862976,0.9992023,48903
clean,0,1,1,True,0.9552988409996032,0.9399438,29967
clean,0,5,5,True,0.9450777173042296,0.92942923,2722
clean,0,2,2,True,0.9988932013511658,0.9979869,46254
clean,0,3,0,False,0.7316425442695618,0.6938333,43742
clean,0,9,9,True,0.9989340901374816,0.99805367,36050
clean,0,5,6,False,0.6660135388374329,0.6346123,31355
clean,0,4,4,True,0.9974639415740968,0.9956862,34227
clean,0,2,2,True,0.4634892642498016,0.43341762,3368
clean,0,7,7,True,0.5829023122787476,0.55051106,34528
clean,0,8,8,True,0.97975492477417,0.97297704,4713
clean,0,0,0,True,0.9807108044624328,0.9735016,2391
clean,0,4,4,True,0.9431908130645752,0.92619467,47374
clean,0,6,6,True,0.4767501056194305,0.46265098,19019
clean,0,8,8,True,0.8988059163093567,0.874032,4879
clean,0,1,1,True,0.9998449087142944,0.9997025,40283
clean,0,9,9,True,0.6826545000076294,0.66833556,5519
clean,0,7,7,True,0.8021203279495239,0.76913804,36565
clean,0,3,3,True,0.7933225631713867,0.7593665,34243
clean,0,0,0,True,0.9930746555328368,0.9891577,2720
clean,0,6,6,True,0.9878219962120056,0.98117507,2556
clean,0,8,0,False,0.8646909594535828,0.8422074,2441
clean,0,8,8,True,0.9997137188911438,0.9994197,29788
clean,0,1,1,True,0.998297393321991,0.9971233,41723
clean,0,2,2,True,0.9628865718841552,0.95108545,35901
clean,0,7,7,True,0.93342787027359,0.9146424,19555
clean,0,1,1,True,0.9839624166488647,0.976594,5895
clean,0,5,5,True,0.8133463859558105,0.78844935,31710
clean,0,6,6,True,0.991978645324707,0.9874707,49200
clean,0,4,3,False,0.4341743588447571,0.41455105,25232
clean,0,7,7,True,0.9871914386749268,0.980822,38178
clean,0,6,6,True,0.9994720816612244,0.9989699,2241
clean,0,4,2,False,0.244159460067749,0.23906559,40028
clean,0,5,5,True,0.7877104878425598,0.75048757,26443
clean,0,7,7,True,0.8009904026985168,0.76492804,30265
clean,0,1,1,True,0.993488907814026,0.99003065,45470
clean,0,4,4,True,0.966971218585968,0.9551384,27409
clean,0,6,6,True,0.9972835779190063,0.9954165,48473
clean,0,0,0,True,0.9965782761573792,0.99433535,29412
clean,0,3,3,True,0.4430044293403625,0.43092263,9081
clean,0,9,9,True,0.9999972581863404,0.9999924,9382
clean,0,9,9,True,0.9984737038612366,0.9974049,33937
clean,0,2,2,True,0.9832025170326232,0.9764023,7308
clean,0,8,8,True,0.5699055790901184,0.54435027,24692
clean,0,3,3,True,0.7501813173294067,0.72528815,31560
clean,0,1,1,True,0.9999551773071288,0.9999052,9372
clean,0,5,5,True,0.9395145773887634,0.92615193,38503
clean,0,6,6,True,0.9976449608802797,0.99600214,26478
clean,0,3,3,True,0.4634053409099579,0.44616643,3109
clean,0,9,9,True,0.90418541431427,0.8812522,25308
clean,0,4,4,True,0.923212707042694,0.9025063,16294
clean,0,8,8,True,0.8199905753135681,0.80262905,31563
clean,0,9,9,True,0.9059513211250304,0.883361,48051
clean,0,0,0,True,0.9959996938705444,0.9936972,43757
clean,0,6,6,True,0.9923123717308044,0.9883003,11904
clean,0,2,2,True,0.9995638728141784,0.99913603,29249
clean,0,2,2,True,0.6742688417434692,0.63124776,31377
clean,0,7,5,False,0.4960855841636657,0.4769167,39750
clean,0,4,2,False,0.434882789850235,0.4174205,8143
clean,0,4,2,False,0.7182323336601257,0.683386,17045
clean,0,0,0,True,0.990613341331482,0.9852911,48926
clean,0,1,1,True,0.7782582640647888,0.75384057,8419
clean,0,0,0,True,0.9897773861885072,0.98361224,41636
clean,0,1,1,True,0.9985787868499756,0.99767405,22697
clean,0,8,0,False,0.9571221470832824,0.9449725,3829
clean,0,1,1,True,0.9998810291290284,0.9997663,31724
clean,0,1,1,True,0.9461384415626526,0.9304417,39405
clean,0,2,3,False,0.2980896830558777,0.29026857,41024
clean,0,7,7,True,0.9964038133621216,0.9943177,4478
clean,0,5,3,False,0.5229183435440063,0.5061478,10514
clean,0,3,5,False,0.4940338134765625,0.4772553,48506
clean,0,7,7,True,0.9999874830245972,0.99996924,6329
clean,0,4,4,True,0.7164334058761597,0.6870701,42070
clean,0,7,7,True,0.9865859746932985,0.9799627,32704
clean,0,1,1,True,0.9944185018539428,0.9917823,21118
clean,0,5,5,True,0.899989902973175,0.8840046,981
clean,0,9,9,True,0.9997796416282654,0.9995365,36010
clean,0,5,5,True,0.4944124519824981,0.47693607,30337
clean,0,8,0,False,0.3975827097892761,0.37977615,26149
clean,0,5,5,True,0.9833436608314514,0.977261,7417
clean,0,3,5,False,0.7753245234489441,0.75283784,24106
clean,0,8,8,True,0.995731770992279,0.9934861,47476
clean,0,4,5,False,0.3568755984306335,0.34557837,5931
clean,0,5,5,True,0.7994569540023804,0.76494026,44676
clean,0,6,6,True,0.8612668514251709,0.84022826,40627
clean,0,3,6,False,0.5351131558418274,0.5094392,24560
clean,0,4,6,False,0.5037713050842285,0.48360875,8860
clean,0,4,4,True,0.9647653698921204,0.9501954,23252
clean,0,6,6,True,0.9965184926986694,0.9942062,3631
clean,0,4,4,True,0.9715819954872132,0.95943797,7712
clean,0,5,2,False,0.5077705979347229,0.5010476,35495
clean,0,1,1,True,0.9997907280921936,0.9996076,9095
clean,0,2,5,False,0.3209290206432342,0.3102278,11349
clean,0,8,8,True,0.9969417452812196,0.9951727,11086
clean,0,9,9,True,0.9871513843536376,0.9822547,23722
clean,0,8,8,True,0.9946415424346924,0.9918677,39563
clean,0,9,3,False,0.5166183710098267,0.48938507,26439
clean,0,1,1,True,0.9998748302459716,0.99974877,13615
clean,0,9,9,True,0.9998633861541748,0.9997124,22925
clean,0,1,9,False,0.5765224695205688,0.5670439,44966
clean,0,4,5,False,0.4255991578102112,0.41922846,11562
clean,0,3,5,False,0.8155212998390198,0.7907821,1025
clean,0,1,1,True,0.9865206480026244,0.98146814,26141
clean,0,2,2,True,0.9602742195129396,0.9471748,33083
clean,0,6,6,True,0.988055408000946,0.9826167,10946
clean,0,3,3,True,0.5802862644195557,0.54975605,11307
clean,0,8,9,False,0.4098255336284637,0.3945495,46445
clean,0,8,8,True,0.99015474319458,0.9860496,14529
clean,0,7,7,True,0.9911721348762512,0.9858496,45995
clean,0,5,5,True,0.9962575435638428,0.9943357,37419
clean,0,4,4,True,0.7230790853500366,0.7012678,18836
clean,0,0,0,True,0.980381965637207,0.97346115,1296
clean,0,5,5,True,0.9966247081756592,0.99447775,23518
clean,0,7,7,True,0.9269776344299316,0.90797514,4736
clean,0,4,4,True,0.7498158812522888,0.71888244,16959
clean,0,4,4,True,0.5965188145637512,0.5837978,6535
clean,0,1,1,True,0.9989990592002868,0.9983204,18671
clean,0,0,0,True,0.9997556805610656,0.999488,37841
clean,0,2,2,True,0.9997156262397766,0.99941087,38451
clean,0,5,5,True,0.9508718848228456,0.9346048,12242
clean,0,0,0,True,0.8958047032356262,0.8748566,2330
clean,0,6,6,True,0.7340596318244934,0.70121527,23927
clean,0,7,7,True,0.93557471036911,0.91999096,12547
clean,0,6,6,True,0.8748981952667236,0.8501584,20687
clean,0,0,0,True,0.4889570772647857,0.46872577,17183
clean,0,9,9,True,0.999993085861206,0.9999832,40157
clean,0,5,5,True,0.8886520862579346,0.8650726,15320
clean,0,3,5,False,0.4921981692314148,0.465652,4519
clean,0,5,5,True,0.8458559513092041,0.8171822,17495
clean,0,6,6,True,0.9995611310005188,0.99917656,29550
clean,0,1,9,False,0.706946611404419,0.69305074,6725
clean,0,2,2,True,0.592580258846283,0.5604948,36410
clean,0,0,0,True,0.997996985912323,0.99652785,46740
clean,0,9,9,True,0.9297567009925842,0.9160826,24603
clean,0,6,6,True,0.4820753633975982,0.473781,37033
clean,0,6,6,True,0.9284741282463074,0.9083206,37518
clean,0,4,4,True,0.5177507996559143,0.50569415,9231
clean,0,3,5,False,0.4344884753227234,0.42202944,44313
clean,0,7,5,False,0.3967870771884918,0.3880047,2783
clean,0,1,0,False,0.5505563020706177,0.5237045,28183
clean,0,0,0,True,0.9774552583694458,0.97017306,28636
clean,0,6,6,True,0.9998782873153688,0.99975413,44872
clean,0,3,3,True,0.6676487326622009,0.64901584,22025
clean,0,5,3,False,0.3477029204368591,0.32747748,4067
clean,0,1,1,True,0.9919863939285278,0.98854244,23151
clean,0,0,0,True,0.9902825355529784,0.9850463,49168
clean,0,5,5,True,0.6859211921691895,0.6681262,23971
clean,0,2,2,True,0.5648355484008789,0.5428658,5118
clean,0,4,3,False,0.5930250883102417,0.5660259,40562
clean,0,4,4,True,0.9976778626441956,0.99601704,13959
clean,0,0,2,False,0.497697502374649,0.4856003,19173
clean,0,2,2,True,0.8196427226066589,0.7998992,4455
clean,0,7,7,True,0.998997151851654,0.9982009,39547
clean,0,2,7,False,0.3732329308986664,0.35265628,5746
clean,0,5,5,True,0.3119625747203827,0.29981837,15952
clean,0,6,6,True,0.9999836683273317,0.99996066,5582
clean,0,5,5,True,0.9228678941726683,0.90747184,43056
clean,0,1,1,True,0.99990713596344,0.99980897,3233
clean,0,9,9,True,0.588762104511261,0.56089824,40970
clean,0,5,5,True,0.9998859167099,0.9997763,18245
clean,0,0,0,True,0.7652953863143921,0.7435177,24600
clean,0,4,2,False,0.4008704721927643,0.38163808,3981
clean,0,9,9,True,0.9992228746414183,0.99857414,42885
clean,0,0,0,True,0.9824291467666626,0.9748446,43194
clean,0,1,1,True,0.9993377327919006,0.9988599,11822
clean,0,0,0,True,0.9928674697875975,0.9888892,45166
clean,0,7,7,True,0.9991814494132996,0.9985281,18589
clean,0,3,6,False,0.6229724287986755,0.60732335,46085
clean,0,3,5,False,0.4547255039215088,0.4335266,47997
clean,0,2,2,True,0.9366351366043092,0.91825986,9191
clean,0,4,4,True,0.8906353712081909,0.86398053,34504
clean,0,4,4,True,0.549889087677002,0.5361789,35450
clean,0,6,6,True,0.9997509121894836,0.99952555,42876
clean,0,6,6,True,0.9991694688796996,0.9984901,15078
clean,0,6,6,True,0.9984096884727478,0.9972318,13537
clean,0,9,9,True,0.9388554692268372,0.92419547,22233
clean,0,2,2,True,0.5838350057601929,0.57771295,1705
clean,0,4,4,True,0.9975926280021667,0.9961359,528
clean,0,2,2,True,0.999578893184662,0.99920315,26568
clean,0,1,1,True,0.9999011754989624,0.9998036,21624
clean,0,8,8,True,0.456805408000946,0.44183362,45447
clean,0,2,2,True,0.6758963465690613,0.6475616,29995
clean,0,8,0,False,0.7167634963989258,0.696324,38987
clean,0,3,3,True,0.9934803247451782,0.99017614,20932
clean,0,2,2,True,0.8535833954811096,0.82068604,7929
clean,0,5,2,False,0.5277315974235535,0.51342577,8917
clean,0,9,9,True,0.999980926513672,0.9999571,3677
clean,0,3,3,True,0.9307209849357604,0.9085267,955
clean,0,3,5,False,0.7201655507087708,0.6882102,34658
clean,0,2,4,False,0.648358166217804,0.6145031,5603
clean,0,3,0,False,0.5065912008285522,0.47354594,7681
clean,0,6,6,True,0.990325093269348,0.98527086,44077
clean,0,9,9,True,0.9976693987846376,0.9959645,2526
clean,0,0,0,True,0.9969025254249572,0.99499315,407
clean,0,7,7,True,0.9763824343681335,0.96848124,22612
clean,0,2,2,True,0.9288007616996764,0.91372216,27097
clean,0,4,4,True,0.4697885811328888,0.449918,10706
clean,0,0,0,True,0.8014441132545471,0.75817007,8313
clean,0,2,2,True,0.9296960830688475,0.9058613,22587
clean,0,7,2,False,0.5668455362319946,0.52857226,23196
clean,0,6,6,True,0.9995630383491516,0.9991622,19967
clean,0,9,9,True,0.9851118922233582,0.9768759,13881
clean,0,1,1,True,0.9900953769683838,0.9861109,49932
clean,0,2,2,True,0.992256999015808,0.9879958,39655
clean,0,0,0,True,0.6129446029663086,0.57371014,40652
clean,0,0,0,True,0.8597723841667175,0.8422073,47645
clean,0,4,7,False,0.3858766555786133,0.3678475,16922
clean,0,2,2,True,0.7338617444038391,0.7106308,13228
clean,0,3,5,False,0.7583743333816528,0.72388095,12190
clean,0,4,4,True,0.9771869778633118,0.9670328,15158
clean,0,3,3,True,0.8394672274589539,0.8062013,44376
clean,0,3,3,True,0.4555287361145019,0.4418716,9020
clean,0,2,2,True,0.9705582857131958,0.95792615,46491
clean,0,7,9,False,0.403719037771225,0.38109857,10274
clean,0,0,0,True,0.8236604928970337,0.79611856,1935
clean,0,6,6,True,0.8941033482551575,0.8677915,34324
clean,0,8,8,True,0.9979276657104492,0.9966685,41375
clean,0,4,4,True,0.783983588218689,0.7509599,27718
clean,0,6,6,True,0.9684352278709412,0.9553607,37077
clean,0,6,6,True,0.7936335802078247,0.7722084,18257
clean,0,5,2,False,0.4996300637722015,0.47422898,23174
clean,0,0,0,True,0.8660693168640137,0.8330176,10607
clean,0,0,7,False,0.3904323577880859,0.36361843,18508
clean,0,1,1,True,0.999315619468689,0.9987704,26950
clean,0,9,9,True,0.8561471104621887,0.826976,44036
clean,0,7,2,False,0.300905704498291,0.29105353,41496
clean,0,0,0,True,0.5017596483230591,0.47833174,29717
clean,0,6,6,True,0.3719795346260071,0.35937896,13596
clean,0,8,1,False,0.904079258441925,0.8824106,13694
clean,0,4,5,False,0.6055175065994263,0.58717525,13787
clean,0,7,7,True,0.9849725365638732,0.97694176,636
clean,0,6,6,True,0.8872374892234802,0.86541295,9762
clean,0,2,2,True,0.9354402422904968,0.9199215,26999
clean,0,5,7,False,0.3356679677963257,0.32478496,46929
clean,0,1,1,True,0.9989388585090636,0.99822015,18832
clean,0,1,1,True,0.993459939956665,0.99052083,14110
clean,0,9,9,True,0.8630696535110474,0.844268,39672
clean,0,6,6,True,0.976617693901062,0.96617156,41799
clean,0,8,8,True,0.7645242810249329,0.73480165,48737
clean,0,8,8,True,0.9945388436317444,0.99151015,23693
clean,0,9,9,True,0.9984821677207948,0.9973713,14572
clean,0,2,2,True,0.367229163646698,0.3566881,32361
clean,0,1,1,True,0.77698814868927,0.7594234,20312
clean,0,9,9,True,0.9994688630104064,0.9990601,38226
clean,0,7,5,False,0.3635166883468628,0.3558881,5802
clean,0,8,8,True,0.998779594898224,0.99794656,10313
clean,0,9,9,True,0.946347177028656,0.9329227,26790
clean,0,3,5,False,0.7672017216682434,0.7492961,42647
clean,0,7,7,True,0.9850881695747375,0.97912425,30617
clean,0,3,5,False,0.6435677409172058,0.6303238,34014
clean,0,2,2,True,0.9949291944503784,0.99193126,31054
clean,0,4,4,True,0.9362208247184752,0.92053884,24529
clean,0,2,6,False,0.5878025889396667,0.5775956,42988
clean,0,4,4,True,0.9187350869178772,0.8961245,35378
clean,0,5,5,True,0.4609708189964294,0.44919038,49938
clean,0,9,9,True,0.7697625756263733,0.73130286,43016
clean,0,4,4,True,0.9188836216926576,0.8985915,33482
clean,0,7,7,True,0.398203045129776,0.38253957,43360
clean,0,9,9,True,0.5651630759239197,0.5592047,16396
clean,0,5,5,True,0.9964994192123412,0.9944969,32364
clean,0,7,7,True,0.8833267688751221,0.8576292,32485
clean,0,7,2,False,0.9220340847969056,0.8979713,41883
clean,0,9,9,True,0.9400970339775084,0.9208416,2158
clean,0,2,2,True,0.9989264607429504,0.99807125,16790
clean,0,2,2,True,0.8806992769241333,0.85243994,34789
clean,0,3,5,False,0.6977589130401611,0.68217885,40073
clean,0,4,2,False,0.774988055229187,0.7395583,39186
clean,0,1,1,True,0.996471643447876,0.9944523,32418
clean,0,1,1,True,0.9458658695220948,0.92703235,33754
clean,0,0,0,True,0.99919193983078,0.9985233,47446
clean,0,0,0,True,0.9765447378158568,0.9671456,43670
clean,0,5,5,True,0.8299273252487183,0.80613434,18598
clean,0,6,3,False,0.8742802739143372,0.8494656,32063
clean,0,9,9,True,0.8714386820793152,0.8463959,43271
clean,0,9,9,True,0.9994708895683287,0.9990553,32221
clean,0,0,0,True,0.7249454259872437,0.6912759,38716
clean,0,2,2,True,0.9052805304527284,0.88632417,43106
clean,0,2,2,True,0.910441517829895,0.8868463,1328
clean,0,6,6,True,0.9997441172599792,0.999496,7252
clean,0,5,5,True,0.9812979698181152,0.9741775,20477
clean,0,8,8,True,0.5280130505561829,0.5145833,19254
clean,0,6,6,True,0.99991774559021,0.99982077,38736
clean,0,0,0,True,0.8290733695030212,0.7901469,33249
clean,0,0,0,True,0.96757572889328,0.95675707,31880
clean,0,1,1,True,0.9997016787528992,0.99945587,28926
clean,0,3,8,False,0.7870020866394043,0.7498698,11337
clean,0,3,5,False,0.5721489191055298,0.5511616,8629
clean,0,7,7,True,0.9970083832740784,0.99513453,8036
clean,0,7,7,True,0.9996932744979858,0.9994043,31921
clean,0,6,6,True,0.7382521629333496,0.7077,6246
clean,0,6,2,False,0.8989118933677673,0.8821981,42415
clean,0,7,7,True,0.3984192013740539,0.37917,12410
clean,0,5,5,True,0.6291810274124146,0.607066,14748
clean,0,5,5,True,0.9465253353118896,0.9326236,26738
clean,0,8,8,True,0.963622748851776,0.9508525,7366
clean,0,4,5,False,0.4148413836956024,0.39066428,13863
clean,0,7,7,True,0.6159300804138184,0.5880813,9823
clean,0,0,0,True,0.8539710640907288,0.82526857,32830
clean,0,7,7,True,0.999528169631958,0.9990996,6827
clean,0,7,7,True,0.879949688911438,0.84922045,29733
clean,0,5,5,True,0.9428596496582032,0.9237898,14185
clean,0,8,8,True,0.6031562089920044,0.5697133,35489
clean,0,6,6,True,0.8988682627677917,0.8777538,32454
clean,0,7,7,True,0.8919183611869812,0.8635004,40893
clean,0,7,7,True,0.8901161551475525,0.86287063,28945
clean,0,4,4,True,0.5659343004226685,0.53384864,399
clean,0,3,3,True,0.8122461438179016,0.7773347,5870
clean,0,3,5,False,0.5077587366104126,0.5062664,13907
clean,0,1,1,True,0.9999254941940308,0.9998492,2727
clean,0,5,5,True,0.991908609867096,0.98752606,13121
clean,0,6,5,False,0.7966017127037048,0.7592996,34762
clean,0,8,8,True,0.9472115635871888,0.93355864,40276
clean,0,7,3,False,0.5899462699890137,0.57141274,14272
clean,0,7,7,True,0.9973000884056092,0.9955747,13638
clean,0,0,5,False,0.2756798863410949,0.26341474,20997
clean,0,8,8,True,0.9304635524749756,0.90885794,25238
clean,0,7,7,True,0.9968554973602296,0.9946097,29957
clean,0,9,9,True,0.9924077987670898,0.9891367,31517
clean,0,8,8,True,0.9983049631118774,0.99711716,9160
clean,0,7,7,True,0.9999648332595824,0.99991786,28695
clean,0,6,6,True,0.9084697365760804,0.88672554,532
clean,0,0,0,True,0.546081006526947,0.54252625,13860
clean,0,7,7,True,0.930268943309784,0.90856296,9186
clean,0,6,6,True,0.9864713549613952,0.9807612,48753
clean,0,0,0,True,0.847280740737915,0.8247323,19339
clean,0,9,1,False,0.9558331966400146,0.94492877,47315
clean,0,1,9,False,0.95345938205719,0.94234115,34484
clean,0,0,0,True,0.9346073269844056,0.911345,9671
clean,0,3,4,False,0.6066421270370483,0.5941175,20505
clean,0,9,9,True,0.9998667240142822,0.99974185,27365
clean,0,1,8,False,0.8058082461357117,0.78664446,34233
clean,0,2,2,True,0.9809826016426086,0.9714137,5903
clean,0,6,6,True,0.9946909546852112,0.9913818,680
clean,0,4,4,True,0.4665592908859253,0.4453558,35624
clean,0,0,0,True,0.9996495246887208,0.9993482,17488
clean,0,9,9,True,0.9998756647109984,0.99975806,20670
clean,0,7,7,True,0.9998319149017334,0.99964416,38798
clean,0,3,3,True,0.8194636106491089,0.7961149,46182
clean,0,5,5,True,0.9853671789169312,0.9798608,39160
clean,0,3,2,False,0.3777011930942535,0.36800158,22832
clean,0,2,2,True,0.3312005996704101,0.32020774,9757
clean,0,1,2,False,0.6490023732185364,0.6162344,5112
clean,0,0,0,True,0.7821255922317505,0.74477816,14689
clean,0,1,1,True,0.9746147990226746,0.96664286,39437
clean,0,6,6,True,0.9999839067459106,0.9999604,5318
clean,0,1,1,True,0.999975323677063,0.99994576,35508
clean,0,0,0,True,0.9961417317390442,0.99362034,40906
clean,0,8,8,True,0.5893175601959229,0.56606835,25111
clean,0,9,9,True,0.997761845588684,0.9962894,27380
clean,0,9,9,True,0.9901208877563475,0.98493075,9143
clean,0,8,8,True,0.691877543926239,0.65695673,36856
clean,0,9,9,True,0.997923731803894,0.99670804,7920
clean,0,5,5,True,0.769099771976471,0.73934317,45269
clean,0,5,2,False,0.8933790922164917,0.8690117,40224
clean,0,6,6,True,0.9988322854042052,0.9978957,39226
clean,0,5,5,True,0.979299247264862,0.97248626,23162
clean,0,7,7,True,0.9504505395889282,0.93781,17314
clean,0,7,7,True,0.6777602434158325,0.6436118,7819
clean,0,0,0,True,0.9463937282562256,0.9291111,33315
clean,0,8,8,True,0.992745578289032,0.98930126,36438
clean,0,8,8,True,0.997596800327301,0.9959644,2161
clean,0,9,9,True,0.999933123588562,0.99984956,19243
clean,0,4,7,False,0.6158379316329956,0.58982396,46446
clean,0,4,4,True,0.8984835147857666,0.87976205,18875
clean,0,1,1,True,0.9937772750854492,0.99092454,32502
clean,0,0,0,True,0.8443276286125183,0.8116459,13248
clean,0,7,7,True,0.8543025851249695,0.8231886,41123
clean,0,3,3,True,0.5566672682762146,0.5267625,21835
clean,0,9,9,True,0.999996542930603,0.99999034,32041
clean,0,4,4,True,0.3682764768600464,0.35177353,22621
clean,0,0,0,True,0.9344217777252196,0.91661054,29057
clean,0,1,1,True,0.9416491389274596,0.9268332,41529
clean,0,7,3,False,0.3607583045959472,0.34362417,10081
clean,0,3,3,True,0.901916205883026,0.88015103,49009
clean,0,7,7,True,0.977056324481964,0.9681621,23212
clean,0,6,6,True,0.9977095127105712,0.9961598,11964
clean,0,8,8,True,0.5965943336486816,0.58844674,38453
clean,0,9,9,True,0.9996905326843262,0.99937755,41468
clean,0,7,7,True,0.9296263456344604,0.9083339,24758
clean,0,3,3,True,0.7082488536834717,0.68468934,11544
clean,0,2,6,False,0.9633734226226808,0.9513344,30466
clean,0,8,8,True,0.5399454236030579,0.5243945,8120
clean,0,6,6,True,0.987734854221344,0.98141587,3243
clean,0,6,6,True,0.986020028591156,0.9802249,15338
clean,0,8,0,False,0.4766925573348999,0.46061602,43725
clean,0,2,2,True,0.9966061115264891,0.9945702,33277
clean,0,9,9,True,0.9785872101783752,0.9717772,9447
clean,0,2,3,False,0.2030703872442245,0.19622484,7853
clean,0,6,6,True,0.9634418487548828,0.9504293,42527
clean,0,8,8,True,0.8946217894554138,0.86948764,48964
clean,0,6,6,True,0.9955156445503236,0.992766,6941
clean,0,5,5,True,0.5036799311637878,0.4785216,35902
clean,0,2,0,False,0.5601760745048523,0.5517525,43192
clean,0,7,7,True,0.9977673292160034,0.996265,31518
clean,0,1,1,True,0.9999788999557496,0.99995315,46406
clean,0,4,4,True,0.9021030068397522,0.8785454,15399
clean,0,2,2,True,0.483627438545227,0.47784945,29658
clean,0,6,6,True,0.8151432275772095,0.78437257,31826
clean,0,9,9,True,0.8285960555076599,0.8082975,48839
clean,0,3,3,True,0.963618814945221,0.94852304,42206
clean,0,0,0,True,0.9999479055404664,0.9998807,10425
clean,0,8,0,False,0.502360999584198,0.495715,31125
clean,0,0,0,True,0.4464336633682251,0.4368194,14023
clean,0,8,8,True,0.98109370470047,0.97352356,28775
clean,0,0,0,True,0.9825756549835204,0.97450733,1147
clean,0,9,9,True,0.9999089241027832,0.9998118,1049
clean,0,4,4,True,0.7254098653793335,0.7038939,32413
clean,0,8,8,True,0.9999752044677734,0.9999423,15629
clean,0,6,6,True,0.993456780910492,0.9897273,26872
clean,0,4,4,True,0.9781296253204346,0.9685564,9950
clean,0,2,2,True,0.9965708255767822,0.9946003,7466
clean,0,0,0,True,0.9847182631492616,0.9785774,23079
clean,0,8,8,True,0.8901094794273376,0.87201,21812
clean,0,9,9,True,0.9994887113571168,0.9990252,39831
clean,0,5,5,True,0.6161013245582581,0.5844592,40555
clean,0,9,9,True,0.9985218644142152,0.9974993,43863
clean,0,6,6,True,0.990992307662964,0.98559177,28606
clean,0,5,5,True,0.6672292351722717,0.6432543,49541
clean,0,4,7,False,0.4650375247001648,0.4408616,1349
clean,0,5,5,True,0.9509243965148926,0.9359341,31043
clean,0,7,7,True,0.9998584985733032,0.999718,35816
clean,0,4,0,False,0.5341997146606445,0.5142223,9761
clean,0,2,2,True,0.597207248210907,0.5648901,22228
clean,0,2,2,True,0.9870718121528624,0.98003894,13585
clean,0,4,0,False,0.7288199067115784,0.68814474,32585
clean,0,0,0,True,0.9837225079536438,0.9771309,35369
clean,0,5,5,True,0.6227151155471802,0.6124009,3794
clean,0,1,1,True,0.9999991655349731,0.9999976,30821
clean,0,8,8,True,0.6530501246452332,0.63888884,7046
clean,0,4,4,True,0.8928648233413696,0.86742675,37340
clean,0,2,2,True,0.5339053273200989,0.50760645,27578
clean,0,1,1,True,0.9946084022521972,0.9920638,8729
clean,0,3,3,True,0.8805767893791199,0.8593879,29936
clean,0,7,7,True,0.9994208812713624,0.9989191,43896
clean,0,5,5,True,0.9995444416999816,0.9991874,41022
clean,0,5,5,True,0.6824839115142822,0.66082245,25445
clean,0,1,1,True,0.5623733401298523,0.52292675,2752
clean,0,7,2,False,0.453502207994461,0.4324289,39797
clean,0,4,4,True,0.7859275341033936,0.76245683,27074
clean,0,5,5,True,0.8167948126792908,0.7914152,31222
clean,0,8,0,False,0.9130627512931824,0.8940585,27783
clean,0,2,2,True,0.9956320524215698,0.9926368,48101
clean,0,4,4,True,0.956465482711792,0.9405276,47857
clean,0,1,1,True,0.9979327917099,0.996554,27404
clean,0,9,9,True,0.998909592628479,0.9981036,35706
clean,0,7,7,True,0.9979336261749268,0.9966421,42095
clean,0,8,8,True,0.6290711164474487,0.6197631,4383
clean,0,4,4,True,0.962891399860382,0.9496615,16659
clean,0,3,3,True,0.9063397645950316,0.88191354,44408
clean,0,3,3,True,0.8004728555679321,0.7766613,43737
clean,0,3,3,True,0.6950480937957764,0.6745674,8385
clean,0,0,0,True,0.7408071160316467,0.69899786,21231
clean,0,2,2,True,0.9985744953155518,0.9974367,21442
clean,0,3,3,True,0.9263864159584044,0.90715057,15397
clean,0,3,6,False,0.5837644934654236,0.55881196,39777
clean,0,8,8,True,0.9960917830467224,0.9940205,37044
clean,0,7,7,True,0.7019020318984985,0.68059707,36815
clean,0,5,5,True,0.3002258837223053,0.28556275,15764
clean,0,8,8,True,0.9998084902763368,0.99960345,9122
clean,0,7,2,False,0.3976816236972809,0.3759176,28328
clean,0,6,6,True,0.8866025805473328,0.8615736,37831
clean,0,3,3,True,0.8181138634681702,0.7959538,15321
clean,0,3,3,True,0.5590062141418457,0.5482175,37631
clean,0,8,8,True,0.9844895601272584,0.9772814,26923
clean,0,8,8,True,0.9975416660308838,0.9961468,45325
clean,0,6,6,True,0.2791431844234466,0.2732969,4959
clean,0,5,5,True,0.9665945172309875,0.9547013,6443
clean,0,6,6,True,0.9992707371711732,0.99865806,46340
clean,0,1,9,False,0.3963996469974518,0.3776203,11782
clean,0,2,2,True,0.9978839755058287,0.9962529,25440
clean,0,1,1,True,0.5404256582260132,0.5306318,26452
clean,0,7,9,False,0.5537164807319641,0.5395536,38279
clean,0,9,9,True,0.8455804586410522,0.8145981,20518
clean,0,5,5,True,0.9609915018081664,0.9492857,22999
clean,0,4,4,True,0.9744536876678468,0.9644211,46153
clean,0,8,8,True,0.8997254371643066,0.8765511,13338
clean,0,1,1,True,0.8572381138801575,0.83938897,14339
clean,0,2,5,False,0.5644131898880005,0.53087395,28935
clean,0,2,2,True,0.9854586124420166,0.9786159,8881
clean,0,3,5,False,0.6635526418685913,0.64292324,41394
clean,0,2,2,True,0.6655258536338806,0.63341004,17403
clean,0,9,9,True,0.9060075283050536,0.8895275,39673
clean,0,8,8,True,0.9999995231628418,0.99999845,34284
clean,0,5,5,True,0.8721354603767395,0.84830135,35409
clean,0,8,8,True,0.4244599938392639,0.41382885,5795
clean,0,6,6,True,0.9513339996337892,0.93879414,32966
clean,0,9,9,True,0.9745386242866516,0.96616316,12789
clean,0,8,8,True,0.5758171081542969,0.54783696,42701
clean,0,1,1,True,0.999908685684204,0.999818,7261
clean,0,2,2,True,0.6839500665664673,0.65146625,986
clean,0,8,8,True,0.5047721266746521,0.5031577,26337
clean,0,6,6,True,0.9821290969848632,0.97467256,18884
clean,0,3,4,False,0.7443458437919617,0.7069,24518
clean,0,9,9,True,0.9783742427825928,0.9706147,34883
clean,0,5,3,False,0.4780853986740112,0.46735823,19693
clean,0,8,8,True,0.9978273510932922,0.9963637,49767
clean,0,1,1,True,0.9429904222488404,0.9302591,25619
clean,0,7,7,True,0.956547200679779,0.9404328,10371
clean,0,8,8,True,0.7200732231140137,0.6861588,41598
clean,0,5,5,True,0.9152820706367492,0.89269996,19434
clean,0,7,7,True,0.6739344000816345,0.6439167,14002
clean,0,4,4,True,0.982780933380127,0.97519934,29086
clean,0,1,1,True,0.8237554430961609,0.78789496,29527
clean,0,5,2,False,0.3819800913333893,0.36671856,23173
clean,0,9,9,True,0.7962080836296082,0.76622385,28329
clean,0,7,4,False,0.4408144056797027,0.42767504,10235
clean,0,7,7,True,0.9750966429710388,0.96501064,1716
clean,0,7,7,True,0.9982796907424928,0.99697065,1197
clean,0,6,6,True,0.9926266074180604,0.9884969,33715
clean,0,6,6,True,0.9996927976608276,0.99940884,11911
clean,0,6,6,True,0.996085286140442,0.99394715,42196
clean,0,0,0,True,0.9602792859077454,0.9501041,12149
clean,0,8,8,True,0.995754599571228,0.9927402,3159
clean,0,3,5,False,0.6517437100410461,0.6347272,32939
clean,0,8,3,False,0.5309354066848755,0.4899137,43362
clean,0,9,9,True,0.9998077750205994,0.99962914,16255
clean,0,6,6,True,0.4986493289470672,0.48746496,19308
clean,0,6,6,True,0.7068132162094116,0.6802975,22872
clean,0,9,9,True,0.9993177652359008,0.9987538,38379
clean,0,3,3,True,0.4441870450973511,0.4288661,42752
clean,0,8,8,True,0.4447167217731476,0.42319873,49347
clean,0,4,1,False,0.2315757423639297,0.22310963,40933
clean,0,8,8,True,0.8614083528518677,0.8326656,24164
clean,0,6,6,True,0.8335143327713013,0.8083738,27329
clean,0,1,1,True,0.5109696984291077,0.48816586,5157
clean,0,4,5,False,0.3820894956588745,0.36610553,1324
clean,0,4,4,True,0.8974041938781738,0.8771446,41987
clean,0,3,3,True,0.977372109889984,0.9686836,49227
clean,0,9,9,True,0.9681986570358276,0.9593865,2020
clean,0,5,5,True,0.3247680068016052,0.31085497,14965
clean,0,0,0,True,0.9708465933799744,0.96195495,6008
clean,0,0,0,True,0.996751308441162,0.9945527,27780
clean,0,8,0,False,0.8362530469894409,0.80525655,43772
clean,0,1,1,True,0.9992619156837464,0.9987399,36081
clean,0,5,5,True,0.7965035438537598,0.7786786,13048
clean,0,0,0,True,0.6482168436050415,0.6265045,30172
clean,0,7,0,False,0.4666711390018463,0.4507701,11761
clean,0,0,1,False,0.9894704818725586,0.98458964,38479
clean,0,3,3,True,0.7689485549926758,0.733669,25103
clean,0,7,7,True,0.7893126606941223,0.7556263,20780
clean,0,1,1,True,0.9996250867843628,0.99932706,9932
clean,0,3,3,True,0.963464617729187,0.95351106,37697
clean,0,3,5,False,0.5745972394943237,0.54129225,20488
clean,0,9,9,True,0.9979377388954164,0.99630886,4865
clean,0,7,7,True,0.9645468592643738,0.95232064,13494
clean,0,1,1,True,0.495779275894165,0.46708825,1547
clean,0,4,3,False,0.6424261331558228,0.62885255,22711
clean,0,7,9,False,0.5166626572608948,0.4891596,19058
clean,0,0,0,True,0.999525547027588,0.9991602,3352
clean,0,0,0,True,0.999625325202942,0.99931264,43301
clean,0,5,5,True,0.9879354238510132,0.9823989,5156
clean,0,5,5,True,0.6973377466201782,0.67628676,1133
clean,0,8,8,True,0.6547945141792297,0.6258367,44213
clean,0,2,2,True,0.9950952529907228,0.99186194,2079
clean,0,2,3,False,0.3264457285404205,0.30779937,36423
clean,0,9,9,True,0.9915429353713988,0.98800373,27435
clean,0,0,0,True,0.9995425939559937,0.9991209,22112
clean,0,7,2,False,0.3982070088386535,0.37621155,3939
clean,0,4,4,True,0.6383763551712036,0.6046273,24369
clean,0,7,7,True,0.989111602306366,0.9841561,7204
clean,0,2,2,True,0.8499436974525452,0.81644905,34960
clean,0,5,5,True,0.959363341331482,0.9487907,24687
clean,0,8,8,True,0.9998728036880492,0.9997428,49861
clean,0,0,0,True,0.9995079040527344,0.9991021,29655
clean,0,4,5,False,0.3401855528354645,0.32647714,15503
clean,0,7,7,True,0.9030000567436218,0.87978727,17913
clean,0,2,2,True,0.963792622089386,0.95004356,29812
clean,0,7,7,True,0.4070679843425751,0.39521793,44922
clean,0,2,2,True,0.8509355187416077,0.8240905,49256
clean,0,1,1,True,0.998793125152588,0.9979964,17091
clean,0,2,2,True,0.97747004032135,0.9687918,9240
clean,0,0,0,True,0.9406671524047852,0.9192294,47267
clean,0,5,5,True,0.8603708744049072,0.8407223,30590
clean,0,7,7,True,0.7940964698791504,0.7549207,49630
clean,0,7,7,True,0.9382443428039552,0.9195024,37935
clean,0,5,5,True,0.797980785369873,0.76476437,20692
clean,0,1,1,True,0.679303765296936,0.6668717,22545
clean,0,4,4,True,0.9956841468811036,0.9927416,2528
clean,0,7,7,True,0.9998401403427124,0.9996723,16171
clean,0,6,3,False,0.755109429359436,0.7161548,22404
clean,0,6,6,True,0.9750545620918274,0.9656155,22356
clean,0,3,3,True,0.65971440076828,0.6263824,28029
clean,0,4,4,True,0.8577669858932495,0.83510095,15781
clean,0,2,2,True,0.7323540449142456,0.69624174,37368
clean,0,7,7,True,0.8753663897514343,0.8448593,28249
clean,0,6,6,True,0.4032399952411651,0.38097546,35971
clean,0,6,6,True,0.6960708498954773,0.6764482,18208
clean,0,1,1,True,0.9880146384239196,0.9814725,2837
clean,0,0,0,True,0.9860252737998962,0.9793187,8444
clean,0,9,9,True,0.986351728439331,0.9792053,3657
clean,0,3,2,False,0.4449203908443451,0.4262179,26044
clean,0,1,1,True,0.8071348071098328,0.7879918,16133
clean,0,4,4,True,0.9977554678916932,0.99629253,28076
clean,0,1,1,True,0.2672910392284393,0.25569275,46328
clean,0,1,9,False,0.4238992631435394,0.4139987,20546
clean,0,6,6,True,0.9788861870765686,0.97020996,28169
clean,0,3,3,True,0.7180785536766052,0.7006712,806
clean,0,7,7,True,0.370105504989624,0.35904208,26861
clean,0,5,5,True,0.3974665105342865,0.37970337,25505
clean,0,8,8,True,0.7609938979148865,0.7249379,16281
clean,0,9,9,True,0.9993390440940856,0.9988637,33460
clean,0,5,2,False,0.270106166601181,0.262951,22047
clean,0,6,6,True,0.9997116923332214,0.9994229,25291
clean,0,7,7,True,0.5364295244216919,0.51091325,45027
clean,0,5,5,True,0.948767364025116,0.93489,25821
clean,0,4,4,True,0.907067060470581,0.8806496,3539
clean,0,0,0,True,0.9973527193069458,0.99572325,29468
clean,0,7,7,True,0.997349739074707,0.99567044,47983
clean,0,1,1,True,0.6601830720901489,0.64629513,7735
clean,0,4,3,False,0.4407564401626587,0.41977865,15737
clean,0,4,4,True,0.6061100363731384,0.5739137,6562
clean,0,6,6,True,0.9630310535430908,0.94940925,6745
clean,0,2,2,True,0.5744165182113647,0.5485546,26396
clean,0,9,9,True,0.9980283379554749,0.9966749,17973
clean,0,3,3,True,0.7258890867233276,0.70931417,27235
clean,0,7,7,True,0.9997990727424622,0.99961036,42478
clean,0,6,6,True,0.966587483882904,0.953562,46377
clean,0,5,7,False,0.2701943516731262,0.26216888,47463
clean,0,8,8,True,0.9944856762886048,0.99129313,1732
clean,0,1,1,True,0.9999911785125732,0.9999789,41966
clean,0,7,7,True,0.9904407262802124,0.98531544,35768
clean,0,9,9,True,0.9828292727470398,0.9753846,16163
clean,0,2,2,True,0.9994491934776306,0.99894017,11779
clean,0,6,6,True,0.9999815225601196,0.9999567,45686
clean,0,9,9,True,0.9996627569198608,0.9993641,37195
clean,0,1,1,True,0.999842643737793,0.99969685,21429
clean,0,2,2,True,0.6047207713127136,0.5659229,14317
clean,0,2,2,True,0.7695938348770142,0.7403896,19615
clean,0,3,5,False,0.4689658582210541,0.45930007,21549
clean,0,4,4,True,0.9348283410072328,0.91570634,33232
clean,0,6,6,True,0.6213822364807129,0.5994572,37404
clean,0,9,9,True,0.9902759790420532,0.9852739,13745
clean,0,4,4,True,0.8935515284538269,0.8673036,13395
clean,0,7,7,True,0.999980926513672,0.9999546,19816
clean,0,1,9,False,0.7384359836578369,0.71463585,33615
clean,0,0,0,True,0.5054041743278503,0.49972823,21975
clean,0,7,7,True,0.999993085861206,0.99998176,22036
clean,0,3,5,False,0.7438490986824036,0.7222474,9393
clean,0,6,6,True,0.995625376701355,0.9930264,28325
clean,0,7,7,True,0.9969725608825684,0.9949544,12479
clean,0,1,1,True,0.9991274476051332,0.99853015,3773
clean,0,4,4,True,0.9924564361572266,0.9884426,44162
clean,0,7,5,False,0.847929060459137,0.82329696,469
clean,0,4,4,True,0.7584831118583679,0.72413206,8987
clean,0,4,2,False,0.579474687576294,0.54807144,45323
clean,0,2,2,True,0.845073938369751,0.81370413,42832
clean,0,2,2,True,0.9396458864212036,0.92025423,48117
clean,0,3,3,True,0.673587441444397,0.6420287,17664
clean,0,7,5,False,0.6494324803352356,0.6238167,13132
clean,0,4,4,True,0.9537373185157776,0.93632025,10851
clean,0,9,9,True,0.9911848902702332,0.9872312,48450
clean,0,9,9,True,0.9986536502838136,0.9975568,21067
clean,0,0,0,True,0.9993669390678406,0.9988385,1626
clean,0,9,9,True,0.99978107213974,0.99956447,20129
clean,0,4,4,True,0.669398844242096,0.63729984,14664
clean,0,6,2,False,0.9814885854721068,0.97254014,41290
clean,0,1,1,True,0.9992719292640686,0.9987471,8696
clean,0,5,4,False,0.616823136806488,0.5738489,1726
clean,0,3,3,True,0.7647398710250854,0.74169123,10518
clean,0,5,5,True,0.9997382760047911,0.99951243,28241
clean,0,3,3,True,0.2972662150859833,0.28145105,20601
clean,0,9,9,True,0.9979345798492432,0.9967359,47700
clean,0,8,8,True,0.422637403011322,0.41231924,27886
clean,0,2,7,False,0.3037751317024231,0.2912558,335
clean,0,1,9,False,0.6706165075302124,0.6567817,31329
clean,0,2,6,False,0.4359852075576782,0.41772225,8585
clean,0,6,6,True,0.9982594847679138,0.9970034,46105
clean,0,0,0,True,0.8689226508140564,0.83984524,4018
clean,0,1,1,True,0.9927129149436952,0.9895447,34287
clean,0,1,1,True,0.9931561350822448,0.98956877,19971
clean,0,9,9,True,0.9939661622047424,0.99029946,12706
clean,0,1,1,True,0.9892115592956544,0.98434216,42150
clean,0,1,1,True,0.951104462146759,0.9333919,75
clean,0,9,9,True,0.9918012022972108,0.9883436,9652
clean,0,7,2,False,0.8877882361412048,0.86164147,38145
clean,0,4,4,True,0.9795418977737428,0.97067386,22837
clean,0,8,9,False,0.8935518860816956,0.86641777,36864
clean,0,6,6,True,0.999382734298706,0.99886465,5513
clean,0,3,5,False,0.8688731789588928,0.8518921,34952
clean,0,8,6,False,0.4409325122833252,0.4241355,10775
clean,0,8,8,True,0.9999886751174928,0.999972,49465
clean,0,4,4,True,0.5613608360290527,0.5403438,9568
clean,0,5,5,True,0.483219712972641,0.47335592,28047
clean,0,0,0,True,0.9987037181854248,0.99772376,38344
clean,0,9,9,True,0.9994294047355652,0.99900633,48809
clean,0,1,1,True,0.9878513216972352,0.9830997,16770
clean,0,8,8,True,0.9634841084480286,0.9524555,12087
clean,0,7,7,True,0.911041796207428,0.89233845,34191
clean,0,5,2,False,0.7105869054794312,0.66929185,16459
clean,0,3,3,True,0.7740573287010193,0.75512815,1919
clean,0,3,3,True,0.4388193190097809,0.4300116,3177
clean,0,6,6,True,0.8301758170127869,0.7906074,32397
clean,0,0,2,False,0.475921094417572,0.4573993,25330
clean,0,8,8,True,0.9349663853645324,0.91438943,47562
clean,0,2,2,True,0.99598491191864,0.9932765,43116
clean,0,2,2,True,0.4222529828548431,0.4014069,30181
clean,0,7,5,False,0.4648787081241607,0.44446328,12925
clean,0,3,3,True,0.5537540316581726,0.52932334,1281
clean,0,1,1,True,0.9958893656730652,0.9934562,38838
clean,0,4,2,False,0.6815488338470459,0.6541562,26979
clean,0,5,5,True,0.9376283288002014,0.91839814,6642
clean,0,1,1,True,0.9864218235015868,0.98090345,6933
clean,0,3,4,False,0.3378272950649261,0.32016557,12450
clean,0,4,4,True,0.7864974737167358,0.7607975,20833
clean,0,0,0,True,0.94438898563385,0.93219155,46763
clean,0,9,9,True,0.9977383613586426,0.9960722,17109
clean,0,4,5,False,0.2763270735740661,0.2707457,22139
clean,0,3,5,False,0.9688928127288818,0.9568432,37057
clean,0,5,2,False,0.6021896004676819,0.58393794,39682
clean,0,1,9,False,0.8308182954788208,0.8135443,27272
clean,0,8,8,True,0.9997026324272156,0.999446,32051
clean,0,4,4,True,0.7790079712867737,0.74939287,44752
clean,0,5,5,True,0.7049495577812195,0.68170977,35762
clean,0,0,0,True,0.9278165102005004,0.91147786,19103
clean,0,9,9,True,0.9606744050979614,0.94813263,21738
clean,0,3,5,False,0.8562086224555969,0.83784753,33788
clean,0,0,4,False,0.4748140871524811,0.4601296,1913
clean,0,0,0,True,0.934067726135254,0.91696054,21227
clean,0,8,8,True,0.6447715163230896,0.6100952,32037
clean,0,0,0,True,0.9906163811683656,0.9865443,22713
clean,0,2,2,True,0.646142303943634,0.610023,48628
clean,0,5,4,False,0.5132614374160767,0.48227447,33017
clean,0,4,4,True,0.999765932559967,0.9995427,15140
clean,0,4,4,True,0.5599968433380127,0.5383824,35942
clean,0,6,6,True,0.8367957472801208,0.8067928,1027
clean,0,8,0,False,0.5486078858375549,0.54486877,46249
clean,0,8,3,False,0.3221718370914459,0.3079903,8542
clean,0,3,5,False,0.4971402883529663,0.48418713,2565
clean,0,4,4,True,0.761553943157196,0.72565925,13416
clean,0,3,5,False,0.971985161304474,0.9622231,2011
clean,0,6,6,True,0.9851580262184144,0.978564,4190
clean,0,8,8,True,0.980430006980896,0.9715909,1680
clean,0,3,2,False,0.5351922512054443,0.504427,20577
clean,0,8,9,False,0.7181236743927002,0.68831056,35909
clean,0,4,6,False,0.6605414748191833,0.6293237,5754
clean,0,6,6,True,0.93095725774765,0.910562,6599
clean,0,5,5,True,0.99324631690979,0.9900619,36139
clean,0,1,1,True,0.9996898174285888,0.99942183,15447
clean,0,9,9,True,0.9961775541305542,0.99422836,39743
clean,0,1,1,True,0.9509414434432985,0.9384699,22335
clean,0,8,8,True,0.970661461353302,0.958347,42521
clean,0,7,7,True,0.9024665355682372,0.880131,29236
clean,0,2,2,True,0.977408766746521,0.96679306,7688
clean,0,0,9,False,0.7711606025695801,0.74826527,5566
clean,0,6,6,True,0.8476002216339111,0.82104445,18070
clean,0,4,5,False,0.6068745851516724,0.57052517,43222
clean,0,6,6,True,0.9822928309440612,0.9754068,44915
clean,0,6,6,True,0.999434769153595,0.99891496,452
clean,0,3,3,True,0.4965336918830871,0.4638927,44226
clean,0,7,7,True,0.9909453392028807,0.98621726,9517
clean,0,1,9,False,0.8794182538986206,0.8613629,15512
clean,0,4,4,True,0.6565039753913879,0.6260322,8049
clean,0,6,6,True,0.9958166480064392,0.99324375,18407
clean,0,3,3,True,0.9076328873634338,0.8848135,6590
clean,0,4,4,True,0.3886364698410034,0.37457886,268
clean,0,9,9,True,0.999837040901184,0.9996878,24320
clean,0,9,4,False,0.2565709352493286,0.24797921,26385
clean,0,3,5,False,0.659798800945282,0.6272407,43955
clean,0,7,2,False,0.4976220428943634,0.46783713,20247
clean,0,9,9,True,0.9984583854675292,0.99725,21575
clean,0,1,1,True,0.996196746826172,0.99424475,21331
clean,0,6,6,True,0.999711811542511,0.99944943,43390
clean,0,1,1,True,0.9999226331710817,0.99984384,13755
clean,0,6,2,False,0.6007309556007385,0.5642954,13220
clean,0,0,0,True,0.8688734173774719,0.84748363,21217
clean,0,4,2,False,0.5181483626365662,0.49025637,29129
clean,0,7,7,True,0.975474178791046,0.9667976,45147
clean,0,2,2,True,0.9991840720176696,0.9984836,33792
clean,0,9,9,True,0.9597018361091614,0.94354695,16655
clean,0,6,6,True,0.8840854167938232,0.86154026,40298
clean,0,5,5,True,0.9808912873268129,0.9732789,28505
clean,0,1,1,True,0.9995312690734864,0.99917245,31957
clean,0,2,2,True,0.5232132077217102,0.49168238,36184
clean,0,3,3,True,0.2943337261676788,0.28302467,30490
clean,0,4,4,True,0.983328104019165,0.9753586,18559
clean,0,1,1,True,0.8472524881362915,0.8223906,22607
clean,0,0,0,True,0.3484955728054046,0.33588266,32411
clean,0,0,0,True,0.7876046895980835,0.7546844,39471
clean,0,1,1,True,0.9980238676071168,0.9968528,23833
clean,0,1,1,True,0.9401808977127076,0.9275794,20557
clean,0,9,9,True,0.9590428471565248,0.943759,38314
clean,0,7,7,True,0.8475403189659119,0.81400704,499
clean,0,4,4,True,0.6309621930122375,0.60969764,47205
clean,0,1,1,True,0.9970535039901732,0.9954202,47310
clean,0,4,2,False,0.4871471226215362,0.4612795,30815
clean,0,9,9,True,0.9998664855957032,0.9997366,29085
clean,0,6,6,True,0.9920673370361328,0.9877007,26245
clean,0,7,7,True,0.9052035212516784,0.87786174,21107
clean,0,7,7,True,0.8927280902862549,0.8631384,11428
clean,0,0,8,False,0.5016106963157654,0.4681659,27768
clean,0,6,6,True,0.9876999855041504,0.9822817,14162
clean,0,3,6,False,0.5604799389839172,0.5465201,10534
clean,0,8,8,True,0.9949384927749634,0.99249434,17180
clean,0,2,2,True,0.612916111946106,0.5863079,8092
clean,0,7,7,True,0.8860682249069214,0.85806227,17254
clean,0,1,1,True,0.9938945174217224,0.99069536,12275
clean,0,0,9,False,0.3720970749855041,0.35252783,40619
clean,0,3,3,True,0.3960789740085602,0.3789507,41992
clean,0,9,9,True,0.9658946990966796,0.9562603,43882
clean,0,0,4,False,0.7607693672180176,0.7360035,8160
clean,0,2,2,True,0.9996988773345948,0.9994111,21135
clean,0,9,9,True,0.9955986738204956,0.9925264,41876
clean,0,3,5,False,0.617453396320343,0.58673644,46712
clean,0,2,5,False,0.7185508012771606,0.6888707,12616
clean,0,5,5,True,0.854475736618042,0.82811755,33333
clean,0,4,5,False,0.5169326066970825,0.4931645,33666
clean,0,0,2,False,0.4673777520656585,0.44554627,5858
clean,0,1,1,True,0.9990384578704834,0.9983311,18555
clean,0,1,1,True,0.999201238155365,0.9986064,26248
clean,0,9,9,True,0.999950647354126,0.9998901,22024
clean,0,0,0,True,0.9652085304260254,0.95489585,32484
clean,0,7,5,False,0.6548483371734619,0.6297479,37948
clean,0,3,5,False,0.4605739414691925,0.44483006,14122
clean,0,3,3,True,0.6621558666229248,0.649744,43832
clean,0,9,9,True,0.999740183353424,0.99951196,42157
clean,0,7,7,True,0.4110151529312134,0.38529772,16022
clean,0,6,6,True,0.9999983310699464,0.99999547,22354
clean,0,9,9,True,0.7809211611747742,0.74020964,46567
clean,0,1,1,True,0.9968068599700928,0.9950826,27130
clean,0,8,8,True,0.9830232262611388,0.97708845,30034
clean,0,5,5,True,0.8108645081520081,0.7934163,22235
clean,0,7,4,False,0.6728694438934326,0.64536196,3989
clean,0,8,8,True,0.9890121221542358,0.98417306,35663
clean,0,9,9,True,0.9993799924850464,0.998928,13670
clean,0,2,2,True,0.9907562136650084,0.9858059,42020
clean,0,8,8,True,0.7408593893051147,0.71928424,31354
clean,0,8,8,True,0.9793797731399536,0.970256,25524
clean,0,4,4,True,0.8753775358200073,0.84904456,49981
clean,0,4,4,True,0.7049745917320251,0.67651236,19284
clean,0,8,8,True,0.9774816632270812,0.97006005,40347
clean,0,9,1,False,0.3922026753425598,0.3746063,30558
clean,0,8,9,False,0.5185819864273071,0.5005739,24167
clean,0,6,3,False,0.5769224762916565,0.5404787,248
clean,0,9,9,True,0.9725029468536376,0.9641207,6900
clean,0,6,6,True,0.945132851600647,0.9272696,12031
clean,0,5,5,True,0.9359946846961976,0.9167523,13103
clean,0,0,0,True,0.9952591061592102,0.9922191,10716
clean,0,5,3,False,0.5094125270843506,0.4890996,14724
clean,0,3,3,True,0.5200802087783813,0.5057943,35375
clean,0,2,2,True,0.870835542678833,0.8385009,43469
clean,0,8,8,True,0.9996168613433838,0.9992501,25042
clean,0,9,9,True,0.9671344757080078,0.953492,27146
clean,0,6,6,True,0.8935707211494446,0.87265486,13479
clean,0,4,2,False,0.3429065346717834,0.33040795,32797
clean,0,9,1,False,0.6749411225318909,0.6626939,16884
clean,0,1,1,True,0.4051499664783478,0.39115632,15740
clean,0,4,4,True,0.9567670226097108,0.94155866,9852
clean,0,0,0,True,0.9727019667625428,0.96376526,6920
clean,0,8,8,True,0.939064621925354,0.9229357,39075
clean,0,0,9,False,0.8902161121368408,0.86200655,25789
clean,0,2,2,True,0.7916586399078369,0.7593096,35887
clean,0,9,9,True,0.7389625310897827,0.71958745,22152
clean,0,9,9,True,0.978643000125885,0.96846235,5213
clean,0,9,9,True,0.9996191263198853,0.99930406,16267
clean,0,0,0,True,0.4550308287143707,0.43866697,8200
clean,0,2,2,True,0.9758337140083312,0.9655866,23559
clean,0,9,9,True,0.9998217225074768,0.9996455,17434
clean,0,8,8,True,0.997552216053009,0.9958045,33418
clean,0,5,3,False,0.5093732476234436,0.50486696,46083
clean,0,4,6,False,0.990350306034088,0.9852367,8490
clean,0,6,6,True,0.9986383318901062,0.99762625,43021
clean,0,4,4,True,0.6497097611427307,0.61371166,4129
clean,0,4,4,True,0.5914896130561829,0.5586909,44939
clean,0,6,6,True,0.9987913966178894,0.99794024,33018
clean,0,3,3,True,0.7477932572364807,0.71626186,5678
clean,0,2,2,True,0.2876138687133789,0.27464134,7840
clean,0,6,6,True,0.9553451538085938,0.94035584,49265
clean,0,8,8,True,0.9235153198242188,0.90398866,12065
clean,0,6,6,True,0.989683985710144,0.98455703,1743
clean,0,2,2,True,0.992645263671875,0.9893679,30818
clean,0,7,7,True,0.51338130235672,0.48525718,7798
clean,0,5,5,True,0.9751870632171632,0.965247,40382
clean,0,1,0,False,0.8239319920539856,0.79917526,47035
clean,0,9,9,True,0.9986727237701416,0.99760985,34796
clean,0,6,6,True,0.869566023349762,0.8412619,16129
clean,0,4,7,False,0.8219842910766602,0.8020345,43758
clean,0,8,8,True,0.8560846447944641,0.83103716,2952
clean,0,9,0,False,0.9642335176467896,0.9535855,7127
clean,0,5,5,True,0.8920915722846985,0.87008834,41559
clean,0,8,8,True,0.9638915061950684,0.9527258,33104
clean,0,4,4,True,0.7289514541625977,0.69993573,37649
clean,0,9,9,True,0.9771832227706908,0.9700767,25837
clean,0,5,5,True,0.933304727077484,0.91340864,30290
clean,0,8,8,True,0.6715030670166016,0.65127677,22518
clean,0,5,6,False,0.9973045587539672,0.9955024,5411
clean,0,7,7,True,0.7585363984107971,0.7244923,28453
clean,0,1,1,True,0.9886139631271362,0.98417956,12292
clean,0,5,5,True,0.9213784337043762,0.899114,21879
clean,0,7,7,True,0.5885298252105713,0.5597467,37884
clean,0,8,8,True,0.9152821898460388,0.8914946,48297
clean,0,0,0,True,0.9968209266662598,0.9946556,30909
clean,0,8,8,True,0.9940476417541504,0.99107075,31037
clean,0,7,5,False,0.5283971428871155,0.520085,3726
clean,0,4,0,False,0.8435748815536499,0.812213,45333
clean,0,8,8,True,0.9587437510490416,0.9451469,8919
clean,0,7,4,False,0.5525327920913696,0.5277538,30319
clean,0,8,8,True,0.5762351155281067,0.5578877,24586
clean,0,3,5,False,0.6508226990699768,0.63919246,15234
clean,0,0,0,True,0.9511097073554992,0.9386833,38618
clean,0,7,7,True,0.4275579750537872,0.4105644,23034
clean,0,2,2,True,0.799096941947937,0.7641337,43361
clean,0,5,9,False,0.3354213237762451,0.3155244,11723
clean,0,3,3,True,0.7878682613372803,0.7538711,17047
clean,0,7,7,True,0.5642778873443604,0.53278774,40567
clean,0,3,3,True,0.3181807398796081,0.30818373,27759
clean,0,9,9,True,0.9952622652053832,0.99232906,33671
clean,0,5,5,True,0.9609063863754272,0.9469695,38471
clean,0,0,0,True,0.9187313318252563,0.8981779,25290
clean,0,5,5,True,0.8223293423652649,0.79405224,20495
clean,0,2,2,True,0.52872234582901,0.50485104,11745
clean,0,9,9,True,0.992697775363922,0.98877686,23169
clean,0,3,5,False,0.4597938060760498,0.44478613,20953
clean,0,2,6,False,0.4473686516284942,0.43541163,3338
clean,0,0,0,True,0.901145339012146,0.8717122,22648
clean,0,9,9,True,0.9998751878738404,0.99974066,3838
clean,0,6,6,True,0.9847506284713744,0.9767041,42819
clean,0,8,8,True,0.8956910371780396,0.86653185,30529
clean,0,6,6,True,0.9948211908340454,0.9918282,21828
clean,0,2,2,True,0.9924597144126892,0.9883704,11629
clean,0,2,2,True,0.996206760406494,0.99359447,42792
clean,0,5,5,True,0.954908847808838,0.94078994,33965
clean,0,3,3,True,0.6380853056907654,0.62609076,44381
clean,0,9,6,False,0.5795448422431946,0.53904885,4665
clean,0,2,6,False,0.9189967513084412,0.89700216,8195
clean,0,8,8,True,0.985767126083374,0.97917056,25450
clean,0,5,5,True,0.6688848733901978,0.6553412,34424
clean,0,8,8,True,0.9960656762123108,0.9940665,49393
clean,0,7,7,True,0.9209553003311156,0.8988328,6752
clean,0,2,2,True,0.9987528324127196,0.9977915,30254
clean,0,0,0,True,0.9913523197174072,0.9868917,38545
clean,0,7,7,True,0.999303698539734,0.99872583,46946
clean,0,4,4,True,0.7940140962600708,0.7588193,12843
clean,0,6,6,True,0.9839561581611632,0.97608966,327
clean,0,8,0,False,0.6283108592033386,0.6073655,25744
clean,0,5,5,True,0.986855447292328,0.98146963,32906
clean,0,9,9,True,0.9856932163238524,0.9777223,47785
clean,0,8,0,False,0.4917710423469543,0.4857541,39089
clean,0,2,2,True,0.594692051410675,0.56790036,24413
clean,0,9,9,True,0.9997751116752625,0.99957436,42295
clean,0,0,0,True,0.999772846698761,0.99952257,8023
clean,0,8,8,True,0.937016785144806,0.92131096,5916
clean,0,6,6,True,0.9915083646774292,0.98676455,38856
clean,0,6,6,True,0.8900763392448425,0.8654083,11397
clean,0,3,5,False,0.6831021308898926,0.6703247,10101
clean,0,0,0,True,0.9999779462814332,0.9999474,12375
clean,0,4,7,False,0.700061023235321,0.6627205,17420
clean,0,2,2,True,0.5641400814056396,0.5355414,38746
clean,0,2,2,True,0.9997144341468812,0.99945015,31293
clean,0,2,0,False,0.756013035774231,0.72865117,49881
clean,0,2,3,False,0.2175757139921188,0.2093641,13682
clean,0,9,9,True,0.9995146989822388,0.99908674,33547
clean,0,7,7,True,0.6583002805709839,0.6329117,14725
clean,0,3,3,True,0.876072347164154,0.85172534,41323
clean,0,9,9,True,0.985316812992096,0.97761095,31296
clean,0,0,0,True,0.9993475079536438,0.9987723,41233
clean,0,4,4,True,0.7359045743942261,0.7041686,20157
clean,0,4,6,False,0.8248469233512878,0.7994792,25402
clean,0,2,2,True,0.5169333815574646,0.49218625,3372
clean,0,3,3,True,0.5906105637550354,0.55257595,14373
clean,0,1,1,True,0.9981673955917358,0.99704665,41133
clean,0,7,7,True,0.6808829307556152,0.65209866,22019
clean,0,6,6,True,0.8893076777458191,0.86577785,12003
clean,0,3,6,False,0.5902003049850464,0.56162304,40690
clean,0,9,9,True,0.9999774694442748,0.99994993,5461
clean,0,5,3,False,0.6246522068977356,0.6026351,22083
clean,0,6,6,True,0.8629686832427979,0.8352839,34368
clean,0,9,9,True,0.9999933242797852,0.99998355,12555
clean,0,1,1,True,0.7142698764801025,0.6995946,43935
clean,0,6,6,True,0.9996756315231324,0.9993666,33470
clean,0,6,6,True,0.998596966266632,0.99749833,15442
clean,0,6,6,True,0.9992237091064452,0.99855906,31342
clean,0,3,3,True,0.664655327796936,0.6507442,27485
clean,0,4,4,True,0.5278623700141907,0.5224049,39047
clean,0,2,2,True,0.9604305624961852,0.94716173,933
clean,0,5,5,True,0.4834343492984772,0.47103456,45032
clean,0,5,5,True,0.9788505434989928,0.97199494,4610
clean,0,7,7,True,0.8209190964698792,0.790463,29047
clean,0,7,7,True,0.9981505274772644,0.9969799,20392
clean,0,0,0,True,0.9991300702095032,0.99847096,47143
clean,0,8,8,True,0.9862886667251588,0.98063767,18067
clean,0,6,6,True,0.9790371656417848,0.9691843,42460
clean,0,8,8,True,0.7421549558639526,0.72638667,37873
clean,0,1,1,True,0.9957946538925172,0.9933494,27024
clean,0,4,4,True,0.3244388699531555,0.31561077,11945
clean,0,7,3,False,0.3896583616733551,0.37064394,3920
clean,0,5,3,False,0.5511733889579773,0.5268499,45481
clean,0,1,1,True,0.9974109530448914,0.99595994,22957
clean,0,5,5,True,0.9686520099639891,0.9590601,33567
clean,0,1,1,True,0.9998929500579834,0.9997873,30516
clean,0,0,0,True,0.9390896558761596,0.9221267,32398
clean,0,9,9,True,0.9999328851699828,0.9998617,19203
clean,0,9,9,True,0.9996888637542723,0.99936944,2448
clean,0,7,7,True,0.9893927574157716,0.9837642,1898
clean,0,4,4,True,0.8418895602226257,0.81154126,10067
clean,0,7,7,True,0.9811933040618896,0.97327775,41205
clean,0,0,0,True,0.9857292175292968,0.97898614,30069
clean,0,5,5,True,0.9960346817970276,0.99392164,14677
clean,0,0,9,False,0.4491335749626159,0.4375587,27323
clean,0,0,2,False,0.4167947173118591,0.4027916,30428
clean,0,6,6,True,0.7546275854110718,0.72443074,8709
clean,0,1,1,True,0.9691269993782043,0.9604984,10569
clean,0,7,7,True,0.8971974849700928,0.87685215,46364
clean,0,5,6,False,0.8654632568359375,0.8356764,37391
clean,0,6,3,False,0.9730619192123412,0.963104,44055
clean,0,4,4,True,0.8640727996826172,0.8351985,41982
clean,0,3,5,False,0.8866900205612183,0.863751,41719
clean,0,8,8,True,0.9661588072776794,0.95411026,18421
clean,0,7,7,True,0.9997926354408264,0.9996086,46557
clean,0,8,8,True,0.9340620636940002,0.91628295,11013
clean,0,0,0,True,0.9777843952178956,0.96785253,25462
clean,0,6,6,True,0.830970823764801,0.7967819,29965
clean,0,2,2,True,0.9935967922210692,0.9897036,31562
clean,0,1,1,True,0.9999958276748656,0.9999893,45268
clean,0,4,4,True,0.8536262512207031,0.83531266,25498
clean,0,4,4,True,0.9327621459960938,0.9148831,23394
clean,0,3,5,False,0.7057642936706543,0.68218935,24071
clean,0,2,2,True,0.764301061630249,0.7273215,1295
clean,0,3,3,True,0.7450013160705566,0.7081282,25019
clean,0,1,1,True,0.5185992121696472,0.5107274,21149
clean,0,2,2,True,0.7583451271057129,0.7275241,1995
clean,0,2,2,True,0.9693874716758728,0.9564929,49700
clean,0,1,1,True,0.99990975856781,0.9998202,23714
clean,0,5,5,True,0.9305036664009094,0.90973145,39475
clean,0,9,9,True,0.9999784231185912,0.99994993,42560
clean,0,0,0,True,0.9994128942489624,0.99886984,30769
clean,0,9,9,True,0.6080238223075867,0.600216,27949
clean,0,7,7,True,0.7347643971443176,0.6964779,10858
clean,0,1,1,True,0.997141659259796,0.9955075,44571
clean,0,2,2,True,0.5311828255653381,0.5241101,39269
clean,0,1,1,True,0.9999256134033204,0.9998485,10107
clean,0,2,0,False,0.9725309014320374,0.9642958,40515
clean,0,6,6,True,0.883143961429596,0.85265714,34564
clean,0,0,0,True,0.978169560432434,0.9695479,2421
clean,0,8,8,True,0.970277726650238,0.95966345,32429
clean,0,0,0,True,0.9991974234580994,0.99851507,43279
clean,0,8,8,True,0.7481340765953064,0.7213835,46387
clean,0,0,0,True,0.998505711555481,0.9975605,5484
clean,0,1,1,True,0.9999738931655884,0.999943,37476
clean,0,0,0,True,0.9977667331695556,0.9961887,23781
clean,0,9,9,True,0.9899712800979614,0.9847512,21355
clean,0,8,8,True,0.987697184085846,0.9823142,17813
clean,0,2,2,True,0.4891340434551239,0.47424695,3508
clean,0,3,5,False,0.5565029978752136,0.5406068,10558
clean,0,3,6,False,0.725607693195343,0.70882475,7872
clean,0,3,5,False,0.9431520104408264,0.92956394,36779
clean,0,0,0,True,0.7329352498054504,0.6956887,26269
clean,0,1,1,True,0.8476091623306274,0.8247591,2038
clean,0,2,2,True,0.9092251062393188,0.8929102,924
clean,0,3,5,False,0.4217621982097626,0.40979654,21909
clean,0,5,5,True,0.8939884305000305,0.86863637,28997
clean,0,4,5,False,0.3230541050434112,0.3121285,36032
clean,0,5,6,False,0.3977008163928985,0.37614965,48139
clean,0,1,1,True,0.9999605417251588,0.99991536,43646
clean,0,2,2,True,0.5260054469108582,0.5025197,33680
clean,0,4,4,True,0.9336408376693726,0.91521597,7625
clean,0,6,6,True,0.3779183030128479,0.35749224,47874
clean,0,7,7,True,0.9993038177490234,0.99873,22267
clean,0,5,5,True,0.9996094107627868,0.9992914,9212
clean,0,0,0,True,0.9627434611320496,0.951843,16825
clean,0,7,7,True,0.7349119186401367,0.7043191,35025
clean,0,3,2,False,0.4090005457401275,0.39364207,33337
clean,0,0,2,False,0.4857994318008423,0.47013724,34676
clean,0,1,9,False,0.994544267654419,0.9919858,12755
clean,0,4,6,False,0.9210997223854064,0.9002435,16058
clean,0,3,3,True,0.4788792431354522,0.47122234,48880
clean,0,3,3,True,0.7962630391120911,0.7775307,37769
clean,0,9,9,True,0.9986556768417358,0.99767166,16382
clean,0,0,0,True,0.9994673132896424,0.9990269,3329
clean,0,5,5,True,0.5776987075805664,0.5565024,46130
clean,0,8,8,True,0.9183585047721864,0.89914995,30388
clean,0,5,5,True,0.9982444047927856,0.9970751,3367
clean,0,3,3,True,0.7484357357025146,0.7138869,42021
clean,0,4,4,True,0.8211417198181152,0.7923169,47231
clean,0,9,9,True,0.999992847442627,0.99998176,19380
clean,0,1,1,True,0.9982267022132874,0.9971198,39391
clean,0,8,8,True,0.9965574741363524,0.994668,15914
clean,0,9,9,True,0.8494434356689453,0.82665515,12061
clean,0,9,9,True,0.999831199645996,0.9996475,49931
clean,0,4,4,True,0.9219608902931212,0.9001042,27466
clean,0,0,2,False,0.3720768392086029,0.35284036,44820
clean,0,5,5,True,0.9372641444206238,0.91899395,4534
clean,0,2,2,True,0.9683789610862732,0.9584727,16327
clean,0,1,1,True,0.877554714679718,0.8586704,8427
clean,0,7,7,True,0.9980429410934448,0.9967334,12527
clean,0,9,9,True,0.9999102354049684,0.9997987,40037
clean,0,3,3,True,0.7515807747840881,0.72155255,31295
clean,0,2,4,False,0.5000519752502441,0.46669206,47674
clean,0,2,5,False,0.6244575381278992,0.61427426,35157
clean,0,7,5,False,0.5102865695953369,0.50298434,1167
clean,0,6,6,True,0.9998968839645386,0.99978155,11756
clean,0,0,1,False,0.5151058435440063,0.49872154,5557
clean,0,5,5,True,0.3768982291221618,0.3649788,37316
clean,0,9,9,True,0.9996366500854492,0.9992943,6644
clean,0,2,6,False,0.41490438580513,0.3953083,35140
clean,0,5,5,True,0.9375481605529784,0.92192554,17079
clean,0,1,1,True,0.918949544429779,0.90413743,23887
clean,0,4,3,False,0.4349752962589264,0.4171447,47928
clean,0,0,0,True,0.9972757697105408,0.9957783,36201
clean,0,8,8,True,0.9675682783126832,0.9568843,1092
clean,0,3,3,True,0.8299916982650757,0.8012915,44953
clean,0,6,6,True,0.9470540285110474,0.9294042,31500
clean,0,0,0,True,0.7887614965438843,0.7476802,46434
clean,0,9,9,True,0.9995806813240052,0.99921036,8788
clean,0,6,6,True,0.5699997544288635,0.5479476,25641
clean,0,5,9,False,0.3590944111347198,0.34389883,31555
clean,0,9,9,True,0.999334156513214,0.9987998,18963
clean,0,2,2,True,0.9864103198051452,0.98038405,19359
clean,0,6,6,True,0.997520625591278,0.99581236,27022
clean,0,7,7,True,0.9897597432136536,0.9851945,14801
clean,0,3,3,True,0.6882745027542114,0.66988474,35998
clean,0,8,8,True,0.9710249900817872,0.96148205,41002
clean,0,0,0,True,0.9292710423469543,0.91529757,7509
clean,0,2,2,True,0.7826117277145386,0.76389205,19637
clean,0,6,6,True,0.9433327317237854,0.9263024,12240
clean,0,2,2,True,0.8246498703956604,0.78852093,45647
clean,0,9,9,True,0.991554081439972,0.98798776,24604
clean,0,7,7,True,0.9283071756362916,0.90545434,38688
clean,0,4,6,False,0.8269544839859009,0.80333817,12591
clean,0,9,9,True,0.9945492148399352,0.99189866,12950
clean,0,5,5,True,0.9885258674621582,0.9835324,49267
clean,0,6,6,True,0.9121816158294678,0.8899595,20482
clean,0,2,2,True,0.976830244064331,0.96873885,17380
clean,0,6,6,True,0.5809861421585083,0.5515375,18903
clean,0,3,3,True,0.4399195611476898,0.42638904,15714
clean,0,9,9,True,0.871060311794281,0.84604484,18789
clean,0,8,0,False,0.7200429439544678,0.69008607,27386
clean,0,9,9,True,0.9998925924301147,0.99978834,44945
clean,0,4,5,False,0.3528711199760437,0.34445363,28375
clean,0,9,9,True,0.9996160268783568,0.99926335,37138
clean,0,9,9,True,0.9863970875740052,0.98136693,28215
clean,0,2,2,True,0.8306549787521362,0.80461067,9577
clean,0,0,0,True,0.6831948161125183,0.6703156,42952
clean,0,4,4,True,0.7119488716125488,0.6841576,3217
clean,0,5,6,False,0.9430643916130066,0.92140234,5265
clean,0,3,3,True,0.8423370122909546,0.82241774,1655
clean,0,1,1,True,0.9989466071128844,0.9982508,7145
clean,0,3,3,True,0.7290275692939758,0.708552,32596
clean,0,5,5,True,0.7311829328536987,0.6992763,8954
clean,0,2,2,True,0.9856165647506714,0.97906107,1844
clean,0,2,2,True,0.9805074334144592,0.971983,8967
clean,0,3,3,True,0.746884822845459,0.705489,5407
clean,0,6,6,True,0.9998822212219238,0.9997588,47961
clean,0,6,6,True,0.9184865951538086,0.89875674,16574
clean,0,8,8,True,0.993845760822296,0.99039257,4757
clean,0,4,4,True,0.5356776714324951,0.513701,12510
clean,0,4,4,True,0.768825888633728,0.7424638,46333
clean,0,0,0,True,0.7047802805900574,0.6669777,17976
clean,0,3,3,True,0.6360751986503601,0.61897343,1769
clean,0,1,1,True,0.9998555183410645,0.9997147,12054
clean,0,8,9,False,0.8277862071990967,0.8057302,32987
clean,0,4,2,False,0.3023341596126556,0.29378372,24230
clean,0,7,7,True,0.9894750118255616,0.9842008,5935
clean,0,5,5,True,0.8739997148513794,0.84503615,6105
clean,0,1,1,True,0.99992573261261,0.999835,45317
clean,0,4,4,True,0.6112432479858398,0.57937294,45199
clean,0,3,6,False,0.9534396529197692,0.9368189,36973
clean,0,3,5,False,0.9216532111167908,0.90282834,31437
clean,0,0,0,True,0.9981958270072936,0.99690706,11514
clean,0,4,4,True,0.6933823823928833,0.66252595,47403
clean,0,3,6,False,0.6315430998802185,0.59991056,31404
clean,0,3,3,True,0.2609044015407562,0.25024477,367
clean,0,7,4,False,0.5150386095046997,0.49350518,10170
clean,0,2,2,True,0.9787719249725342,0.9696396,22510
clean,0,3,5,False,0.8174296617507935,0.7889862,15834
clean,0,3,3,True,0.992949366569519,0.9892758,4669
clean,0,5,5,True,0.998702883720398,0.9977996,43321
clean,0,0,0,True,0.7035792469978333,0.66839534,42493
clean,0,2,6,False,0.6826030611991882,0.6539513,2340
clean,0,7,7,True,0.5345509052276611,0.5022267,37595
clean,0,7,7,True,0.9747934937477112,0.96385574,30760
clean,0,3,3,True,0.9416306614875792,0.92474693,11052
clean,0,3,2,False,0.6693577766418457,0.633867,13082
clean,0,0,0,True,0.2777524590492248,0.26907474,45438
clean,0,8,8,True,0.8779650330543518,0.857141,34577
clean,0,7,7,True,0.9590531587600708,0.94453585,42386
clean,0,8,8,True,0.9950631260871888,0.99229455,5752
clean,0,4,4,True,0.9994231462478638,0.9989427,4106
clean,0,7,7,True,0.9990105628967284,0.99833316,34380
clean,0,9,9,True,0.807557225227356,0.7662507,1073
clean,0,0,0,True,0.98410564661026,0.9772135,13575
clean,0,9,9,True,0.9839468002319336,0.9775235,28960
clean,0,3,3,True,0.8661205768585205,0.83914566,47327
clean,0,0,0,True,0.9965898990631104,0.9945799,12030
clean,0,6,6,True,0.9997052550315856,0.99942774,19588
clean,0,1,1,True,0.9914394617080688,0.98692906,38174
clean,0,3,3,True,0.5807288885116577,0.55977654,22456
clean,0,1,1,True,0.9599167704582214,0.9490841,16766
clean,0,6,6,True,0.9988234639167786,0.9979037,37238
clean,0,2,2,True,0.7188047170639038,0.6858222,16416
clean,0,7,7,True,0.9871583580970764,0.9814525,1896
clean,0,6,6,True,0.9848847389221193,0.97766477,14621
clean,0,0,0,True,0.997519314289093,0.9960265,27444
clean,0,7,3,False,0.3463770449161529,0.33594152,33096
clean,0,8,0,False,0.5163767337799072,0.5056885,6470
clean,0,7,7,True,0.995832622051239,0.99346703,44826
clean,0,1,1,True,0.9999823570251464,0.9999602,29763
clean,0,9,9,True,0.9996402263641356,0.99934477,42890
clean,0,4,4,True,0.737884521484375,0.7024137,37963
clean,0,1,1,True,0.9088032245635986,0.8902338,28643
clean,0,5,5,True,0.8607295155525208,0.84232396,19320
clean,0,5,5,True,0.9347725510597228,0.91891974,30140
clean,0,2,2,True,0.9220359325408936,0.8983184,4703
clean,0,3,2,False,0.4814955592155456,0.45961425,24443
clean,0,6,6,True,0.9868484735488892,0.98004866,13753
clean,0,4,4,True,0.7004925608634949,0.67528945,43202
clean,0,5,3,False,0.4804089367389679,0.47373363,11740
clean,0,3,6,False,0.6161830425262451,0.5907448,37809
clean,0,5,5,True,0.9872795343399048,0.9813934,29996
clean,0,6,3,False,0.8024098873138428,0.7782734,23050
clean,0,6,6,True,0.6775184273719788,0.64357406,49621
clean,0,8,8,True,0.9044703841209412,0.8833448,45338
clean,0,0,0,True,0.9757677316665648,0.96415395,436
clean,0,9,9,True,0.9998121857643129,0.9996331,6150
clean,0,4,4,True,0.710538923740387,0.6736023,28769
clean,0,3,5,False,0.6089475750923157,0.5986438,26372
clean,0,5,5,True,0.9988466501235962,0.9980878,42503
clean,0,5,5,True,0.9681917428970336,0.95602,34935
clean,0,4,4,True,0.73330157995224,0.6946598,14645
clean,0,3,5,False,0.929491639137268,0.91418886,16787
clean,0,7,7,True,0.6699674725532532,0.6524596,23543
clean,0,0,0,True,0.9991907477378844,0.9986053,37330
clean,0,2,2,True,0.9799731969833374,0.97036576,4398
clean,0,2,2,True,0.9952653646469116,0.99214923,34256
clean,0,2,0,False,0.5366247296333313,0.5311669,24467
clean,0,5,5,True,0.6288362145423889,0.6084075,3015
clean,0,9,9,True,0.9997929930686952,0.9995995,49208
clean,0,5,5,True,0.527082622051239,0.50595427,17358
clean,0,7,7,True,0.9930821061134338,0.9891482,23834
clean,0,2,3,False,0.36883345246315,0.3614237,18464
clean,0,0,0,True,0.575675368309021,0.544602,49371
clean,0,8,8,True,0.9899078607559204,0.98560196,47543
clean,0,4,4,True,0.9705905318260192,0.95859814,5844
clean,0,9,9,True,0.9848648309707642,0.9793549,9812
clean,0,5,5,True,0.4174389243125915,0.4016008,15894
clean,0,2,2,True,0.4247040748596191,0.40838388,5410
clean,0,7,7,True,0.99143785238266,0.987507,30455
clean,0,4,7,False,0.7961892485618591,0.77454203,23591
clean,0,0,0,True,0.9908926486968994,0.9857919,308
clean,0,8,8,True,0.9079073071479796,0.8812213,19948
clean,0,6,6,True,0.9997058510780334,0.99941075,42145
clean,0,2,2,True,0.9016782641410828,0.8836434,28403
clean,0,2,7,False,0.4433071911334991,0.42556402,9350
clean,0,7,5,False,0.6812905669212341,0.64461446,366
clean,0,8,8,True,0.8146904110908508,0.78492874,7310
clean,0,1,1,True,0.999996304512024,0.99999034,18181
clean,0,0,0,True,0.9971213936805724,0.9951121,2035
clean,0,2,2,True,0.9791162610054016,0.96884197,30239
clean,0,1,1,True,0.5717560648918152,0.538295,26424
clean,0,8,1,False,0.3791151046752929,0.3578077,1920
clean,0,7,5,False,0.3196458518505096,0.30813092,28520
clean,0,0,0,True,0.999919891357422,0.9998271,14080
clean,0,9,9,True,0.7070299983024597,0.68456453,45871
clean,0,1,1,True,0.8919052481651306,0.8624712,48224
clean,0,6,6,True,0.96482652425766,0.9523783,30292
clean,0,9,9,True,0.9730280637741088,0.96332645,5395
clean,0,3,3,True,0.5107057690620422,0.48250544,19738
clean,0,5,5,True,0.9986482262611388,0.99767727,22184
clean,0,0,0,True,0.495166152715683,0.4774913,43303
clean,0,2,2,True,0.5173326730728149,0.50704175,46728
clean,0,0,9,False,0.7199737429618835,0.6933846,27267
clean,0,0,0,True,0.8110893964767456,0.78602165,17764
clean,0,5,7,False,0.6189579367637634,0.5932724,18552
clean,0,1,1,True,0.9886118769645692,0.9833972,15897
clean,0,7,7,True,0.8919276595115662,0.86505026,31924
clean,0,1,1,True,0.9994351267814636,0.99898475,49875
clean,0,7,7,True,0.9995180368423462,0.9990885,26196
clean,0,7,7,True,0.999171018600464,0.9985135,6808
clean,0,2,2,True,0.8185577988624573,0.7831579,17808
clean,0,1,1,True,0.7114690542221069,0.67980516,4326
clean,0,3,5,False,0.5293927788734436,0.51580477,31198
clean,0,4,4,True,0.8768793940544128,0.8558469,26902
clean,0,9,9,True,0.9914912581443788,0.9865606,29739
clean,0,6,6,True,0.9840705394744872,0.9768365,17688
clean,0,8,8,True,0.9012014269828796,0.8813818,32691
clean,0,5,5,True,0.9827812314033508,0.97657907,28900
clean,0,3,3,True,0.5441955327987671,0.522878,24606
clean,0,9,9,True,0.9999830722808838,0.9999615,39546
clean,0,8,8,True,0.8656213879585266,0.8471254,30955
clean,0,7,7,True,0.9999593496322632,0.9999099,25410
clean,0,0,0,True,0.9756553769111632,0.96413046,29104
clean,0,5,5,True,0.943185806274414,0.92524916,2457
clean,0,5,5,True,0.9752113223075868,0.9671217,16933
clean,0,9,9,True,0.998599112033844,0.9974433,28365
clean,0,8,8,True,0.9865289926528932,0.981072,19415
clean,0,3,3,True,0.850610613822937,0.82132107,19075
clean,0,5,5,True,0.9302805662155152,0.9148493,22657
clean,0,8,9,False,0.7582656741142273,0.72883,45045
clean,0,5,5,True,0.4330679178237915,0.41668805,4997
clean,0,5,5,True,0.9720460772514344,0.9623815,39973
clean,0,7,7,True,0.9678255915641784,0.95656115,38767
clean,0,0,0,True,0.946354329586029,0.9330896,13964
clean,0,0,0,True,0.9848875999450684,0.9775327,13016
clean,0,6,6,True,0.9270861148834229,0.91103065,18665
clean,0,4,4,True,0.929205596446991,0.9080283,32645
clean,0,9,9,True,0.9933845400810242,0.99033,19919
clean,0,2,0,False,0.7556397318840027,0.71531683,5867
clean,0,5,4,False,0.2991594672203064,0.2918509,24877
clean,0,3,2,False,0.4359093904495239,0.41231978,2947
clean,0,5,5,True,0.9848137497901917,0.9789843,3959
clean,0,3,3,True,0.5972036123275757,0.5618828,20447
clean,0,7,7,True,0.9442864060401917,0.92918503,15942
clean,0,1,0,False,0.924595057964325,0.90698117,29231
clean,0,7,7,True,0.6586140394210815,0.63069844,40295
clean,0,1,1,True,0.9966937303543092,0.99438995,10902
clean,0,9,9,True,0.9999310970306396,0.9998599,29073
clean,0,1,1,True,0.9917782545089722,0.9876967,29149
clean,0,3,3,True,0.5721355080604553,0.5448878,11498
clean,0,3,3,True,0.3228257000446319,0.31173292,37523
clean,0,2,6,False,0.8747081160545349,0.8562947,9440
clean,0,5,5,True,0.7622935175895691,0.7354527,12202
clean,0,8,8,True,0.9697831869125366,0.9587942,25987
clean,0,5,5,True,0.7258448600769043,0.70058495,34880
clean,0,4,4,True,0.9417552947998048,0.9241419,27990
clean,0,2,2,True,0.6312914490699768,0.6064074,1990
clean,0,5,5,True,0.8948984742164612,0.8788484,24056
clean,0,3,5,False,0.8009355664253235,0.7765027,23033
clean,0,9,9,True,0.998382806777954,0.9971385,657
clean,0,1,1,True,0.9994767308235168,0.9990845,37979
clean,0,1,9,False,0.5516404509544373,0.5348783,7513
clean,0,1,1,True,0.8837462067604065,0.8579149,12719
clean,0,2,2,True,0.5712639689445496,0.5493368,42090
clean,0,6,6,True,0.8099004030227661,0.7833719,3676
clean,0,6,6,True,0.6328866481781006,0.6004626,47962
clean,0,7,9,False,0.3067632019519806,0.2904907,5766
clean,0,2,2,True,0.720119833946228,0.67806125,44238
clean,0,7,3,False,0.5131993293762207,0.48330906,611
clean,0,7,7,True,0.9994046688079834,0.9989079,1019
clean,0,6,6,True,0.9960542917251588,0.99359447,16862
clean,0,6,6,True,0.96315997838974,0.94953984,5796
clean,0,4,2,False,0.6954825520515442,0.6586422,48884
clean,0,5,5,True,0.7240082025527954,0.70289737,4882
clean,0,9,9,True,0.809954047203064,0.7765026,13580
clean,0,5,5,True,0.5965235233306885,0.55939853,19624
clean,0,7,7,True,0.9920509457588196,0.98793864,2030
clean,0,0,0,True,0.8093003034591675,0.77759403,40851
clean,0,3,3,True,0.7207928895950317,0.6893925,37773
clean,0,8,8,True,0.999754011631012,0.9995357,13562
clean,0,8,8,True,0.9998823404312134,0.9997578,18140
clean,0,4,0,False,0.5261721611022949,0.4997095,10426
clean,0,4,6,False,0.2351157963275909,0.22697459,41823
clean,0,1,1,True,0.987407684326172,0.9826822,1651
clean,0,4,4,True,0.6216074824333191,0.59810096,18730
clean,0,8,8,True,0.9966578483581544,0.9947765,49195
clean,0,0,0,True,0.8923709392547607,0.87627953,29219
clean,0,9,9,True,0.9963571429252625,0.9939663,15
clean,0,3,5,False,0.5010488629341125,0.5001,18324
clean,0,2,2,True,0.6893097758293152,0.6541874,23395
clean,0,2,2,True,0.9998985528945924,0.99979275,1800
clean,0,2,2,True,0.99543696641922,0.99252445,28646
clean,0,7,7,True,0.8349900245666504,0.8137725,34782
clean,0,1,1,True,0.9999995231628418,0.99999845,24515
clean,0,0,0,True,0.5455588102340698,0.5053559,36491
clean,0,0,0,True,0.9982170462608336,0.99713326,28924
clean,0,2,5,False,0.5601175427436829,0.5326396,44766
clean,0,0,0,True,0.8390571475028992,0.80714875,18854
clean,0,8,8,True,0.8886816501617432,0.8573858,17824
clean,0,8,8,True,0.9877846240997314,0.98241293,47561
clean,0,8,8,True,0.5813232064247131,0.5705865,12585
clean,0,5,2,False,0.3187838494777679,0.30768108,9450
clean,0,6,6,True,0.940183401107788,0.92445266,17847
clean,0,8,8,True,0.5351328253746033,0.51852494,19696
clean,0,3,3,True,0.9469705820083618,0.93082064,331
clean,0,9,9,True,0.8999848961830139,0.87822956,2208
clean,0,6,6,True,0.9721864461898804,0.9611377,49512
clean,0,9,9,True,0.9956833124160768,0.99307454,30215
clean,0,1,1,True,0.9998437166213988,0.9996902,34069
clean,0,1,1,True,0.8771470189094543,0.8553296,8692
clean,0,2,2,True,0.9116706252098083,0.8867532,912
clean,0,9,9,True,0.9998887777328492,0.9997739,9396
clean,0,3,5,False,0.7156676054000854,0.694121,27246
clean,0,2,2,True,0.932189643383026,0.9123296,2772
clean,0,4,4,True,0.8215070366859436,0.78735465,14747
clean,0,7,7,True,0.9209348559379578,0.8977189,45808
clean,0,1,0,False,0.6446364521980286,0.6224778,43518
clean,0,3,5,False,0.3673897087574005,0.3492602,16872
clean,0,1,9,False,0.902743935585022,0.88286,5747
clean,0,4,4,True,0.3698894679546356,0.35159466,458
clean,0,1,1,True,0.9978699684143066,0.9966421,40576
clean,0,7,7,True,0.9993245601654052,0.99877435,5536
clean,0,2,2,True,0.4464643895626068,0.43606868,35645
clean,0,5,5,True,0.9999737739562988,0.9999405,24503
clean,0,6,6,True,0.9999997615814208,0.99999905,26333
clean,0,1,1,True,0.9996089339256288,0.9992987,11482
clean,0,6,6,True,0.9998706579208374,0.9997267,14940
clean,0,7,7,True,0.9964942336082458,0.9940287,36776
clean,0,4,9,False,0.2735742628574371,0.26124102,27173
clean,0,6,6,True,0.9273414015769958,0.9090575,3724
clean,0,8,8,True,0.9933030605316162,0.9896617,5556
clean,0,5,5,True,0.959868550300598,0.9484126,19938
clean,0,4,2,False,0.4791890680789947,0.46920288,31939
clean,0,5,5,True,0.9775015115737916,0.9689549,18440
clean,0,9,9,True,0.9965649247169496,0.9943926,43341
clean,0,6,6,True,0.7293544411659241,0.6939226,11651
clean,0,4,4,True,0.9819454550743104,0.9739845,28213
clean,0,8,8,True,0.9997859597206116,0.9995939,41424
clean,0,5,5,True,0.8991130590438843,0.87385356,40632
clean,0,1,1,True,0.9987542629241944,0.99794334,10420
clean,0,5,5,True,0.9911967515945436,0.9870047,25390
clean,0,0,0,True,0.9637417793273926,0.95163625,33983
clean,0,5,5,True,0.6994133591651917,0.66791457,39624
clean,0,0,3,False,0.3593014776706695,0.34365395,19116
clean,0,7,7,True,0.3462713956832886,0.32787943,12327
clean,0,8,8,True,0.9844815731048584,0.9769851,48805
clean,0,7,7,True,0.795843780040741,0.75947464,18881
clean,0,9,9,True,0.9942328333854676,0.9907573,10781
clean,0,5,5,True,0.9978773593902588,0.9964361,21986
clean,0,6,6,True,0.9909414649009703,0.9863486,23366
clean,0,9,9,True,0.9064763188362122,0.88266826,49300
clean,0,8,8,True,0.9996135830879213,0.9992901,17020
clean,0,7,7,True,0.9932817220687866,0.98947746,25804
clean,0,9,9,True,0.9942135214805604,0.9908964,13454
clean,0,8,0,False,0.8224011659622192,0.7970539,18558
clean,0,7,7,True,0.4067680239677429,0.39178082,25079
clean,0,7,7,True,0.98300963640213,0.9760167,5989
clean,0,7,7,True,0.6630805134773254,0.633982,46027
clean,0,0,0,True,0.9988051652908324,0.9979672,29505
clean,0,3,2,False,0.4790167808532715,0.45727482,22523
clean,0,3,3,True,0.9939910769462584,0.99048245,1965
clean,0,7,5,False,0.3929525911808014,0.37827134,43919
clean,0,5,5,True,0.7923923134803772,0.77121216,34988
clean,0,9,9,True,0.9983117580413818,0.99727577,21489
clean,0,6,6,True,0.8303670287132263,0.8095719,39295
clean,0,2,2,True,0.6737288236618042,0.6384765,24033
clean,0,8,8,True,0.6189029216766357,0.58341825,3093
clean,0,8,8,True,0.9910498857498168,0.98719704,14648
clean,0,5,5,True,0.8510509729385376,0.8287174,21996
clean,0,6,6,True,0.8567761778831482,0.8353373,33812
clean,0,0,0,True,0.9937179088592528,0.9899665,6919
clean,0,8,8,True,0.8877991437911987,0.8624071,25348
clean,0,8,8,True,0.921401023864746,0.9030207,1994
clean,0,1,1,True,0.9995636343955994,0.9992217,8294
clean,0,1,1,True,0.9983434677124025,0.99725646,38223
clean,0,5,5,True,0.9974324107170104,0.9959985,11735
clean,0,6,5,False,0.3685376644134521,0.35021955,34230
clean,0,7,7,True,0.9928845763206482,0.98904306,35005
clean,0,0,0,True,0.968037486076355,0.95596826,18847
clean,0,8,8,True,0.903391420841217,0.8780436,47990
clean,0,6,6,True,0.996895670890808,0.99482006,27504
clean,0,2,2,True,0.9933383464813232,0.9896973,11705
clean,0,1,1,True,0.9990056157112122,0.9983369,47845
clean,0,3,3,True,0.5620303153991699,0.55706924,47902
clean,0,5,5,True,0.747737467288971,0.7303794,34183
clean,0,5,5,True,0.7141335010528564,0.6870108,8230
clean,0,4,2,False,0.4997280538082123,0.47270918,28387
clean,0,8,8,True,0.4307039082050323,0.40692937,30607
clean,0,9,9,True,0.999195635318756,0.9985636,23701
clean,0,0,3,False,0.3147367238998413,0.30811524,26322
clean,0,5,5,True,0.546783447265625,0.5284314,40272
clean,0,3,3,True,0.7765740752220154,0.73758924,25073
clean,0,2,2,True,0.7978183031082153,0.76908135,49684
clean,0,9,9,True,0.9881872534751892,0.98170716,23990
clean,0,2,2,True,0.9310080409049988,0.9107409,22448
clean,0,7,2,False,0.2987520098686218,0.28909144,20078
clean,0,9,9,True,0.9946584105491638,0.99126935,41976
clean,0,5,5,True,0.985016942024231,0.97952914,6476
clean,0,2,2,True,0.4957378506660461,0.4828665,8169
clean,0,0,0,True,0.9975005984306335,0.9957904,48908
clean,0,0,0,True,0.9389986991882324,0.9218407,17101
clean,0,5,3,False,0.6857491731643677,0.6622952,15371
clean,0,1,1,True,0.967416763305664,0.9556328,30768
clean,0,9,9,True,0.9972888231277466,0.9957015,20385
clean,0,1,1,True,0.9370582103729248,0.9237437,41322
clean,0,5,5,True,0.9666216969490052,0.9569912,45828
clean,0,7,7,True,0.963931918144226,0.95391303,41791
clean,0,3,6,False,0.7561305165290833,0.7253752,35016
clean,0,0,0,True,0.6958363056182861,0.6558115,41300
clean,0,3,3,True,0.3613832890987396,0.34744775,47654
clean,0,1,1,True,0.9965696334838868,0.9947832,47701
clean,0,7,7,True,0.9515367150306702,0.93553853,4442
clean,0,4,4,True,0.9724241495132446,0.9624198,49251
clean,0,8,9,False,0.7424424886703491,0.7197381,42705
clean,0,9,9,True,0.9954837560653688,0.9931543,29335
clean,0,6,6,True,0.9382014274597168,0.9217745,2871
clean,0,4,4,True,0.9500621557235718,0.9312803,17507
clean,0,7,7,True,0.9074578881263732,0.8845499,10552
clean,0,6,6,True,0.9665298461914062,0.95404756,132
clean,0,5,5,True,0.7404003739356995,0.71022594,10862
clean,0,0,2,False,0.4931350648403168,0.46555957,39883
clean,0,3,3,True,0.5395923852920532,0.524998,2559
clean,0,7,7,True,0.9956892132759094,0.99314356,17443
clean,0,7,7,True,0.338923305273056,0.3275131,12899
clean,0,3,1,False,0.3462955057621002,0.32375413,37668
clean,0,4,4,True,0.9430083632469176,0.9251415,6527
clean,0,3,3,True,0.4487469494342804,0.43110752,11864
clean,0,0,0,True,0.9998553991317748,0.9996917,26607
clean,0,9,9,True,0.4655716121196747,0.44209996,18703
clean,0,8,8,True,0.6210340261459351,0.6015004,21664
clean,0,7,7,True,0.9982783794403076,0.9969422,12579
clean,0,0,0,True,0.987375020980835,0.98070174,13629
clean,0,1,1,True,0.9994798302650452,0.99908924,14549
clean,0,9,9,True,0.969002366065979,0.95576423,42471
clean,0,0,0,True,0.9699625968933104,0.959424,8155
clean,0,7,7,True,0.4697632789611816,0.43747866,21051
clean,0,1,1,True,0.9999583959579468,0.99991214,44269
clean,0,0,2,False,0.6174042820930481,0.5929012,23113
clean,0,3,2,False,0.9704445600509644,0.95820713,29021
clean,0,0,0,True,0.9948523640632628,0.9923205,28014
clean,0,9,1,False,0.8635112047195435,0.84628195,16359
clean,0,0,0,True,0.7270330190658569,0.698597,1950
clean,0,2,2,True,0.7460910081863403,0.70627415,35255
clean,0,0,0,True,0.9806923270225524,0.97247,3859
clean,0,7,7,True,0.4066191613674164,0.384416,44261
clean,0,1,1,True,0.9940385818481444,0.99083614,3781
clean,0,2,2,True,0.998490571975708,0.9972306,1867
clean,0,2,2,True,0.8999453783035278,0.8798965,18162
clean,0,1,1,True,0.907619833946228,0.8848405,33415
clean,0,3,6,False,0.4571960270404815,0.44958362,48376
clean,0,9,9,True,0.9434458017349244,0.92813945,26053
clean,0,9,9,True,0.948306918144226,0.9362821,31252
clean,0,0,0,True,0.9814017415046692,0.9727851,46113
clean,0,0,0,True,0.8682134747505188,0.84269524,48266
clean,0,2,7,False,0.7117264270782471,0.6720539,24789
clean,0,4,4,True,0.5333184599876404,0.5103677,1203
clean,0,6,6,True,0.9866074323654176,0.9801524,49776
clean,0,8,8,True,0.5359523892402649,0.523228,19069
clean,0,5,5,True,0.972500205039978,0.9640426,43615
clean,0,2,2,True,0.9870147705078124,0.9818246,16571
clean,0,1,1,True,0.9091195464134216,0.89381427,21141
clean,0,4,4,True,0.4793999791145324,0.4553155,42544
clean,0,3,6,False,0.6985489130020142,0.65911376,41060
clean,0,7,7,True,0.8870305418968201,0.86023533,30421
clean,0,4,4,True,0.958662450313568,0.9454832,44095
clean,0,1,1,True,0.996743381023407,0.9950014,43600
clean,0,7,7,True,0.992179036140442,0.98749673,42962
clean,0,0,0,True,0.9992795586586,0.9987104,29174
clean,0,3,3,True,0.6408427357673645,0.61882275,48776
clean,0,2,2,True,0.9979522228240968,0.9965815,34340
clean,0,4,4,True,0.8612658381462097,0.83600074,15624
clean,0,5,5,True,0.958197057247162,0.94436824,919
clean,0,6,6,True,0.9999250173568726,0.9998399,1955
clean,0,2,2,True,0.8759205341339111,0.85054827,14834
clean,0,1,1,True,0.998279333114624,0.99724257,18134
clean,0,7,7,True,0.9987162351608276,0.99783224,22126
clean,0,5,5,True,0.6247783303260803,0.58729744,42194
clean,0,0,0,True,0.9948990941047668,0.991714,8437
clean,0,1,1,True,0.9999735355377196,0.9999422,17475
clean,0,6,6,True,0.9995348453521729,0.99911135,37890
clean,0,2,2,True,0.964976131916046,0.9520701,12148
clean,0,3,3,True,0.7060967683792114,0.69145656,33955
clean,0,7,7,True,0.5415303111076355,0.52258384,22574
clean,0,6,6,True,0.8189730048179626,0.7831261,4082
clean,0,4,4,True,0.9504374861717224,0.9389284,25674
clean,0,7,7,True,0.9990768432617188,0.9983901,13696
clean,0,4,4,True,0.6426036953926086,0.6054671,2144
clean,0,1,1,True,0.999478042125702,0.9990729,22983
clean,0,3,3,True,0.5455450415611267,0.5255237,42779
clean,0,8,8,True,0.989784300327301,0.98476464,48286
clean,0,5,2,False,0.6602470278739929,0.62632895,11142
clean,0,5,5,True,0.6475472450256348,0.6238202,44021
clean,0,8,8,True,0.9982860684394836,0.9969146,29399
clean,0,3,3,True,0.3746989369392395,0.35873818,8422
clean,0,9,9,True,0.971699833869934,0.9608881,46611
clean,0,3,3,True,0.4524517357349396,0.4242141,49170
clean,0,5,5,True,0.9791496396064758,0.97024107,25732
clean,0,3,2,False,0.4036381840705871,0.3889646,23372
clean,0,4,3,False,0.483688622713089,0.4603655,49480
clean,0,5,5,True,0.6163438558578491,0.58620095,10907
clean,0,1,1,True,0.99806410074234,0.99692637,27745
clean,0,7,7,True,0.5633917450904846,0.53475136,5060
clean,0,0,0,True,0.6848065257072449,0.6420224,15147
clean,0,5,5,True,0.9886610507965088,0.98401433,11112
clean,0,0,0,True,0.9093617796897888,0.8834449,11479
clean,0,2,2,True,0.9980441331863404,0.9966114,1620
clean,0,3,3,True,0.9990251064300536,0.9982633,42479
clean,0,6,6,True,0.998963475227356,0.9981336,6107
clean,0,4,7,False,0.5757544040679932,0.5506805,41648
clean,0,3,3,True,0.8946297764778137,0.86621696,38699
clean,0,2,2,True,0.9773101806640624,0.9669485,29989
clean,0,6,6,True,0.9875311255455016,0.981908,3048
clean,0,3,3,True,0.990439772605896,0.985829,42501
clean,0,5,1,False,0.5105696320533752,0.4800141,43535
clean,0,8,8,True,0.9994285702705384,0.9989281,12172
clean,0,1,1,True,0.7949920296669006,0.77316284,33646
clean,0,4,4,True,0.9954283237457277,0.9924292,28100
clean,0,4,3,False,0.3790609836578369,0.36267966,45496
clean,0,8,8,True,0.9995571970939636,0.9992137,25188
clean,0,1,1,True,0.9943192601203918,0.9916741,25208
clean,0,9,9,True,0.997661828994751,0.9960173,17945
clean,0,2,2,True,0.8270155191421509,0.8054564,4841
clean,0,1,1,True,0.9989056587219238,0.9980902,38946
clean,0,7,7,True,0.9971572160720824,0.9954455,11621
clean,0,7,7,True,0.991877555847168,0.9872662,37211
clean,0,8,8,True,0.9998540878295898,0.99969566,465
clean,0,0,0,True,0.7339003086090088,0.70195967,6190
clean,0,9,9,True,0.9842240810394288,0.977853,27733
clean,0,4,4,True,0.9516435861587524,0.9368707,40228
clean,0,5,5,True,0.971019685268402,0.96078885,26735
clean,0,9,9,True,0.9999624490737916,0.99991286,27190
clean,0,0,1,False,0.3428665101528168,0.33500114,19329
clean,0,3,5,False,0.8157209753990173,0.78871226,7689
clean,0,2,2,True,0.9713791608810424,0.96195275,33493
clean,0,9,9,True,0.9994508624076844,0.99896395,47296
clean,0,4,4,True,0.9096219539642334,0.8867763,39293
clean,0,9,9,True,0.7536717057228088,0.72750473,30823
clean,0,9,9,True,0.9983208775520324,0.99689925,42458
clean,0,4,6,False,0.819976270198822,0.79134953,40377
clean,0,7,7,True,0.9983747005462646,0.9971365,39406
clean,0,7,7,True,0.4574241042137146,0.44753444,6423
clean,0,8,8,True,0.9222062230110168,0.90222853,22696
clean,0,3,3,True,0.3496328592300415,0.32844967,25277
clean,0,5,0,False,0.2928874492645263,0.28014302,23457
clean,0,3,3,True,0.5040553212165833,0.4759406,34486
clean,0,9,9,True,0.765924334526062,0.7416837,6163
clean,0,2,8,False,0.457784354686737,0.43150473,18674
clean,0,2,2,True,0.9265501499176024,0.9021223,33602
clean,0,1,1,True,0.9694585800170898,0.96049553,9766
clean,0,5,2,False,0.5128183364868164,0.4959254,18082
clean,0,1,1,True,0.9550570249557496,0.94410205,16172
clean,0,2,2,True,0.9985456466674804,0.99733764,40566
clean,0,2,5,False,0.4508494734764099,0.43602058,14988
clean,0,3,3,True,0.9407363533973694,0.92778057,21106
clean,0,1,1,True,0.99595707654953,0.99393314,3555
clean,0,1,1,True,0.9909868836402892,0.9869709,34871
clean,0,4,4,True,0.6851354837417603,0.65871024,24318
clean,0,0,0,True,0.6068835854530334,0.58414924,36706
clean,0,5,3,False,0.5242782235145569,0.52169704,27290
clean,0,9,9,True,0.9957369565963744,0.99357903,4246
clean,0,2,2,True,0.722279965877533,0.6859804,15563
clean,0,9,9,True,0.839445948600769,0.82223636,21282
clean,0,6,6,True,0.9862555265426636,0.9806435,5740
clean,0,1,1,True,0.9090833067893982,0.89171535,18926
clean,0,0,0,True,0.6151482462882996,0.59863496,19644
clean,0,4,4,True,0.6943999528884888,0.6658587,42760
clean,0,1,1,True,0.9983813762664796,0.9973948,45068
clean,0,1,1,True,0.9751508235931396,0.96524304,27989
clean,0,5,5,True,0.9831884503364564,0.974876,42838
clean,0,7,7,True,0.7357046008110046,0.70748323,13569
clean,0,4,4,True,0.6834812164306641,0.65261495,3913
clean,0,1,9,False,0.7521377801895142,0.73553026,43020
clean,0,5,2,False,0.355370432138443,0.3348195,23769
clean,0,7,4,False,0.2836539149284363,0.27030423,49961
clean,0,8,8,True,0.8982586860656738,0.88112205,5987
clean,0,8,8,True,0.9574080109596252,0.94199336,8707
clean,0,3,3,True,0.5581867098808289,0.54548854,3591
clean,0,7,7,True,0.992438018321991,0.98815864,35137
clean,0,5,5,True,0.9685768485069276,0.95750225,27397
clean,0,6,6,True,0.990062415599823,0.9849577,47484
clean,0,3,3,True,0.7276116013526917,0.7082598,41349
clean,0,6,2,False,0.7309273481369019,0.7061209,23230
clean,0,2,2,True,0.4038114547729492,0.38342586,21076
clean,0,9,9,True,0.9204631447792052,0.8942076,45906
clean,0,7,7,True,0.4887899458408355,0.47471398,35922
clean,0,3,3,True,0.995704472064972,0.9931377,44192
clean,0,7,2,False,0.5926065444946289,0.5641815,16811
clean,0,1,1,True,0.9950356483459472,0.9924936,743
clean,0,6,6,True,0.8556743860244751,0.8253871,11041
clean,0,5,5,True,0.5079105496406555,0.48843554,37899
clean,0,8,8,True,0.9956947565078736,0.99267745,31553
clean,0,7,0,False,0.5133038759231567,0.4778827,11059
clean,0,1,1,True,0.9999302625656128,0.999858,42710
clean,0,3,3,True,0.859502375125885,0.8380067,11976
clean,0,7,7,True,0.939744770526886,0.9231005,30340
clean,0,6,5,False,0.6028957366943359,0.58677447,1722
clean,0,9,9,True,0.5204994678497314,0.49311617,14406
clean,0,4,4,True,0.9230064153671264,0.9015151,15715
clean,0,5,5,True,0.8321876525878906,0.8027686,33795
clean,0,2,4,False,0.5015878677368164,0.48710102,1670
clean,0,7,9,False,0.8910057544708252,0.8642034,33341
clean,0,0,0,True,0.6939061880111694,0.67160046,47486
clean,0,1,1,True,0.7656257748603821,0.73383623,28175
clean,0,6,6,True,0.5349297523498535,0.5106192,39913
clean,0,8,8,True,0.9575634002685548,0.94519645,26369
clean,0,0,0,True,0.9988623857498168,0.9979873,27170
clean,0,6,6,True,0.9922875165939332,0.9878578,9515
clean,0,7,7,True,0.8910155296325684,0.87155735,46524
clean,0,5,3,False,0.5802633166313171,0.5659097,28633
clean,0,5,2,False,0.2217794060707092,0.21183021,46169
clean,0,3,5,False,0.6082898378372192,0.59693974,2649
clean,0,7,7,True,0.9453466534614564,0.92881566,46816
clean,0,2,2,True,0.986880898475647,0.9809949,30905
clean,0,1,1,True,0.9961155652999878,0.994136,36101
clean,0,8,8,True,0.9953904151916504,0.99297345,44727
clean,0,4,4,True,0.642267107963562,0.62498564,19852
clean,0,2,2,True,0.8256819248199463,0.8036013,48703
clean,0,3,3,True,0.497208833694458,0.47718978,48933
clean,0,1,1,True,0.9950109720230104,0.9926259,43969
clean,0,9,0,False,0.7073165774345398,0.6819424,5191
clean,0,4,5,False,0.7705735564231873,0.7359226,34737
clean,0,8,8,True,0.9988388419151306,0.99806696,12747
clean,0,8,8,True,0.9367173314094543,0.9230878,5185
clean,0,2,2,True,0.9395835995674132,0.9224852,28788
clean,0,6,6,True,0.9999971389770508,0.99999225,28374
clean,0,0,0,True,0.986960768699646,0.9797917,32931
clean,0,9,9,True,0.9999903440475464,0.99997556,11883
clean,0,8,6,False,0.3965701758861542,0.37111467,3406
clean,0,5,5,True,0.9809134602546692,0.97260296,39748
clean,0,8,8,True,0.9970734119415284,0.9953302,1106
clean,0,2,2,True,0.8664036989212036,0.8367317,44256
clean,0,1,1,True,0.9270033240318298,0.91264933,10387
clean,0,2,2,True,0.9896785020828248,0.98380184,46724
clean,0,6,6,True,0.9999980926513672,0.99999475,19511
clean,0,8,8,True,0.9828903079032898,0.9765463,47854
clean,0,4,7,False,0.4731406271457672,0.45395544,20470
clean,0,8,9,False,0.4299318194389343,0.4131394,859
clean,0,8,8,True,0.956377387046814,0.9454199,43047
clean,0,3,4,False,0.3309662044048309,0.32062966,13918
clean,0,8,8,True,0.990084171295166,0.9858321,22682
clean,0,8,8,True,0.9979445338249208,0.99645907,44877
clean,0,1,0,False,0.6654746532440186,0.6273974,30047
clean,0,0,0,True,0.9730993509292604,0.9629193,17692
clean,0,8,8,True,0.9892902970314026,0.98378503,14710
clean,0,2,2,True,0.9873124957084656,0.98043615,17695
clean,0,7,7,True,0.6914024949073792,0.6563227,1445
clean,0,9,9,True,0.9136598706245422,0.8916618,25120
clean,0,9,9,True,0.9612072110176086,0.95071065,38082
clean,0,3,3,True,0.5661925673484802,0.5300729,13971
clean,0,5,5,True,0.7182982563972473,0.6983796,40686
clean,0,2,2,True,0.4583626091480255,0.43311426,26500
clean,0,2,7,False,0.8893125653266907,0.86342585,47281
clean,0,6,5,False,0.5128502249717712,0.49288228,42509
clean,0,8,8,True,0.9870595932006836,0.9809827,3904
clean,0,2,2,True,0.936600923538208,0.91753274,21486
clean,0,7,3,False,0.3662407100200653,0.34706268,3592
clean,0,7,7,True,0.8636220693588257,0.8375522,17129
clean,0,6,6,True,0.9990491271018982,0.99831295,33506
clean,0,7,7,True,0.9992403984069824,0.99861634,44560
clean,0,3,3,True,0.3171345293521881,0.30416936,41815
clean,0,7,7,True,0.913786232471466,0.89372534,42939
clean,0,1,1,True,0.9999102354049684,0.9998124,17734
clean,0,6,6,True,0.9999449253082277,0.9998791,6582
clean,0,5,5,True,0.999954342842102,0.9999037,18966
clean,0,2,0,False,0.5878284573554993,0.57957727,18564
clean,0,2,2,True,0.9862383604049684,0.97863996,5967
clean,0,4,4,True,0.7209938764572144,0.6987672,22969
clean,0,3,3,True,0.6982770562171936,0.6760497,7234
clean,0,4,4,True,0.5069018006324768,0.49196643,38248
clean,0,3,5,False,0.8078069090843201,0.77589357,38472
clean,0,2,2,True,0.6599138975143433,0.62332964,7303
clean,0,2,2,True,0.9784722328186036,0.96835494,40115
clean,0,0,0,True,0.5162174701690674,0.4894492,27007
clean,0,4,7,False,0.5436882376670837,0.52857494,780
clean,0,0,0,True,0.983311653137207,0.9767503,40193
clean,0,7,7,True,0.9833807945251464,0.9758494,15325
clean,0,1,9,False,0.8199236989021301,0.8019442,37092
clean,0,4,4,True,0.9601470828056335,0.94659764,16068
clean,0,9,9,True,0.8804542422294617,0.85366064,17108
clean,0,5,5,True,0.8020987510681152,0.7737041,38672
clean,0,1,1,True,0.995873749256134,0.9937953,37354
clean,0,2,4,False,0.4665506780147552,0.4475857,4931
clean,0,2,2,True,0.4029204547405243,0.3771544,24074
clean,0,4,4,True,0.9981415271759032,0.99675566,1169
clean,0,7,7,True,0.9851499795913696,0.9795027,4399
clean,0,0,0,True,0.9998562335968018,0.99969745,15502
clean,0,4,7,False,0.7116051316261292,0.68325996,18512
clean,0,4,4,True,0.4306637048721313,0.41413352,24933
clean,0,0,0,True,0.9412035942077636,0.922172,11431
clean,0,4,4,True,0.3854635059833526,0.37347522,3560
clean,0,8,8,True,0.9309023022651672,0.91700125,2272
clean,0,9,9,True,0.6151370406150818,0.59396905,11601
clean,0,6,8,False,0.4727160334587097,0.4458228,620
clean,0,0,0,True,0.9522103071212769,0.9384576,30591
clean,0,0,0,True,0.9032431840896606,0.8863522,8296
clean,0,4,2,False,0.5889413952827454,0.57190514,24396
clean,0,5,7,False,0.7645140886306763,0.7239131,47038
clean,0,9,9,True,0.9936007857322692,0.9897323,14467
clean,0,8,8,True,0.8694441914558411,0.8465067,9324
clean,0,0,0,True,0.9968007802963256,0.9948002,871
clean,0,6,6,True,0.944858193397522,0.9284606,43986
clean,0,6,6,True,0.9999197721481324,0.99982625,17448
clean,0,8,8,True,0.9975614547729492,0.99593663,33410
clean,0,7,7,True,0.8938440084457397,0.86466587,24858
clean,0,0,0,True,0.7473604083061218,0.72719663,35963
clean,0,3,3,True,0.9575738310813904,0.943999,23815
clean,0,9,9,True,0.9977993369102478,0.99635124,39014
clean,0,1,1,True,0.9637233018875122,0.9541805,6639
clean,0,7,7,True,0.9999879598617554,0.9999708,5597
clean,0,1,1,True,0.9978832602500916,0.99621826,39234
clean,0,1,1,True,0.9802708625793456,0.9736937,31749
clean,0,4,4,True,0.9226430654525756,0.90435815,15519
clean,0,1,1,True,0.9869693517684937,0.9821032,13523
clean,0,0,0,True,0.999439775943756,0.9989949,1668
clean,0,6,6,True,0.989065647125244,0.98345864,33938
clean,0,2,0,False,0.9195034503936768,0.9047756,20996
clean,0,6,6,True,0.9704828262329102,0.95786697,48723
clean,0,2,2,True,0.8796550631523132,0.8512856,13278
clean,0,5,6,False,0.4316387772560119,0.42168486,49927
clean,0,5,5,True,0.5647016167640686,0.5398344,20164
clean,0,0,0,True,0.4636729061603546,0.43671316,4935
clean,0,8,8,True,0.999570906162262,0.99922884,25888
clean,0,2,2,True,0.9695334434509276,0.95849335,13485
clean,0,7,7,True,0.9553993344306946,0.93767095,35220
clean,0,2,2,True,0.9743900895118712,0.9622926,3402
clean,0,5,5,True,0.8227968215942383,0.7941997,18174
clean,0,6,6,True,0.8196308016777039,0.7995389,4810
clean,0,7,7,True,0.6635282635688782,0.6467833,24004
clean,0,5,5,True,0.9556021094322203,0.9405792,47662
clean,0,7,7,True,0.9706987738609314,0.9589221,17001
clean,0,6,3,False,0.406904935836792,0.39096913,40927
clean,0,7,5,False,0.7108654975891113,0.6766731,5200
clean,0,7,7,True,0.9980533123016356,0.99650383,19747
clean,0,1,1,True,0.9876803159713744,0.98303175,37301
clean,0,9,9,True,0.9891870617866516,0.9844944,45356
clean,0,0,0,True,0.992819607257843,0.98903054,14654
clean,0,5,5,True,0.9380311369895936,0.9188206,17710
clean,0,9,9,True,0.999428689479828,0.998884,26880
clean,0,7,3,False,0.3451955616474151,0.33482915,6197
clean,0,7,7,True,0.9631968140602112,0.9497211,34378
clean,0,6,6,True,0.7865369915962219,0.7533515,12619
clean,0,3,5,False,0.696466326713562,0.67045,20335
clean,0,4,2,False,0.8663288950920105,0.8339336,21354
clean,0,5,5,True,0.8364130258560181,0.8033424,23902
clean,0,0,0,True,0.3997286856174469,0.37910518,12284
clean,0,4,4,True,0.4656011760234833,0.44423807,41453
clean,0,9,9,True,0.9999840259552002,0.9999615,21376
clean,0,6,6,True,0.9594463109970092,0.94869137,3091
clean,0,0,0,True,0.9317893385887146,0.91039264,22293
clean,0,2,5,False,0.8051291704177856,0.7836238,10440
clean,0,2,2,True,0.998407542705536,0.99725705,42091
clean,0,6,6,True,0.9775223731994628,0.9676546,38169
clean,0,4,6,False,0.3595066964626312,0.345764,17719
clean,0,0,0,True,0.7860246896743774,0.7483585,31119
clean,0,8,8,True,0.932365894317627,0.91138834,41833
clean,0,9,9,True,0.9999955892562866,0.99998844,46131
clean,0,9,9,True,0.9992504715919496,0.99860305,21242
clean,0,5,5,True,0.7575118541717529,0.72049457,4487
clean,0,1,9,False,0.6913578510284424,0.6642513,43618
clean,0,8,8,True,0.605582058429718,0.5857487,48757
clean,0,1,1,True,0.9980201721191406,0.9967692,18303
clean,0,7,7,True,0.9999581575393676,0.9999088,7800
clean,0,5,5,True,0.9984146356582642,0.99722785,47773
clean,0,0,0,True,0.9966601133346558,0.9948467,47105
clean,0,1,1,True,0.9999781847000122,0.99995065,15655
clean,0,0,0,True,0.9973445534706116,0.9954816,28363
clean,0,3,5,False,0.6202950477600098,0.6028849,11434
clean,0,4,4,True,0.8101752400398254,0.7777813,10561
clean,0,1,2,False,0.6148920655250549,0.57531595,35129
clean,0,2,2,True,0.9996930360794068,0.9993831,29511
clean,0,0,0,True,0.945853352546692,0.9255193,20910
clean,0,7,7,True,0.8007712960243225,0.7793842,22291
clean,0,5,2,False,0.4359535276889801,0.41006345,14001
clean,0,8,8,True,0.9970229268074036,0.9953236,192
clean,0,2,3,False,0.4628226161003113,0.44359738,34149
clean,0,1,1,True,0.993574559688568,0.9901423,15867
clean,0,1,1,True,0.9543453454971312,0.9426707,41026
clean,0,4,4,True,0.8841230273246765,0.8548198,16802
clean,0,3,3,True,0.4880366325378418,0.4596697,48183
clean,0,9,9,True,0.9971743822097778,0.9952958,49945
clean,0,6,6,True,0.9470310807228088,0.9293882,19268
clean,0,4,4,True,0.7992826700210571,0.76168656,23882
clean,0,8,8,True,0.998372495174408,0.99738115,13355
clean,0,8,8,True,0.9996449947357178,0.9993524,11627
clean,0,9,9,True,0.7551069855690002,0.7217613,36754
clean,0,9,9,True,0.9999252557754515,0.9998398,39585
clean,0,8,8,True,0.9944992065429688,0.99176484,47993
clean,0,1,1,True,0.9990780353546144,0.9983719,119
clean,0,4,4,True,0.7854553461074829,0.7530724,22361
clean,0,5,5,True,0.9820074439048768,0.97534573,46606
clean,0,1,1,True,0.9553444981575012,0.9396516,28626
clean,0,2,0,False,0.8909730911254883,0.87484986,22035
clean,0,4,4,True,0.6985470056533813,0.6782527,3442
clean,0,9,9,True,0.9429876804351808,0.92791706,42422
clean,0,9,9,True,0.56422358751297,0.5594106,7421
clean,0,2,2,True,0.9592267870903016,0.94806576,27072
clean,0,1,1,True,0.999025583267212,0.9983475,855
clean,0,3,5,False,0.4951700270175934,0.48687336,6649
clean,0,9,9,True,0.89800626039505,0.88198495,46579
clean,0,9,9,True,0.9892207980155944,0.9831834,37139
clean,0,5,5,True,0.9801958203315736,0.9725409,33628
clean,0,9,9,True,0.8509680032730103,0.83208406,8435
clean,0,0,0,True,0.9945474863052368,0.9915833,44778
clean,0,1,1,True,0.9961156845092772,0.9938089,33897
clean,0,0,0,True,0.5486229062080383,0.5376523,3053
clean,0,2,2,True,0.998353123664856,0.9970702,36193
clean,0,8,8,True,0.8444588780403137,0.8224102,2265
clean,0,7,7,True,0.9798889756202698,0.9702656,14144
clean,0,0,0,True,0.9826658964157104,0.97544813,7914
clean,0,6,2,False,0.6943343281745911,0.66096777,43268
clean,0,6,6,True,0.9999839067459106,0.9999596,46092
clean,0,5,5,True,0.4925378859043121,0.48344445,4802
clean,0,6,6,True,0.9985670447349548,0.9975229,7041
clean,0,5,7,False,0.6135426759719849,0.58580124,43058
clean,0,8,8,True,0.901741087436676,0.8851525,16090
clean,0,0,0,True,0.8870914578437805,0.8661946,46137
clean,0,3,3,True,0.8655501008033752,0.84600955,36527
clean,0,2,2,True,0.9886941313743592,0.98284733,37578
clean,0,4,4,True,0.786659300327301,0.7573459,8581
clean,0,7,7,True,0.5326821208000183,0.51176363,17929
clean,0,0,9,False,0.8723157644271851,0.84949625,32403
clean,0,3,3,True,0.6715738773345947,0.6418557,6263
clean,0,8,8,True,0.6620607972145081,0.6335852,48698
clean,0,4,4,True,0.6621410250663757,0.62767655,14090
clean,0,6,6,True,0.4196261465549469,0.39957887,232
clean,0,2,5,False,0.3047942221164703,0.296988,32274
clean,0,0,9,False,0.6474848389625549,0.63156354,4991
clean,0,6,6,True,0.9455759525299072,0.93040645,47821
clean,0,4,0,False,0.6800357103347778,0.64313227,13746
clean,0,7,7,True,0.9310654997825624,0.9137516,26444
clean,0,2,0,False,0.6824467182159424,0.66781455,2789
clean,0,7,5,False,0.9119593501091005,0.8960267,19085
clean,0,3,6,False,0.9217681288719176,0.9030866,13061
clean,0,9,9,True,0.7816938161849976,0.754879,1972
clean,0,1,9,False,0.4846132099628448,0.4552456,32410
clean,0,5,2,False,0.3822735548019409,0.3681503,5043
clean,0,9,9,True,0.9972000122070312,0.99567753,24391
clean,0,0,0,True,0.9910188913345336,0.98727834,40113
clean,0,4,4,True,0.6206807494163513,0.5956969,24776
clean,0,1,1,True,0.9495859146118164,0.93422115,23578
clean,0,8,8,True,0.9111282229423524,0.88601035,14823
clean,0,1,9,False,0.7417476773262024,0.7139257,29829
clean,0,1,1,True,0.9877378940582277,0.98309547,36040
clean,0,7,5,False,0.4970674812793731,0.48280752,30599
clean,0,6,6,True,0.9661461114883424,0.95423126,11246
clean,0,5,5,True,0.978327453136444,0.97139364,44214
clean,0,4,4,True,0.9619125127792358,0.9502675,677
clean,0,2,2,True,0.8576266765594482,0.826111,2966
clean,0,0,0,True,0.807935893535614,0.77238345,8971
clean,0,4,4,True,0.6101400256156921,0.5858151,17146
clean,0,6,5,False,0.4905887246131897,0.47892797,16916
clean,0,8,1,False,0.5752705335617065,0.55363464,38524
clean,0,9,9,True,0.984949827194214,0.977008,4584
clean,0,9,9,True,0.9836190342903136,0.9775294,36713
clean,0,8,8,True,0.7611537575721741,0.7428156,39207
clean,0,9,9,True,0.9958879351615906,0.9938205,1171
clean,0,1,1,True,0.8551998138427734,0.8315167,11264
clean,0,8,8,True,0.9993929862976074,0.9988575,41366
clean,0,9,9,True,0.9849328398704528,0.97899044,28871
clean,0,2,0,False,0.8335962295532227,0.7987663,7664
clean,0,9,9,True,0.9998125433921814,0.9996166,37751
clean,0,1,1,True,0.999922513961792,0.9998436,44395
clean,0,8,8,True,0.9991517066955566,0.99841416,14046
clean,0,3,5,False,0.466639369726181,0.44314316,20261
clean,0,3,3,True,0.4950758516788482,0.4733825,39129
clean,0,1,1,True,0.9998995065689088,0.9998012,34246
clean,0,4,4,True,0.5648993253707886,0.5526482,5501
clean,0,5,5,True,0.652509868144989,0.62651694,47753
clean,0,9,9,True,0.9984068274497986,0.9974343,38402
clean,0,0,0,True,0.9991361498832704,0.9984363,45516
clean,0,0,0,True,0.9610501527786256,0.9499964,23126
clean,0,7,7,True,0.999481737613678,0.99900824,48679
clean,0,5,5,True,0.9949225783348083,0.9924384,13551
clean,0,7,7,True,0.9900290369987488,0.98502827,5779
clean,0,1,1,True,0.999818742275238,0.9996568,19292
clean,0,6,6,True,0.9428383111953736,0.92357683,16285
clean,0,8,8,True,0.9933837056159972,0.99036133,16072
clean,0,5,2,False,0.7202053070068359,0.68919885,37396
clean,0,5,5,True,0.9995470643043518,0.99919885,13142
clean,0,4,4,True,0.8611533045768738,0.83565265,43975
clean,0,4,4,True,0.9881983399391174,0.98294514,35023
clean,0,2,2,True,0.4189435839653015,0.40187836,32437
clean,0,3,3,True,0.9778537154197692,0.97033465,8680
clean,0,5,5,True,0.9864184260368348,0.98004663,8240
clean,0,7,7,True,0.6428269147872925,0.6132748,28719
clean,0,3,4,False,0.3431501090526581,0.32974765,44802
clean,0,2,2,True,0.4631807804107666,0.43816796,19695
clean,0,9,0,False,0.9671624302864076,0.95612603,44188
clean,0,5,3,False,0.4229120314121246,0.41286346,26486
clean,0,6,6,True,0.9961734414100648,0.9938811,41466
clean,0,3,5,False,0.6743590235710144,0.65670156,48722
clean,0,1,9,False,0.7786673903465271,0.7586184,13940
clean,0,1,1,True,0.9045025110244752,0.878319,22636
clean,0,8,8,True,0.998328983783722,0.9971269,5716
clean,0,5,5,True,0.4567045271396637,0.42923275,27941
clean,0,9,9,True,0.9905782341957092,0.9859747,43104
clean,0,1,9,False,0.6057313680648804,0.59786457,37440
clean,0,8,8,True,0.9489793181419371,0.93734354,11005
clean,0,2,2,True,0.9828259348869324,0.97482795,20457
clean,0,7,7,True,0.7579253315925598,0.7239023,33877
clean,0,5,5,True,0.9449161291122437,0.9325572,30207
clean,0,6,6,True,0.8135188221931458,0.7831438,16756
clean,0,7,7,True,0.9993693232536316,0.9988538,33556
clean,0,8,8,True,0.8626210689544678,0.8259721,24350
clean,0,2,2,True,0.9930480122566224,0.9891188,44608
clean,0,2,2,True,0.9408925771713256,0.92627466,421
clean,0,7,7,True,0.5660520195960999,0.5345389,40533
clean,0,3,2,False,0.325526088476181,0.31411517,29260
clean,0,2,6,False,0.9337428212165833,0.9191605,18376
clean,0,3,3,True,0.6873739957809448,0.66825354,8179
clean,0,3,3,True,0.9319803714752196,0.9108996,45631
clean,0,1,1,True,0.7564501762390137,0.73516864,2762
clean,0,1,1,True,0.8437654376029968,0.819225,13262
clean,0,4,7,False,0.6903095245361328,0.66358286,19285
clean,0,9,9,True,0.9923654198646544,0.98775804,44287
clean,0,7,7,True,0.9585846662521362,0.9466605,12844
clean,0,2,2,True,0.9357017278671264,0.9137085,47273
clean,0,8,8,True,0.97973895072937,0.9708683,20913
clean,0,7,7,True,0.9978603720664978,0.99651295,44845
clean,0,0,2,False,0.564799964427948,0.55445266,36134
clean,0,4,0,False,0.8614412546157837,0.83084697,3494
clean,0,0,0,True,0.9978367686271667,0.9962303,29888
clean,0,6,6,True,0.9706818461418152,0.95912194,28986
clean,0,4,4,True,0.7751895785331726,0.75414616,44450
clean,0,2,2,True,0.5989152789115906,0.573759,42200
clean,0,6,6,True,0.9961699843406676,0.99396,31447
clean,0,2,2,True,0.9650574922561646,0.95543015,8010
clean,0,0,0,True,0.9319325089454652,0.91492164,26662
clean,0,5,2,False,0.4607700407505035,0.43447942,30732
clean,0,3,6,False,0.4039113521575928,0.390454,37765
clean,0,7,3,False,0.3775876760482788,0.36759397,7055
clean,0,2,2,True,0.4171405136585235,0.403495,22459
clean,0,7,4,False,0.6824147701263428,0.6534177,47027
clean,0,1,1,True,0.8616129159927368,0.83450186,38167
clean,0,8,8,True,0.9992421865463256,0.99862397,9346
clean,0,6,6,True,0.9997053742408752,0.9994221,24882
clean,0,5,5,True,0.9862005710601808,0.9803711,47057
clean,0,8,8,True,0.924860656261444,0.9091379,5373
clean,0,1,1,True,0.9572249054908752,0.9445745,17136
clean,0,9,9,True,0.98721581697464,0.9824421,33431
clean,0,3,3,True,0.9547794461250304,0.93878317,31544
clean,0,7,7,True,0.9829643368721008,0.9755585,17956
clean,0,9,9,True,0.6996277570724487,0.66669583,8999
clean,0,2,2,True,0.495635837316513,0.4849133,21403
clean,0,7,7,True,0.9805307388305664,0.9725591,34826
clean,0,1,1,True,0.9997448325157166,0.9995229,22689
clean,0,3,5,False,0.8402448296546936,0.821096,35071
clean,0,0,0,True,0.9786574244499208,0.9716527,15636
clean,0,6,6,True,0.6548153162002563,0.62488675,32907
clean,0,5,5,True,0.9889894127845764,0.9846126,48395
clean,0,8,0,False,0.3230608105659485,0.3058383,40368
clean,0,9,9,True,0.9998823404312134,0.9997602,41396
clean,0,4,4,True,0.3138211965560913,0.29763338,35027
clean,0,3,3,True,0.7482805848121643,0.7170089,15682
clean,0,4,4,True,0.9077439308166504,0.8851342,15802
clean,0,7,7,True,0.9445696473121644,0.926033,33755
clean,0,5,5,True,0.9581363201141356,0.9463042,9388
clean,0,4,2,False,0.4851047098636627,0.46159598,37507
clean,0,6,6,True,0.3668834269046783,0.35691074,41749
clean,0,5,5,True,0.8361570239067078,0.81311625,12832
clean,0,4,4,True,0.8364075422286987,0.8162942,44517
clean,0,4,4,True,0.5768868327140808,0.55401015,19990
clean,0,3,3,True,0.678379476070404,0.6606456,49840
clean,0,2,1,False,0.4546130895614624,0.4213475,34735
clean,0,4,0,False,0.3671900331974029,0.35453084,868
clean,0,3,5,False,0.5646023750305176,0.5480279,1427
clean,0,4,4,True,0.7680425643920898,0.73888075,27923
clean,0,6,2,False,0.8764448761940002,0.85531455,34091
clean,0,5,5,True,0.9096602201461792,0.8903036,13598
clean,0,2,2,True,0.6739451289176941,0.63835335,16783
clean,0,7,7,True,0.4073527157306671,0.38418564,9072
clean,0,7,2,False,0.6632714867591858,0.62566274,21001
clean,0,1,1,True,0.9996376037597656,0.99933213,8825
clean,0,0,0,True,0.4428199231624603,0.41956496,8376
clean,0,2,2,True,0.6427434682846069,0.6113107,49724
clean,0,1,1,True,0.988861620426178,0.98333746,18480
clean,0,9,9,True,0.7809557914733887,0.7480267,34535
clean,0,5,5,True,0.9881834387779236,0.98265207,23121
clean,0,6,6,True,0.9858565330505372,0.9795375,40748
clean,0,5,3,False,0.3157347738742828,0.30249974,35386
clean,0,7,7,True,0.7057099342346191,0.6622157,45843
clean,0,9,1,False,0.797629177570343,0.77635115,22880
clean,0,8,8,True,0.9998276233673096,0.9996625,32313
clean,0,7,7,True,0.8302183747291565,0.7980693,43463
clean,0,4,4,True,0.6226916909217834,0.58692765,38660
clean,0,1,1,True,0.956798791885376,0.94514066,41666
clean,0,6,6,True,0.7254243493080139,0.696159,40274
clean,0,1,1,True,0.9999983310699464,0.99999547,13191
clean,0,0,0,True,0.9998612403869628,0.99971217,44476
clean,0,7,7,True,0.4060186743736267,0.3901588,7185
clean,0,2,5,False,0.5569701194763184,0.5424224,35031
clean,0,6,6,True,0.9997760653495787,0.9995504,34922
clean,0,0,0,True,0.8325567841529846,0.8137646,12121
clean,0,0,3,False,0.4609375596046448,0.43728027,13707
clean,0,5,5,True,0.9697991013526917,0.96011895,37402
clean,0,1,1,True,0.9933909177780152,0.9904475,14117
clean,0,8,8,True,0.8802745342254639,0.8555558,14045
clean,0,4,5,False,0.5499390959739685,0.5246373,22743
clean,0,2,2,True,0.9769330024719238,0.9665237,47932
clean,0,2,2,True,0.9908134341239928,0.98589724,22676
clean,0,8,8,True,0.8993842601776123,0.8701783,13553
clean,0,8,8,True,0.9916395545005798,0.9874281,10272
clean,0,1,1,True,0.99513441324234,0.9923402,28937
clean,0,0,0,True,0.9530574679374696,0.94199026,30048
clean,0,0,0,True,0.9018269181251526,0.87472296,46294
clean,0,5,5,True,0.5462359189987183,0.5351919,42745
clean,0,6,6,True,0.8544111847877502,0.82623667,10009
clean,0,6,6,True,0.9651730060577391,0.95218855,34875
clean,0,5,5,True,0.9021310210227966,0.8808679,34188
clean,0,6,6,True,0.7877051830291748,0.75523317,29009
clean,0,5,5,True,0.9441284537315368,0.9264515,12468
clean,0,2,2,True,0.5218039155006409,0.50191,41933
clean,0,2,2,True,0.8851637840270996,0.8534849,17582
clean,0,3,3,True,0.5032737255096436,0.4668611,37548
clean,0,0,0,True,0.9994819760322572,0.9990458,16113
clean,0,9,9,True,0.9983610510826112,0.9972664,49244
clean,0,6,6,True,0.9992440938949584,0.9985928,3682
clean,0,7,5,False,0.591650128364563,0.5676358,46465
clean,0,3,7,False,0.5672699213027954,0.54727703,16619
clean,0,5,5,True,0.9759340286254884,0.9682722,21543
clean,0,5,5,True,0.9964879751205444,0.9946483,48398
clean,0,3,3,True,0.9881008863449096,0.9833884,26408
clean,0,3,3,True,0.9987437129020692,0.99790764,10320
clean,0,4,4,True,0.896068811416626,0.8743381,41897
clean,0,1,1,True,0.8781814575195312,0.8538802,44
clean,0,4,4,True,0.8493475914001465,0.82501596,24686
clean,0,0,0,True,0.9453577995300292,0.9276076,44299
clean,0,2,2,True,0.956935465335846,0.94109356,44207
clean,0,8,0,False,0.9321646094322203,0.9177604,29333
clean,0,2,2,True,0.9860812425613404,0.9808673,41211
clean,0,6,6,True,0.9912931323051452,0.9863024,48519
clean,0,1,1,True,0.9799817204475404,0.9711183,29205
clean,0,6,6,True,0.999534010887146,0.9991067,28088
clean,0,3,5,False,0.5457447171211243,0.51740134,10918
clean,0,8,8,True,0.9838854074478148,0.9771742,29598
clean,0,5,5,True,0.9840659499168396,0.97824645,30124
clean,0,5,5,True,0.5867413878440857,0.56355834,43418
clean,0,7,7,True,0.9981380701065063,0.99696654,18219
clean,0,6,6,True,0.6402650475502014,0.61555815,41656
clean,0,9,9,True,0.9747595191001892,0.96342367,18392
clean,0,8,8,True,0.983942210674286,0.9772893,26191
clean,0,3,5,False,0.4488357007503509,0.42246908,25471
clean,0,2,2,True,0.8654183149337769,0.837904,41223
clean,0,5,5,True,0.9221091866493224,0.90157133,20733
clean,0,1,1,True,0.9952587485313416,0.99261886,33951
clean,0,0,0,True,0.9559286236763,0.939522,1306
clean,0,1,1,True,0.999626874923706,0.9993019,22303
clean,0,2,2,True,0.6764370203018188,0.6377629,47034
clean,0,2,2,True,0.5957953333854675,0.583297,48012
clean,0,7,7,True,0.3628455400466919,0.3481462,21814
clean,0,1,1,True,0.9999806880950928,0.9999553,42991
clean,0,5,5,True,0.995517075061798,0.993134,16199
clean,0,5,5,True,0.9652342796325684,0.95381105,31031
clean,0,5,5,True,0.9291517734527588,0.9097194,23689
clean,0,0,0,True,0.7524983286857605,0.7182031,35546
clean,0,4,4,True,0.8022385239601135,0.7669821,7163
clean,0,3,3,True,0.9817984700202942,0.9747406,26534
clean,0,7,7,True,0.838503360748291,0.80632246,23576
clean,0,6,6,True,0.9933801889419556,0.9899365,13600
clean,0,0,0,True,0.961624264717102,0.9478816,35929
clean,0,9,9,True,0.9998611211776732,0.99971217,40030
clean,0,7,7,True,0.9940567016601562,0.9901501,34487
clean,0,0,0,True,0.993910789489746,0.9902872,5757
clean,0,5,6,False,0.358363538980484,0.3354712,44748
clean,0,7,7,True,0.7990618944168091,0.76122266,48649
clean,0,5,5,True,0.9547237753868104,0.9414562,30519
clean,0,3,5,False,0.6463224291801453,0.6161763,40869
clean,0,0,0,True,0.9891926646232604,0.9831163,20743
clean,0,4,8,False,0.5690954327583313,0.53784907,2811
clean,0,2,8,False,0.7194689512252808,0.6811315,37663
clean,0,6,6,True,0.9231829643249512,0.9008748,25835
clean,0,6,6,True,0.915313482284546,0.8921625,19676
clean,0,1,1,True,0.999990701675415,0.99997807,28761
clean,0,7,7,True,0.9176362752914428,0.8957369,30066
clean,0,3,5,False,0.5028912425041199,0.50190145,36604
clean,0,0,0,True,0.7650374174118042,0.729224,11229
clean,0,4,4,True,0.8844254016876221,0.85720956,37805
clean,0,9,9,True,0.9979682564735411,0.9967602,45463
clean,0,1,1,True,0.999935507774353,0.9998678,39843
clean,0,0,0,True,0.9919151067733764,0.9878619,40978
clean,0,3,3,True,0.965185523033142,0.9515508,24749
clean,0,1,1,True,0.9957848191261292,0.9932255,6630
clean,0,0,7,False,0.4008454084396362,0.38230073,40359
clean,0,8,0,False,0.4239212572574615,0.41659957,7695
clean,0,2,4,False,0.5962900519371033,0.5865459,33498
clean,0,6,6,True,0.9999642372131348,0.99992204,8053
clean,0,7,6,False,0.3957644999027252,0.37623376,21857
clean,0,5,5,True,0.8621923923492432,0.84224856,19476
clean,0,0,0,True,0.9978935122489928,0.996644,25037
clean,0,4,6,False,0.3262864649295807,0.32002825,42725
clean,0,5,5,True,0.7947083711624146,0.7630421,18921
clean,0,5,5,True,0.9653970003128052,0.95460665,39893
clean,0,2,3,False,0.7118558287620544,0.6692583,7178
clean,0,1,1,True,0.9117375016212464,0.8881238,29809
clean,0,4,4,True,0.9439759254455566,0.9296278,29184
clean,0,1,1,True,0.9630572199821472,0.9480965,18228
clean,0,2,2,True,0.6166294813156128,0.59109944,3480
clean,0,3,3,True,0.563393235206604,0.53247404,28083
clean,0,0,8,False,0.656532347202301,0.64233696,11283
clean,0,9,9,True,0.9999122619628906,0.9998197,4041
clean,0,9,9,True,0.999919056892395,0.99983,18120
clean,0,4,3,False,0.3587840795516968,0.34382686,34562
clean,0,6,6,True,0.990039050579071,0.985593,17035
clean,0,1,1,True,0.9809316992759703,0.9738462,2600
clean,0,1,1,True,0.8563252091407776,0.8309453,18719
clean,0,0,0,True,0.997982621192932,0.996793,22458
clean,0,7,5,False,0.4653927683830261,0.45123547,40730
clean,0,2,2,True,0.6394686698913574,0.6239537,25847
clean,0,7,7,True,0.3822391331195831,0.37240627,33082
