shift_type,severity,true_label,pred_label,correct,confidence_raw,confidence_calibrated,sample_id
clean,0,7,7,True,0.9238111778230282,0.7691227129162753,5256
clean,0,3,3,True,0.9028029993432267,0.8156780706167082,5236
clean,0,7,4,False,0.6580395964858603,0.5725272768078786,1180
clean,0,8,8,True,0.7889248546151472,0.6726379223088428,4903
clean,0,3,3,True,0.7396680598921129,0.638238015610356,9677
clean,0,1,1,True,0.7704531913203905,0.6403390575359853,9901
clean,0,8,8,True,0.902835405323875,0.8108719975155262,1130
clean,0,1,1,True,0.8898338347415503,0.7634977007785971,3455
clean,0,5,5,True,0.8581805327717933,0.7718014834107927,1859
clean,0,2,2,True,0.7601634360714296,0.6621719549496614,2854
clean,0,1,1,True,0.9113493834663249,0.8182376154377449,2349
clean,0,7,0,False,0.7430919018824352,0.6517620065809316,9953
clean,0,1,1,True,0.942715966590152,0.8333732248590107,1756
clean,0,6,6,True,0.999,0.8785318609217667,5947
clean,0,6,6,True,0.879316091725724,0.7748844992919047,7664
clean,0,0,0,True,0.8966486508526195,0.7841100427683807,9459
clean,0,1,1,True,0.8105712184883552,0.6993285213927902,239
clean,0,7,7,True,0.7051829343130547,0.6527141879975537,3805
clean,0,5,5,True,0.8017824509575822,0.6783763436120268,870
clean,0,1,1,True,0.7625683807121,0.6632692764521482,1188
clean,0,9,9,True,0.7342396338867987,0.6394014063079307,405
clean,0,2,2,True,0.9877887953596519,0.8626692911225745,2227
clean,0,0,8,False,0.5216598946103379,0.4498214575008972,3284
clean,0,9,9,True,0.8803750064491187,0.7696136815935426,9329
clean,0,0,0,True,0.8252782107843,0.7131096274625957,3838
clean,0,5,6,False,0.474261752501863,0.3864834392778256,3147
clean,0,9,9,True,0.9271640545791466,0.8032804921174116,1399
clean,0,5,5,True,0.8474130305043828,0.7132897692681224,8258
clean,0,5,0,False,0.6064589656943221,0.49580240559119576,5936
clean,0,3,3,True,0.8343196561723987,0.7269091741603265,4436
clean,0,1,1,True,0.8226277687414362,0.723991270270612,2771
clean,0,5,5,True,0.737446866751851,0.6523637975811649,4121
clean,0,8,8,True,0.6917800750106298,0.6143564778994292,9464
clean,0,0,0,True,0.8290750479146878,0.6810620103086724,5934
clean,0,8,8,True,0.8545197353594586,0.7141214364973903,4699
clean,0,4,4,True,0.7471095970632967,0.6895135862400756,1323
clean,0,5,5,True,0.8472420107972294,0.7142115339761043,6308
clean,0,1,1,True,0.8543002050392401,0.7533719949060879,1660
clean,0,6,6,True,0.6775193595152497,0.5771527031546453,9318
clean,0,1,1,True,0.7767900272416399,0.6768649779407453,615
clean,0,2,0,False,0.630558019190248,0.538309232266239,3831
clean,0,7,7,True,0.8809646983516595,0.7750508166913034,2837
clean,0,0,0,True,0.7577060066880191,0.6617855880311503,1217
clean,0,4,4,True,0.8626758440399788,0.7393086719610973,5836
clean,0,5,5,True,0.9317925780288377,0.786020248930898,8936
clean,0,1,1,True,0.9121658367192719,0.7956964451612313,2764
clean,0,2,2,True,0.8423771370388852,0.7067661905022006,8019
clean,0,3,3,True,0.8125618949340566,0.7142272315363648,1666
clean,0,6,5,False,0.5602805690082926,0.5437681818377867,520
clean,0,9,2,False,0.5667557465660229,0.5237457856063598,1267
clean,0,8,8,True,0.865608317851431,0.7651340279115996,707
clean,0,1,1,True,0.900352320488176,0.7785873264601267,6277
clean,0,0,0,True,0.8605499050496921,0.7076923667521677,3535
clean,0,0,0,True,0.9155011160277953,0.7667302207056222,6744
clean,0,5,5,True,0.857567402636616,0.7695881493631779,8167
clean,0,1,7,False,0.4789601272217211,0.4063209865359674,8391
clean,0,2,2,True,0.9196658216293311,0.7827309064216504,894
clean,0,8,0,False,0.6078617669531787,0.5283694923965215,4063
clean,0,8,8,True,0.7053484762503404,0.5933052796358582,8194
clean,0,8,0,False,0.6808547749602019,0.5691911840251388,4944
clean,0,2,2,True,0.8705326984569809,0.7539433122328053,5166
clean,0,6,6,True,0.7128411283603102,0.603084370012823,5466
clean,0,6,6,True,0.7928944402225031,0.6741399025935497,2920
clean,0,1,5,False,0.5462903010433887,0.46372293536394027,4179
clean,0,5,5,True,0.8276258535093686,0.7289291797596527,1025
clean,0,5,3,False,0.6041180020349177,0.523857787919773,4669
clean,0,3,3,True,0.9620705488250373,0.8291885271434046,4294
clean,0,7,4,False,0.6020037290866311,0.5386420876698141,3219
clean,0,6,6,True,0.7861477313796132,0.6803847795080125,4000
clean,0,5,5,True,0.8669109180038613,0.7463092049341387,7839
clean,0,7,2,False,0.5515010275738276,0.4931848805491568,1993
clean,0,7,7,True,0.8897074427472585,0.7846152832063225,2872
clean,0,5,5,True,0.9228990435655158,0.7965227170405164,8923
clean,0,2,2,True,0.8658862896545213,0.7526155017187536,9051
clean,0,7,7,True,0.8891507151150727,0.7551423032531452,9815
clean,0,7,7,True,0.8292632592547933,0.7026601095032838,1779
clean,0,9,9,True,0.8550158642589372,0.7571464346594328,3752
clean,0,1,1,True,0.8586027344042907,0.7537111654945395,1303
clean,0,4,7,False,0.4980239814618536,0.4474263530109071,4078
clean,0,9,9,True,0.9118031846066208,0.7956497938901381,4067
clean,0,5,5,True,0.8944116545555865,0.7761739718885475,7337
clean,0,9,9,True,0.8535373602320147,0.7544349940136678,1516
clean,0,0,0,True,0.7852699212047168,0.701181608244465,1273
clean,0,0,0,True,0.8554137006450168,0.7603262056520771,1798
clean,0,7,9,False,0.5323753302636385,0.465503472405173,7477
clean,0,3,6,False,0.6898555280142616,0.6291170534102991,8121
clean,0,5,5,True,0.999,0.8687192136346464,5621
clean,0,4,4,True,0.8080981777167011,0.7145309749105119,4922
clean,0,4,4,True,0.8837831215300287,0.7718574111172221,9701
clean,0,9,9,True,0.9354769653795438,0.8150955547222958,4715
clean,0,0,0,True,0.8578401531279506,0.7294490903537516,779
clean,0,7,7,True,0.999,0.8781770167668965,6152
clean,0,8,8,True,0.8197568566614818,0.7686992160604122,1696
clean,0,6,6,True,0.8759271377856037,0.7520421656219615,5219
clean,0,3,3,True,0.7860955404085614,0.6846011036557762,1435
clean,0,1,1,True,0.8218780211885365,0.7046722127233108,9715
clean,0,6,6,True,0.8699147128317326,0.744667107875734,6732
clean,0,4,4,True,0.9177043249846184,0.8259376657992992,9830
clean,0,1,1,True,0.8755275867218859,0.7457390283590537,8937
clean,0,3,3,True,0.9507291879467789,0.8136382002874348,3367
clean,0,9,9,True,0.8424027751525862,0.6992925024050722,9262
clean,0,2,2,True,0.8234265176128795,0.6997603054801027,3577
clean,0,1,1,True,0.999,0.829982002140933,7156
clean,0,6,6,True,0.8815390119553624,0.7769442541462966,172
clean,0,1,3,False,0.5867898787186875,0.5697653413476306,843
clean,0,9,1,False,0.6227162798387466,0.5369752619899242,5559
clean,0,8,8,True,0.7745856068374928,0.6400626071520641,6429
clean,0,9,9,True,0.924925548468543,0.8191867094868562,1674
clean,0,9,9,True,0.8208498165685406,0.6981838449046563,7624
clean,0,2,9,False,0.7169270109070172,0.6503748978820354,746
clean,0,2,2,True,0.8449193060449385,0.7275408291823988,5059
clean,0,3,5,False,0.6754861892474042,0.5765269470786379,9485
clean,0,4,4,True,0.7822604725692783,0.6763622505689728,2287
clean,0,8,8,True,0.7639542171085587,0.6795166197609986,6723
clean,0,7,7,True,0.8679437845745275,0.7482038042732353,1299
clean,0,6,6,True,0.8980767427759917,0.7684307373037188,9978
clean,0,8,8,True,0.8766025850478112,0.7561355652310621,7013
clean,0,6,6,True,0.7852437016722138,0.657020042731364,823
clean,0,3,3,True,0.9041987873673115,0.7915096013080943,2457
clean,0,4,5,False,0.7950943482686692,0.6550956641514706,7245
clean,0,5,5,True,0.8082769084170893,0.6931529430672156,3622
clean,0,0,0,True,0.7744837180222398,0.6884988644955187,6634
clean,0,7,7,True,0.9540926678921624,0.8320397333669923,6854
clean,0,6,6,True,0.9006737232821879,0.7923790762495875,6359
clean,0,7,7,True,0.8983994700543099,0.7773386360917872,4818
clean,0,5,0,False,0.44000506659156546,0.412399230222541,4392
clean,0,7,7,True,0.999,0.8826439839353958,3713
clean,0,9,9,True,0.7132619116871876,0.6301954450190629,8939
clean,0,5,5,True,0.7909298735298314,0.7058413080466275,9090
clean,0,4,4,True,0.8007059932660381,0.7106085653642039,1357
clean,0,1,1,True,0.7819344302093846,0.6708549954110391,5212
clean,0,7,7,True,0.763793340191703,0.6373463609291209,3611
clean,0,9,9,True,0.8260277548755707,0.7255308341610875,6219
clean,0,6,9,False,0.5415970666777992,0.4862792912927579,4184
clean,0,8,3,False,0.6119123929366277,0.5569349738189048,3024
clean,0,8,0,False,0.6317998694414048,0.5333034635242881,5298
clean,0,7,7,True,0.8884822931810924,0.7520813280183852,7214
clean,0,5,5,True,0.8906182761310601,0.7812235400375566,6056
clean,0,0,2,False,0.5389901133942886,0.4717182566080836,9267
clean,0,0,0,True,0.8201272850540894,0.6743929600845534,3323
clean,0,2,2,True,0.999,0.8716521632750838,3731
clean,0,4,8,False,0.7545232151696559,0.6192962745944285,2312
clean,0,7,7,True,0.7010012197900164,0.5919459057840465,7831
clean,0,4,4,True,0.7698099403387025,0.6963720767450993,3114
clean,0,0,7,False,0.4678635928354731,0.4491816342662944,9838
clean,0,2,2,True,0.8513867703321045,0.7143656274128496,3128
clean,0,9,9,True,0.8402555820757333,0.7226294140161194,7928
clean,0,9,9,True,0.8125259441680434,0.706499503004411,6421
clean,0,3,3,True,0.999,0.8997745385516314,1056
clean,0,8,8,True,0.8939186299261528,0.7649734564807418,4330
clean,0,7,7,True,0.9080878689157067,0.777337008117685,9154
clean,0,9,3,False,0.7627401339464686,0.6943036250237554,5174
clean,0,8,8,True,0.770068408693519,0.662062364335126,539
clean,0,6,6,True,0.8529444399277564,0.7544468081179221,4013
clean,0,3,8,False,0.5514603797085876,0.45419846345005094,3522
clean,0,6,6,True,0.7014950746308434,0.6078461585543704,9043
clean,0,3,3,True,0.8355754381720373,0.6920471856797036,5799
clean,0,3,3,True,0.8511257666298804,0.7173482260162842,3652
clean,0,6,6,True,0.8327880667383096,0.7396538838306085,7373
clean,0,5,5,True,0.7849287670122659,0.6811913441386918,8077
clean,0,5,5,True,0.8068371854463088,0.6944294928183029,7189
clean,0,3,3,True,0.8358512645141762,0.7104985823574315,9747
clean,0,4,4,True,0.8572640018888038,0.7392612801406576,6747
clean,0,0,0,True,0.8983833266040454,0.7846480909554524,1372
clean,0,6,6,True,0.9364684963960697,0.8306565460658943,2913
clean,0,5,5,True,0.82645218211782,0.664981421118211,7158
clean,0,9,9,True,0.8135075043107713,0.6898461551788995,5142
clean,0,5,5,True,0.8850124538827445,0.770442510644113,1431
clean,0,4,4,True,0.8988675933128684,0.7770601919966924,9483
clean,0,0,0,True,0.8152639653392891,0.7160418953889303,5671
clean,0,1,1,True,0.9132314781572938,0.7965975621562308,5592
clean,0,3,8,False,0.5646756308172391,0.4888769289347851,8838
clean,0,3,3,True,0.9533349172526938,0.8147976157450462,4819
clean,0,3,6,False,0.6118664169723996,0.5301764246318297,215
clean,0,3,6,False,0.698724735298341,0.6318908720000447,3237
clean,0,7,7,True,0.8511118567466008,0.7238049195764964,429
clean,0,1,1,True,0.8509022157294928,0.7370107489071898,1022
clean,0,3,7,False,0.7057189270241366,0.6185279322504845,1996
clean,0,1,1,True,0.7980589664311891,0.724557140064,9402
clean,0,3,3,True,0.7311550397415143,0.6304756186155609,1162
clean,0,6,6,True,0.8574143556823203,0.7629783354501914,1869
clean,0,0,0,True,0.7885315472361669,0.7098914032160423,4156
clean,0,3,3,True,0.8568794784598099,0.7420724713910254,648
clean,0,0,1,False,0.523780406896275,0.4559989662802985,8196
clean,0,9,6,False,0.5829590342765018,0.503934105694062,7975
clean,0,7,7,True,0.8687438688301518,0.7483158258207773,4389
clean,0,2,2,True,0.8620737221445196,0.7648474610343783,7681
clean,0,1,1,True,0.8963425577056746,0.7815113735949337,2507
clean,0,0,6,False,0.5159050861329542,0.4582251173964084,7507
clean,0,4,4,True,0.8721831624968677,0.7338512179147408,5180
clean,0,7,0,False,0.5900165419504549,0.49716425911038203,4607
clean,0,5,9,False,0.657185918263671,0.6164769670196599,821
clean,0,8,8,True,0.74704740475709,0.6464337795377527,4964
clean,0,3,3,True,0.9766263557418666,0.8296369624690194,912
clean,0,2,5,False,0.7091583619377472,0.646406590958871,3076
clean,0,4,4,True,0.7664844742825087,0.6721479741138034,122
clean,0,2,2,True,0.8468720863026757,0.7464043716945647,9857
clean,0,9,5,False,0.5904116397434029,0.5140889522762618,9018
clean,0,1,1,True,0.7777994794845366,0.66975609575032,6270
clean,0,4,4,True,0.8256021425029519,0.7133700936775634,133
clean,0,5,5,True,0.9483500574120083,0.7934427853942345,8358
clean,0,0,0,True,0.7855205112934561,0.6809338864110398,5824
clean,0,4,1,False,0.511019601065159,0.4552873224462375,3101
clean,0,4,4,True,0.9254074896719834,0.838605630898061,6065
clean,0,2,2,True,0.8893837529550429,0.7726961713118907,3026
clean,0,1,1,True,0.800358510348107,0.6486211929516849,2136
clean,0,0,1,False,0.6485303283063141,0.5643710704046745,2746
clean,0,0,0,True,0.7904301314849149,0.7416556944243438,4302
clean,0,4,8,False,0.6888983180404649,0.6178908950340959,8904
clean,0,0,0,True,0.9432537671907055,0.8005479232359278,3806
clean,0,9,0,False,0.699585872437236,0.6214701218602617,9022
clean,0,2,7,False,0.506576093585204,0.43074941104962855,9829
clean,0,6,9,False,0.5096465553423728,0.42112342165007977,9054
clean,0,6,0,False,0.5924228523540175,0.5115920372362334,9680
clean,0,4,4,True,0.9327028934351119,0.8096279882046223,7029
clean,0,8,8,True,0.7554039542234849,0.6196502510412942,2787
clean,0,1,1,True,0.8765596394765548,0.7370925077442988,2309
clean,0,2,2,True,0.8697346519688595,0.7544811654371777,3628
clean,0,2,7,False,0.5328152260238794,0.45972947860051844,3396
clean,0,1,4,False,0.5684210513844994,0.5060541190997463,9288
clean,0,2,2,True,0.6598167606616014,0.55155088001619,5043
clean,0,3,3,True,0.7872176602275207,0.6984172861644586,9082
clean,0,7,7,True,0.8610564103482624,0.7232227668548191,6364
clean,0,3,3,True,0.834401609110417,0.7570960537826071,8566
clean,0,8,8,True,0.8882088583805416,0.7356623639358941,8070
clean,0,7,7,True,0.9131493244535764,0.7693258403778718,3595
clean,0,9,9,True,0.8986761389143743,0.7872221341378547,2680
clean,0,1,1,True,0.8328580045956427,0.756213968936249,7487
clean,0,9,9,True,0.7022930391103616,0.6182499439661308,7776
clean,0,6,6,True,0.8135615000916145,0.7177844334815202,5750
clean,0,9,3,False,0.6859046058177736,0.5983696529785687,324
clean,0,3,3,True,0.7627642197959618,0.6428216177442636,323
clean,0,9,9,True,0.9005019784097261,0.7706239146834797,7323
clean,0,5,5,True,0.9226714637813843,0.7750325498145512,4617
clean,0,0,0,True,0.8601493581036674,0.7205527550325799,5525
clean,0,4,1,False,0.514282359622257,0.4601749840653134,5275
clean,0,1,1,True,0.7477529309830557,0.6281264316938381,8098
clean,0,9,9,True,0.999,0.8705410801344672,1469
clean,0,3,1,False,0.47411935403156635,0.3919649958824094,5211
clean,0,2,3,False,0.7048029577617252,0.6200101744998014,4152
clean,0,5,5,True,0.9488197910648217,0.8117231710258392,3315
clean,0,4,4,True,0.8510684473234938,0.7665404908979827,9831
clean,0,0,0,True,0.938395239116618,0.8191103311607066,9903
clean,0,8,8,True,0.8721566940175492,0.7810488477747997,1225
clean,0,8,8,True,0.8866847308969735,0.7535690869339237,5595
clean,0,7,7,True,0.8790407398171614,0.7633074956494705,4711
clean,0,6,0,False,0.48382666410656533,0.40663092132825496,5027
clean,0,4,4,True,0.999,0.8558778951451116,6101
clean,0,5,5,True,0.927680506876735,0.7982863463903321,6345
clean,0,5,5,True,0.7235728545723572,0.6155197619727609,9069
clean,0,1,9,False,0.723816030148985,0.6059335684497233,545
clean,0,0,0,True,0.9413184614482574,0.7868503457579658,1394
clean,0,2,7,False,0.6937376966919648,0.5578820798740222,9957
clean,0,4,6,False,0.5215857706529591,0.43722097578494606,1103
clean,0,1,1,True,0.9431955556150502,0.8292661002062295,6245
clean,0,1,1,True,0.9242193919640964,0.7686165125292164,8259
clean,0,8,8,True,0.999,0.8367875430749339,4847
clean,0,3,3,True,0.7899998611001191,0.7223178533597595,4158
clean,0,5,1,False,0.80132464547946,0.6833960276605759,1346
clean,0,5,5,True,0.8255104761232037,0.72310482488802,7926
clean,0,7,7,True,0.8107822279968979,0.7170112367273731,8385
clean,0,7,7,True,0.7787983400189118,0.6902291116117006,6580
clean,0,2,2,True,0.6289859595461005,0.5191917810020242,1124
clean,0,8,8,True,0.8152240421021493,0.703319242188837,6906
clean,0,3,3,True,0.8795486447759924,0.7302518026692257,9367
clean,0,8,8,True,0.8105422523595271,0.7528872716838045,2004
clean,0,4,4,True,0.999,0.832252494719688,2563
clean,0,1,1,True,0.851070065017269,0.7174527508872822,8407
clean,0,7,7,True,0.9532823244147308,0.804477958655691,6334
clean,0,0,0,True,0.8709136330183974,0.7253433785311801,356
clean,0,7,9,False,0.6235119943151665,0.5720370733630223,5893
clean,0,0,0,True,0.872339324314685,0.8049373836891521,6534
clean,0,2,2,True,0.959502770552285,0.8210623725831898,8548
clean,0,6,6,True,0.854475148010592,0.7148954128721149,6852
clean,0,9,9,True,0.8896896566471029,0.726497698175517,1800
clean,0,4,4,True,0.8793066346920034,0.7575284651177608,4131
clean,0,1,1,True,0.8269371633498145,0.7115692803841134,9122
clean,0,2,3,False,0.5846769039741786,0.4989494458508489,4493
clean,0,8,8,True,0.999,0.8685775050795246,5092
clean,0,7,7,True,0.8283682446323646,0.7270164707938196,9779
clean,0,1,1,True,0.8835571914282598,0.7724852778727789,1885
clean,0,3,3,True,0.9506223160695554,0.8167064712197524,4021
clean,0,2,2,True,0.9412202624755424,0.7930047865127258,50
clean,0,1,1,True,0.8509373134175492,0.7516133783610511,8542
clean,0,8,8,True,0.659328903763411,0.5756798433873299,4183
clean,0,6,6,True,0.8913362254918773,0.7904029421647887,4734
clean,0,1,7,False,0.5957316903772523,0.537173447810109,1701
clean,0,6,6,True,0.9675949784752984,0.8090204903230613,2443
clean,0,4,9,False,0.527385559731364,0.4345932816225074,7745
clean,0,0,0,True,0.9299739215897591,0.7903670189764846,5840
clean,0,4,4,True,0.7778311089455159,0.6550311344378751,2193
clean,0,1,8,False,0.5330318571927797,0.48318211413338474,5287
clean,0,2,2,True,0.8708603507312933,0.7622574916413576,1382
clean,0,8,8,True,0.8473117248035086,0.7571986459586886,646
clean,0,7,7,True,0.8106767339074267,0.7120049601695311,3185
clean,0,1,1,True,0.856772902458621,0.7474299587272953,8799
clean,0,8,2,False,0.7265774925166555,0.6565854642460406,714
clean,0,5,5,True,0.9167620437895246,0.803642284015797,2479
clean,0,8,8,True,0.9339598884690655,0.8102279244674601,6275
clean,0,7,7,True,0.9175149513242684,0.8244967693042419,5460
clean,0,3,3,True,0.9683569715081755,0.8404070434450049,4813
clean,0,5,3,False,0.9031762415110635,0.7766129931860455,2758
clean,0,5,5,True,0.6856190953859764,0.581019765902527,2500
clean,0,7,7,True,0.8349131093595192,0.7387366521364995,6215
clean,0,2,6,False,0.5602222086059792,0.5159298881519316,904
clean,0,3,3,True,0.7724159683907941,0.6705418251035065,2534
clean,0,2,2,True,0.8358907239608535,0.7516654278423223,8486
clean,0,2,2,True,0.794658420559815,0.6510593568364111,6393
clean,0,1,1,True,0.9701623401474504,0.8385289216291746,5500
clean,0,0,0,True,0.9099565612325251,0.7876611788055575,9658
clean,0,9,9,True,0.9021232496515167,0.7672648747556422,7302
clean,0,0,0,True,0.8997281050496777,0.8274461100518635,69
clean,0,8,8,True,0.8470200597958298,0.7336431981726801,1204
clean,0,0,0,True,0.8658045026022002,0.7427792117797816,77
clean,0,7,4,False,0.5391760270662713,0.4738188652750007,7244
clean,0,3,3,True,0.6750846416999545,0.5487656706744448,891
clean,0,5,5,True,0.8620064904276019,0.7325081583565634,3118
clean,0,2,3,False,0.5736522749820965,0.5222692331236901,5271
clean,0,4,4,True,0.9467411654740302,0.8071510835542701,6788
clean,0,4,4,True,0.9757068652865895,0.8277733322375956,6259
clean,0,5,5,True,0.9755998787999157,0.8704504097102164,4050
clean,0,3,3,True,0.7701581125364898,0.6964394836750529,6024
clean,0,5,6,False,0.6554796521725313,0.5824975137898746,393
clean,0,8,8,True,0.8884267436705103,0.7610603854391604,7426
clean,0,4,4,True,0.999,0.8593605786976735,8538
clean,0,3,3,True,0.9684079362971133,0.8220637466210472,6136
clean,0,1,1,True,0.9395517729598704,0.7937235446353169,1201
clean,0,3,3,True,0.8189769635560568,0.6902420892564797,7140
clean,0,1,1,True,0.77934402950759,0.6650813369457473,589
clean,0,1,1,True,0.9131126306706592,0.7704513162563654,6230
clean,0,9,9,True,0.7619470988612511,0.6313809316612005,4730
clean,0,0,0,True,0.8309250919215758,0.7256743815284176,6950
clean,0,4,4,True,0.8408177640798462,0.734387011085738,7973
clean,0,8,8,True,0.9774329671298246,0.8798338772289173,8488
clean,0,9,9,True,0.8216242157632258,0.7000138160316478,6778
clean,0,1,1,True,0.6548600289141907,0.5775530363695275,8726
clean,0,1,1,True,0.8903555718129974,0.7780564876265439,7259
clean,0,3,3,True,0.7940782517516859,0.6848897627664224,9640
clean,0,5,3,False,0.6627109600149166,0.5931909877876725,2675
clean,0,9,9,True,0.8430636239326301,0.7471086640797499,7159
clean,0,2,0,False,0.5012944845463113,0.4476485337683154,9081
clean,0,1,1,True,0.9132272465427763,0.7861303654604039,6746
clean,0,2,2,True,0.7273708097317834,0.6261145861009252,5272
clean,0,8,8,True,0.8086388620036512,0.6749879547271623,7856
clean,0,0,0,True,0.9047230330493905,0.7678962225196281,496
clean,0,3,3,True,0.8008732179724505,0.6833020847985491,508
clean,0,1,1,True,0.7212954632584022,0.6056217085210532,4492
clean,0,1,1,True,0.9034844274605388,0.7917602426752113,5940
clean,0,9,9,True,0.9398475704353231,0.8378029922497648,3817
clean,0,0,0,True,0.8464003833885595,0.7162790772336926,5250
clean,0,3,3,True,0.6931323521224374,0.6098313280189646,1355
clean,0,9,9,True,0.9064775797359053,0.7648237199849253,4709
clean,0,6,6,True,0.717208969486425,0.618529180644678,3914
clean,0,0,0,True,0.8747039421478532,0.7446917592421196,2852
clean,0,4,4,True,0.7790028940206272,0.6891903728896619,1572
clean,0,9,9,True,0.7572128571386427,0.6450551650910028,8926
clean,0,4,3,False,0.469822026258649,0.4345819305939846,2436
clean,0,5,5,True,0.8353361954858192,0.7201213506897023,8643
clean,0,5,5,True,0.7984633399690841,0.6807017647818249,6636
clean,0,6,9,False,0.558173160963619,0.4643810815721729,2690
clean,0,1,2,False,0.542633030914158,0.48130216648294133,6611
clean,0,8,8,True,0.9284152697337458,0.8220573473182075,6188
clean,0,9,8,False,0.5693797921028452,0.5044392484181559,481
clean,0,1,7,False,0.7104495025205568,0.6636587104707619,7121
clean,0,8,8,True,0.7807248092934171,0.7072118369488128,4402
clean,0,8,8,True,0.7182002960762048,0.6193196963704338,4584
clean,0,7,7,True,0.8732586542293458,0.7509093074188026,4570
clean,0,3,3,True,0.8216329962198913,0.7227819811766146,5676
clean,0,4,4,True,0.6602243577549188,0.5594303204831673,3233
clean,0,8,8,True,0.8071428101784479,0.7243971547823305,8517
clean,0,1,1,True,0.7779172776596038,0.683461696447535,1182
clean,0,8,8,True,0.9760542073736528,0.8497752544847755,1428
clean,0,9,9,True,0.7137777110485352,0.6354501277466712,3022
clean,0,6,9,False,0.4974820805555824,0.47231636613962624,5777
clean,0,3,3,True,0.938797571448456,0.8163970427749377,7152
clean,0,5,5,True,0.958541052597117,0.8274990872901217,1181
clean,0,0,0,True,0.7904013649019487,0.717015552633108,9777
clean,0,9,6,False,0.72082628254805,0.6470533484856652,8544
clean,0,3,2,False,0.8234093080797731,0.7084783150601327,8412
clean,0,0,3,False,0.7001833969549408,0.6102596163848801,9446
clean,0,7,4,False,0.7426984767226469,0.6502013235330258,7742
clean,0,6,6,True,0.827541327931943,0.7256463876342513,3954
clean,0,6,6,True,0.9739912452903301,0.8157605614779982,2615
clean,0,0,0,True,0.8151415929466608,0.6770206618486305,9016
clean,0,7,7,True,0.8580749433388124,0.7266159013979414,3277
clean,0,6,4,False,0.5408021192270019,0.4553870324827248,5033
clean,0,7,7,True,0.999,0.8512735197205499,7707
clean,0,8,8,True,0.803852122148135,0.7109685166677148,5293
clean,0,2,2,True,0.8486530621013259,0.7329765196596322,9050
clean,0,2,2,True,0.9957644177074274,0.865327647151517,6137
clean,0,9,9,True,0.7282240579846857,0.6095043810861377,1274
clean,0,5,5,True,0.9322064856443057,0.7981426687392409,8929
clean,0,4,9,False,0.4924711619778625,0.44534564091608,2425
clean,0,2,2,True,0.8581977893682525,0.7563671701265506,6281
clean,0,6,2,False,0.5515269238451006,0.46930640870457735,1604
clean,0,7,7,True,0.7733590719439016,0.6755884588799074,977
clean,0,0,0,True,0.771351845787338,0.7146260259888839,834
clean,0,5,5,True,0.8721131491403004,0.7559442181841426,1719
clean,0,9,2,False,0.6909159602213877,0.5884148272653307,9271
clean,0,2,2,True,0.8396211037449197,0.7252026903959385,4258
clean,0,2,1,False,0.7113659706741299,0.621504617223547,6988
clean,0,8,8,True,0.8956939253032837,0.7733164688939802,4881
clean,0,0,0,True,0.7722704981589632,0.6708028294215888,812
clean,0,3,2,False,0.6258246186997227,0.5180819899560276,1171
clean,0,4,4,True,0.9155474477647797,0.7739627210983437,3832
clean,0,7,7,True,0.999,0.86116329525857,4230
clean,0,1,0,False,0.5156190021475276,0.44997079242494975,9339
clean,0,4,4,True,0.8133534558665497,0.6950266519893672,4352
clean,0,1,1,True,0.9115172697258996,0.786249407545486,7413
clean,0,7,7,True,0.915528333512971,0.7944193805943095,994
clean,0,6,6,True,0.807193027729863,0.718902342700874,1923
clean,0,4,4,True,0.817746985845596,0.7081007032642356,7155
clean,0,3,3,True,0.8932904670574432,0.7822789611047918,3928
clean,0,1,1,True,0.783793260741227,0.6703922656013646,6882
clean,0,9,6,False,0.5629629390338893,0.5049604126507755,7135
clean,0,6,6,True,0.8571674213894748,0.7511069141333008,6532
clean,0,3,3,True,0.9296750947857806,0.8225401706315099,1560
clean,0,4,4,True,0.8016321107056367,0.7106565033486809,7925
clean,0,7,8,False,0.5123435175816803,0.46226670240205114,5168
clean,0,7,7,True,0.6966722025985431,0.605203024035606,1366
clean,0,4,4,True,0.7492469546635093,0.6567586960048722,4849
clean,0,3,3,True,0.744946582544005,0.6694747737314348,6106
clean,0,6,0,False,0.6330519528587595,0.5400526685418897,4057
clean,0,6,6,True,0.7548895877121916,0.6440879939814256,7420
clean,0,5,5,True,0.7937796032143036,0.6933412906911652,2952
clean,0,0,0,True,0.788073129201436,0.6931677536265296,940
clean,0,4,4,True,0.8147593711321605,0.6910633354770563,4412
clean,0,6,6,True,0.9558003465218498,0.8259350432753061,7167
clean,0,9,9,True,0.9029558071544413,0.7806324605966994,6889
clean,0,5,5,True,0.8512903532220802,0.6942911979266988,2791
clean,0,3,3,True,0.8131178975535329,0.7017583331353278,8307
clean,0,5,0,False,0.5673756318376172,0.49412293040500527,1281
clean,0,1,1,True,0.8762197175961559,0.7565809011002721,8493
clean,0,0,0,True,0.8967335258681832,0.8055417824795011,4423
clean,0,6,5,False,0.40831841282349235,0.337754684929791,8975
clean,0,9,9,True,0.8529184604491385,0.7234882399576755,2883
clean,0,8,8,True,0.6874704345069578,0.5471059533645274,184
clean,0,5,0,False,0.38900493531200275,0.3360358616917195,5762
clean,0,0,0,True,0.9109719393566948,0.7814132773706706,1421
clean,0,9,9,True,0.82759450984953,0.7082557898454153,1772
clean,0,4,4,True,0.9953221596912084,0.8831773825272023,2841
clean,0,2,2,True,0.779500924205116,0.6947881360210879,8410
clean,0,8,8,True,0.8673952332242609,0.7538430827259679,7054
clean,0,7,7,True,0.8471340202667236,0.7276516561559178,4319
clean,0,7,7,True,0.8419761866045273,0.7512035519759855,3168
clean,0,2,2,True,0.8408542265596202,0.7293309353789601,5628
clean,0,9,9,True,0.8585684024007577,0.7284177412622749,9938
clean,0,4,4,True,0.917836699477096,0.7608362210058406,7694
clean,0,5,0,False,0.5593866354529015,0.48165235025705255,7623
clean,0,7,9,False,0.497149575905873,0.45267001186344424,9247
clean,0,6,6,True,0.9152252857737306,0.8384722666985328,305
clean,0,1,1,True,0.7938586442986574,0.6910120545776484,4774
clean,0,3,3,True,0.9112764362180986,0.7742778604829778,9489
clean,0,3,3,True,0.7890406780938407,0.6619852722140802,3153
clean,0,9,7,False,0.5417006116335932,0.4864846178146662,7267
clean,0,7,7,True,0.999,0.8288576789523145,2337
clean,0,3,3,True,0.8402332889622887,0.7402051976460431,1176
clean,0,7,1,False,0.5939076945292064,0.5361757724750837,8320
clean,0,7,7,True,0.8061541653404142,0.7089566296040093,6192
clean,0,3,3,True,0.9485500107431443,0.8168742756929014,4810
clean,0,4,4,True,0.8942461429620195,0.7864080345886528,7435
clean,0,8,8,True,0.8699130878940023,0.757844892132468,4915
clean,0,5,5,True,0.9306934684763871,0.7905269713677172,212
clean,0,1,1,True,0.8887562751398738,0.8074510803163932,1742
clean,0,7,8,False,0.9088512194860283,0.7804899489709137,7343
clean,0,5,4,False,0.6515958476767844,0.5843715165342649,1527
clean,0,5,7,False,0.6484643511311702,0.5178224128075803,1568
clean,0,7,7,True,0.8787036867125003,0.7874275513612439,9477
clean,0,9,9,True,0.9224207521195164,0.8284329141946806,9884
clean,0,3,4,False,0.5556098363581243,0.4878650366469384,5919
clean,0,4,4,True,0.8018831350752795,0.7077760855087428,7247
clean,0,1,1,True,0.9865414112335178,0.8647305031806414,2838
clean,0,6,6,True,0.8672963741058151,0.7393462465971283,7851
clean,0,4,4,True,0.9143904452689903,0.8031743245874285,4795
clean,0,3,3,True,0.8598992011529112,0.7297417115825233,7593
clean,0,6,7,False,0.6863150738704139,0.5861926743169453,9582
clean,0,4,4,True,0.850878631406592,0.7607856995598492,347
clean,0,4,4,True,0.9648795214214171,0.8546407470222086,5360
clean,0,4,9,False,0.7135274731653188,0.6073708421482051,2659
clean,0,2,2,True,0.7130821472215633,0.6064482982683079,791
clean,0,1,1,True,0.8327804434739076,0.709951444903668,6296
clean,0,8,9,False,0.5686846061091719,0.5130347065221059,4778
clean,0,0,0,True,0.8328962510520035,0.702962117777995,4653
clean,0,3,3,True,0.7059617046612655,0.6222017017427947,8179
clean,0,6,6,True,0.999,0.8790869362126859,9437
clean,0,1,1,True,0.9045914007850234,0.7821377816614079,8347
clean,0,6,6,True,0.844398971294976,0.7529403995380282,2583
clean,0,7,7,True,0.8202865811134344,0.7061573905566234,3601
clean,0,6,6,True,0.9365881543833388,0.8068228192059597,4274
clean,0,3,3,True,0.8066413279819046,0.6811002041619818,4539
clean,0,0,0,True,0.941860513961279,0.8359249838194913,3419
clean,0,8,6,False,0.596532074998141,0.5067218548088425,7235
clean,0,3,3,True,0.869574554038988,0.761133807287441,9219
clean,0,8,8,True,0.8616411844268476,0.7459686854203017,4097
clean,0,1,1,True,0.8360025570628657,0.7045465122412027,7731
clean,0,1,1,True,0.9336512096167412,0.7964214652977636,9455
clean,0,7,7,True,0.7807725734318532,0.70631413219789,6367
clean,0,9,9,True,0.7202459898535832,0.6312422422282353,6122
clean,0,8,3,False,0.4921042812951366,0.4131056322735293,4649
clean,0,7,7,True,0.9004990662453718,0.7865307720555399,9439
clean,0,2,5,False,0.5651830209163325,0.49248328714699174,9802
clean,0,9,0,False,0.676411440550179,0.6590306525125358,4613
clean,0,6,6,True,0.8243567697329961,0.7214057310998921,2514
clean,0,1,1,True,0.912998616350842,0.7834363269568885,6680
clean,0,1,1,True,0.8463553498596367,0.7628026057364332,1526
clean,0,8,3,False,0.5767632760623229,0.4684280613071175,3008
clean,0,2,2,True,0.825048695019568,0.7181777938942547,9041
clean,0,7,7,True,0.999,0.9040385698936214,241
clean,0,1,3,False,0.6539304552942874,0.5685169013129492,5156
clean,0,2,2,True,0.8899830483436639,0.7368195701991528,7865
clean,0,2,2,True,0.7156711657901026,0.6154021316333753,4292
clean,0,2,2,True,0.8413413329341621,0.7592304938132185,7637
clean,0,6,5,False,0.682567095330366,0.6027034229572265,2608
clean,0,9,2,False,0.5194281833387208,0.4397368336476623,2684
clean,0,9,9,True,0.881123007234701,0.7502497000059154,5153
clean,0,7,7,True,0.8195969550246243,0.7004634063479344,68
clean,0,2,2,True,0.6820634925951005,0.6019779263869154,5424
clean,0,9,9,True,0.9171654472619402,0.8213545528314221,7581
clean,0,5,5,True,0.9648004942391147,0.856128880359231,2069
clean,0,5,0,False,0.6165612150232651,0.5481972764119579,7735
clean,0,7,7,True,0.8787165152521177,0.7352761427631503,1192
clean,0,7,7,True,0.8536846510861692,0.714073303143375,4310
clean,0,9,9,True,0.9562525296716637,0.8384796906451895,902
clean,0,5,5,True,0.9845906868272079,0.8249926618444688,3927
clean,0,6,6,True,0.9406854962300499,0.8100713313741703,9603
clean,0,7,7,True,0.7746769918216159,0.679558451972097,424
clean,0,2,2,True,0.8661075882571937,0.7284395701113608,4534
clean,0,3,4,False,0.5716836671113494,0.4804458703574697,7144
clean,0,6,6,True,0.7052306424866216,0.612563624822272,2580
clean,0,0,0,True,0.8875488527696619,0.7794895306046937,8522
clean,0,3,5,False,0.5744835824978546,0.5245414205314515,7904
clean,0,7,7,True,0.9011948932640633,0.7931567279698648,9766
clean,0,9,9,True,0.9678730465153405,0.8391652214378833,2775
clean,0,5,5,True,0.8646331784102964,0.7350143065776109,2810
clean,0,3,5,False,0.5991720116070413,0.5028780699490947,7181
clean,0,4,4,True,0.880501711206478,0.7532089127589233,9333
clean,0,6,7,False,0.6625211930579465,0.586341725798866,8099
clean,0,5,5,True,0.7728979850212488,0.6786957614006084,2105
clean,0,0,0,True,0.9513043645735493,0.7816106701730144,3211
clean,0,5,5,True,0.9597873874293215,0.8151057387495733,9321
clean,0,4,4,True,0.7707114947530119,0.6941949215721832,3131
clean,0,7,7,True,0.9274399043643091,0.8049082196657456,4368
clean,0,8,8,True,0.8430432019515183,0.7032465433967309,8682
clean,0,9,6,False,0.533109065999658,0.5152591297316723,5938
clean,0,6,6,True,0.886817491154805,0.7682160328352889,1898
clean,0,3,3,True,0.9295480374499454,0.8128025110187218,6239
clean,0,4,4,True,0.856617456149055,0.7511153328475995,3099
clean,0,1,1,True,0.9628129596241548,0.8260391063573278,3962
clean,0,9,9,True,0.874753027180794,0.743988599467247,7908
clean,0,8,8,True,0.8999347417975626,0.822378030229247,784
clean,0,8,8,True,0.7833389926770202,0.7009022611678222,3019
clean,0,3,3,True,0.999,0.8805887440221735,211
clean,0,3,2,False,0.5204321158329414,0.46889308229236437,2954
clean,0,8,7,False,0.49529082792335455,0.41593085592761764,845
clean,0,5,5,True,0.7213451351030766,0.6536939686724206,6502
clean,0,7,7,True,0.7841838381536719,0.6646936092703861,7583
clean,0,4,4,True,0.9490306950334985,0.8273418267414866,9118
clean,0,4,7,False,0.5739771369436879,0.47009276829284335,8079
clean,0,6,4,False,0.4141757337887464,0.32623219670748405,6422
clean,0,8,3,False,0.5505660049817306,0.4893469282875333,9239
clean,0,3,3,True,0.8064973756517821,0.6843407839601167,62
clean,0,8,8,True,0.962905358870137,0.7936862036136709,797
clean,0,2,2,True,0.842973145711704,0.7423393639138899,1855
clean,0,4,4,True,0.8663765348816423,0.7938216700704117,2297
clean,0,9,9,True,0.9443163662873318,0.8454601165158333,4870
clean,0,9,9,True,0.778200562331627,0.6713241202765695,7573
clean,0,9,0,False,0.6709661865637876,0.5854981647131584,1512
clean,0,3,3,True,0.8342801263681514,0.741892232548607,6516
clean,0,8,8,True,0.9161738239696977,0.8161903107709412,9336
clean,0,9,0,False,0.5959657613465987,0.5147001827680949,7418
clean,0,9,9,True,0.7165572320088722,0.624757201522033,6420
clean,0,0,0,True,0.9158976741635033,0.7995253191742686,8724
clean,0,7,7,True,0.8017617349946397,0.7075750011510203,9324
clean,0,9,4,False,0.5641937330428826,0.49190314424622483,627
clean,0,7,7,True,0.7014551678447867,0.6088351877666938,2097
clean,0,2,2,True,0.7956816548518414,0.7189260532191529,4521
clean,0,7,7,True,0.849394616269508,0.7611758378779394,2253
clean,0,1,1,True,0.9244302286098314,0.8103139057870784,9340
clean,0,4,4,True,0.7883015867012289,0.719438530096503,7006
clean,0,6,6,True,0.9825900896185997,0.8424726609312814,850
clean,0,4,4,True,0.7952355180656159,0.7234096593283612,3433
clean,0,6,6,True,0.795352655873186,0.7019000663629191,7209
clean,0,2,2,True,0.9729886041518242,0.9074608359733423,5145
clean,0,6,6,True,0.8669168121891133,0.7280296518250967,6801
clean,0,6,6,True,0.8058380216790738,0.6861754133828658,5872
clean,0,6,0,False,0.6375257478166736,0.5652728422081834,5159
clean,0,2,2,True,0.9582458862033647,0.8374536843324398,4651
clean,0,3,3,True,0.9672962255700546,0.8762045714180468,9276
clean,0,2,3,False,0.7877136475331642,0.6711891067371989,7779
clean,0,4,4,True,0.8466052951936713,0.7527128712884984,4726
clean,0,5,5,True,0.8572125462134058,0.7668799243750348,5267
clean,0,3,3,True,0.7711007911586721,0.6845286291292842,600
clean,0,4,4,True,0.8455451957880005,0.714493489581314,2703
clean,0,2,2,True,0.850425828836136,0.7660171306157997,4228
clean,0,2,1,False,0.4720746027824733,0.44084991099141063,5030
clean,0,6,6,True,0.9465940022648961,0.8315965923209692,3063
clean,0,8,8,True,0.8236632481312793,0.7192007146557665,5596
clean,0,2,2,True,0.832883748491135,0.7274733464183523,9929
clean,0,8,8,True,0.9031433841644508,0.7810971606949957,9641
clean,0,5,5,True,0.8031849240858391,0.710522888158016,4484
clean,0,1,1,True,0.8970912121389922,0.7781502273770429,3001
clean,0,3,3,True,0.8429674810104628,0.7145518593518405,8738
clean,0,0,0,True,0.7724481137809103,0.6506090638172219,907
clean,0,0,0,True,0.7734530629696282,0.6573943784511381,6919
clean,0,3,3,True,0.9657646956824881,0.8403426361811039,3779
clean,0,4,4,True,0.8374862816685361,0.7263242226895515,3053
clean,0,7,7,True,0.9812283275118648,0.85335095425086,6140
clean,0,1,1,True,0.8089090991428072,0.7125889969423084,1753
clean,0,8,8,True,0.8732964160905194,0.7447555351586039,4386
clean,0,2,2,True,0.999,0.893463203366907,7328
clean,0,1,1,True,0.7654090604269377,0.6602434848219475,8030
clean,0,6,6,True,0.6981748400080179,0.599780074311185,8001
clean,0,7,7,True,0.9529272105029787,0.834635853674181,3398
clean,0,6,6,True,0.7838552715685541,0.6445467767857694,3639
clean,0,1,8,False,0.7461799167547305,0.6334422402470625,7464
clean,0,1,1,True,0.8031265431638732,0.717279017663129,9561
clean,0,3,3,True,0.8714530224764253,0.7209866305237193,2979
clean,0,4,4,True,0.7739571034251406,0.6952150218500326,1933
clean,0,9,9,True,0.8356047929693355,0.7554868053511179,4180
clean,0,2,2,True,0.8859852261245227,0.7606983354493693,7800
clean,0,1,6,False,0.6101820613103298,0.5394910074623065,428
clean,0,9,9,True,0.7939932776283288,0.7122760276811001,4210
clean,0,1,1,True,0.8222093733121174,0.7045421835544294,1448
clean,0,0,0,True,0.7356947652618977,0.6576960608831367,6325
clean,0,4,4,True,0.8161951213761003,0.6953428772670718,9179
clean,0,4,4,True,0.8595037231922321,0.7360261188467337,7821
clean,0,6,6,True,0.8180360846729257,0.6943439426854874,4168
clean,0,8,8,True,0.828289880565462,0.7258993424645388,205
clean,0,9,8,False,0.7421075938069783,0.6689508357872426,6601
clean,0,2,2,True,0.7975405230054149,0.6892271859122594,2241
clean,0,9,9,True,0.9052850052693502,0.7590672712806996,6500
clean,0,6,5,False,0.5696798383289502,0.47757372613387133,8152
clean,0,0,0,True,0.8128495686243641,0.7138141217581202,3443
clean,0,9,9,True,0.8888158585182165,0.8073758080083695,8976
clean,0,1,1,True,0.8308306275652282,0.729080533416732,9573
clean,0,5,5,True,0.8792389876030804,0.7546152084495933,1319
clean,0,7,7,True,0.9752623624962603,0.859296687458827,3245
clean,0,2,2,True,0.8906927634414479,0.7672988762134957,9487
clean,0,2,2,True,0.7081268368952255,0.6093421070136575,1614
clean,0,4,4,True,0.8863196505157567,0.7492025208244879,346
clean,0,8,8,True,0.9486290994647207,0.8495037114299397,8755
clean,0,2,2,True,0.8322723064001518,0.6716473020902158,4095
clean,0,6,6,True,0.9296507844894266,0.8211603508215981,8978
clean,0,4,3,False,0.731003969286695,0.62707847513774,5870
clean,0,1,1,True,0.731156867238218,0.628276522523453,6907
clean,0,7,7,True,0.8612935215066112,0.7809457964029758,2406
clean,0,8,8,True,0.7094818623402949,0.6037769611452497,4426
clean,0,5,5,True,0.8308183189685127,0.7075941880426675,2692
clean,0,1,1,True,0.9529473810116402,0.8223973890815036,1109
clean,0,1,1,True,0.6972189675402976,0.6159130701254977,8543
clean,0,4,4,True,0.7476402563268881,0.6416571022319975,9381
clean,0,5,8,False,0.5044688491180191,0.41232134313959856,9327
clean,0,5,5,True,0.8449344112231232,0.7158802859220195,7220
clean,0,2,2,True,0.8207426571483032,0.738257935705348,2316
clean,0,5,3,False,0.7440812598004263,0.6489646066130725,5237
clean,0,2,7,False,0.5958202772124487,0.5304689813046578,5847
clean,0,6,6,True,0.8896218356854878,0.7659501361892039,6394
clean,0,7,7,True,0.8616504251475108,0.7342129074519188,7692
clean,0,6,6,True,0.8814583821587861,0.7977910138324764,4232
clean,0,0,0,True,0.78104141157493,0.675121362697669,9565
clean,0,9,9,True,0.9185768282845289,0.786922906451307,9186
clean,0,0,7,False,0.7322135894078476,0.6593043983237773,1333
clean,0,9,7,False,0.6635843338265932,0.5645994765752566,5736
clean,0,0,0,True,0.9448914001695065,0.8062631432686005,7414
clean,0,5,5,True,0.866869168167047,0.7520437266223278,2285
clean,0,1,3,False,0.7648112161823879,0.6650949358367932,9494
clean,0,0,5,False,0.5818768965453298,0.5147875890215946,7148
clean,0,6,6,True,0.6210785303919462,0.584750132621064,7231
clean,0,7,7,True,0.8741806574788369,0.7647785237840588,1754
clean,0,1,3,False,0.49633771008353994,0.3893259743159929,8085
clean,0,9,9,True,0.8459497509554407,0.7405832671807558,7968
clean,0,3,3,True,0.9065226010318261,0.7863018107668441,4614
clean,0,3,6,False,0.5374375893598604,0.4726909514429105,4655
clean,0,2,6,False,0.7075722967494191,0.6213553984249297,9564
clean,0,4,2,False,0.6356756290308357,0.5547507189227144,7799
clean,0,1,1,True,0.855404438726466,0.7410415310563884,1564
clean,0,4,4,True,0.859194712926481,0.7575763901829246,5921
clean,0,2,2,True,0.8629535493828054,0.7376689010314946,94
clean,0,0,0,True,0.9331495235934842,0.789223368341678,8552
clean,0,3,3,True,0.7631172357572682,0.7241252794461258,8122
clean,0,6,6,True,0.864056036493188,0.7351304821435851,1262
clean,0,7,7,True,0.9531943758894592,0.8272180777552419,6771
clean,0,3,3,True,0.7112310802450243,0.5896332131907633,1495
clean,0,3,3,True,0.8643717344624042,0.7520453425940721,6333
clean,0,7,7,True,0.8031697198421565,0.6790297508520462,2320
clean,0,6,6,True,0.8203431692421516,0.7034422349988286,4166
clean,0,8,8,True,0.7776153997428462,0.6968743830968417,938
clean,0,9,9,True,0.8364359427439645,0.7354107426999312,1657
clean,0,8,6,False,0.4459645624151589,0.40543806854438147,738
clean,0,9,9,True,0.7488455711058228,0.6160946386721122,1610
clean,0,4,4,True,0.7564311998016938,0.69470442322802,8963
clean,0,3,3,True,0.7458452343869196,0.6251308230100441,6409
clean,0,3,3,True,0.988193462930248,0.8855356597765881,1067
clean,0,2,2,True,0.8130128235582971,0.7264917773441821,8896
clean,0,7,7,True,0.8479488751721861,0.7473031987320518,5846
clean,0,7,7,True,0.8177773647115008,0.6930110643866081,7317
clean,0,8,8,True,0.7744461697277527,0.6763110411649802,1470
clean,0,1,1,True,0.8311879482708452,0.7120913278173212,8582
clean,0,4,4,True,0.999,0.8647307914301058,7237
clean,0,2,2,True,0.9613656736779403,0.827163377444538,4039
clean,0,8,8,True,0.7817649745766182,0.6387280182586773,8249
clean,0,2,2,True,0.9018059282449349,0.8039707220278864,7200
clean,0,1,5,False,0.5845966683424133,0.5102850249600641,858
clean,0,5,5,True,0.7078905888923023,0.6070109925684122,869
clean,0,8,8,True,0.9315608734131704,0.7956201977445995,7117
clean,0,9,9,True,0.9428074277314841,0.8235555050990969,8961
clean,0,0,0,True,0.9336841800838319,0.7907564263053677,48
clean,0,3,3,True,0.8124107800624342,0.6604456518835882,7388
clean,0,1,4,False,0.5239135254951823,0.4684690927350705,8418
clean,0,3,8,False,0.6568444305594613,0.5836998259346785,8442
clean,0,5,5,True,0.8813196829878486,0.7601290940461186,5703
clean,0,2,2,True,0.8185090022962365,0.6877745944480008,5508
clean,0,0,9,False,0.7033809441398976,0.6146525133366987,287
clean,0,5,5,True,0.8591100155313609,0.715952865835385,7645
clean,0,0,0,True,0.936320771138889,0.7903280435343024,3018
clean,0,2,2,True,0.7541929368772674,0.641050037615594,1044
clean,0,0,0,True,0.9011007505340781,0.7978144193717975,7270
clean,0,0,0,True,0.8765233356106954,0.7527926162603528,5853
clean,0,4,4,True,0.9100118610585867,0.7795527536642695,5874
clean,0,8,7,False,0.5173656823171091,0.4938546802777677,6897
clean,0,7,7,True,0.7944427806459717,0.6973256134928503,5763
clean,0,0,0,True,0.7206432479868043,0.6343266509982802,8392
clean,0,0,0,True,0.8073184379453696,0.6938266573493888,5261
clean,0,3,3,True,0.9211301854021605,0.7860332242391008,7161
clean,0,6,6,True,0.8066396877179223,0.6569156057598908,4963
clean,0,7,7,True,0.7944765340913886,0.7096798646161515,5154
clean,0,8,8,True,0.7042919726460289,0.6226143708642522,4043
clean,0,3,3,True,0.9902118043640751,0.8530967138451955,1491
clean,0,1,1,True,0.9160570913140248,0.7909039935801959,2186
clean,0,0,0,True,0.9115916785019811,0.8045758119719051,7911
clean,0,1,1,True,0.9274180309423579,0.7722111248394071,4092
clean,0,0,0,True,0.8961366689234721,0.7649185419538752,2252
clean,0,8,8,True,0.8304536915856376,0.6981595805899414,6734
clean,0,2,5,False,0.5927587661169456,0.5542751368491386,7635
clean,0,8,8,True,0.81579485083263,0.7259387338448016,7932
clean,0,5,5,True,0.999,0.8200961471772927,1621
clean,0,5,5,True,0.8944729625039554,0.7450267855955626,5580
clean,0,4,4,True,0.8128959646918852,0.7033146565209527,7132
clean,0,8,8,True,0.8872397419333024,0.7597049764018585,7917
clean,0,0,0,True,0.7691304865714945,0.6422732694242326,5134
clean,0,0,0,True,0.9703605374871381,0.8787017016170772,9593
clean,0,4,4,True,0.7971144723354288,0.698798099764766,1152
clean,0,3,3,True,0.8900868346097972,0.7810701358755895,6474
clean,0,5,5,True,0.9352782103794507,0.7961461798378888,4666
clean,0,7,9,False,0.6309002356085701,0.5657106832108447,4266
clean,0,5,2,False,0.8032337024710338,0.6901399918807384,6938
clean,0,2,2,True,0.8508641667884812,0.732567678296059,8446
clean,0,3,6,False,0.6203206933393904,0.554492628534987,1380
clean,0,7,7,True,0.8038641208857998,0.6657045514517239,6040
clean,0,2,4,False,0.5452995279155005,0.510445155925195,6669
clean,0,5,6,False,0.595040969211806,0.5244326081245126,9655
clean,0,5,5,True,0.8413170693851875,0.7557383931530178,2452
clean,0,7,7,True,0.7871362984493782,0.6625574585495951,2556
clean,0,7,1,False,0.6448142144626706,0.5446287798127062,1302
clean,0,4,8,False,0.5623405276976514,0.46975144411100744,4359
clean,0,3,9,False,0.8492738866638518,0.7418887571175709,3985
clean,0,3,3,True,0.8948263342585805,0.7769220501581584,7592
clean,0,4,4,True,0.8293983040872167,0.7107003220895106,7740
clean,0,2,4,False,0.42250569554212725,0.35384845735310255,8985
clean,0,6,6,True,0.7985151100039481,0.6684059181087391,8502
clean,0,2,2,True,0.829230877492338,0.7188765678590742,9214
clean,0,6,6,True,0.9275843589913396,0.7941349695508667,8987
clean,0,7,7,True,0.9199422143135252,0.7832387423193312,2631
clean,0,9,9,True,0.7714472123239358,0.7016719201979775,2616
clean,0,1,1,True,0.7815578837673139,0.6776776876383621,3141
clean,0,7,7,True,0.8586961722250728,0.7702926050698503,5450
clean,0,0,0,True,0.9880905899735608,0.8442119578238727,6565
clean,0,3,0,False,0.7468081822665297,0.6546824806025234,1725
clean,0,1,1,True,0.8722666351656403,0.7553171195656676,4187
clean,0,1,1,True,0.7399165334741481,0.6099766072626635,2831
clean,0,1,1,True,0.7992535205179563,0.7229322585655411,1683
clean,0,0,7,False,0.523450469895775,0.4572298272707605,4966
clean,0,8,8,True,0.8163593325250487,0.7238337970389506,955
clean,0,0,0,True,0.8072963248272633,0.6861613016539426,8981
clean,0,3,3,True,0.8505765648301096,0.7346931924739978,7376
clean,0,6,6,True,0.8071795546695537,0.6837655742706535,7716
clean,0,9,9,True,0.7330034092116677,0.6627728674851855,4405
clean,0,8,3,False,0.5298655850236158,0.4716139342190869,7262
clean,0,1,1,True,0.9102297733719105,0.7960363778997417,4620
clean,0,9,9,True,0.9174539448018135,0.8219995360236411,7741
clean,0,6,8,False,0.632827396208103,0.576030112714868,8762
clean,0,1,1,True,0.873913452206732,0.7731332850984479,3478
clean,0,4,9,False,0.5116574843912364,0.42147431479180164,7730
clean,0,9,9,True,0.7675038345248332,0.6534646769557745,5121
clean,0,3,3,True,0.8507338598545703,0.7180460181561577,7553
clean,0,1,8,False,0.8022108950853476,0.7114299346950614,4540
clean,0,8,8,True,0.997372052685461,0.8661792836176428,1907
clean,0,9,9,True,0.999,0.836339751327388,9739
clean,0,9,3,False,0.7226940876435939,0.6255150902368303,9359
clean,0,9,9,True,0.999,0.8342677532856244,8199
clean,0,8,8,True,0.776781942307734,0.6742015212001787,5439
clean,0,4,4,True,0.9284538635461941,0.7710783339345213,1032
clean,0,1,1,True,0.9276398384690985,0.814070412566426,2901
clean,0,6,6,True,0.7703447818526554,0.6773523170954385,7956
clean,0,2,2,True,0.8894614235071279,0.8092011798479963,4693
clean,0,4,4,True,0.8413973004587149,0.7471451711798545,970
clean,0,6,6,True,0.8943464003705912,0.7667361551985524,4157
clean,0,9,9,True,0.86845378419045,0.7695471184273722,2207
clean,0,2,5,False,0.6237338103793847,0.5172204612035735,5515
clean,0,2,2,True,0.856031963451685,0.7233777168603105,867
calibration,0,2,2,True,0.8765357262971675,0.7711632655014387,2126
calibration,0,3,3,True,0.8482633232089838,0.7297107505508239,9507
calibration,0,0,7,False,0.5693989876903192,0.5013053931952132,2262
calibration,0,6,7,False,0.7674359240186821,0.6546731276875634,2707
calibration,0,7,5,False,0.5280596180313024,0.48912034221025336,6968
calibration,0,7,7,True,0.8199683946463815,0.7424043236394684,5994
calibration,0,7,7,True,0.9223060550887614,0.8265584028393886,497
calibration,0,1,1,True,0.9531065913848791,0.81697842744359,3938
calibration,0,6,6,True,0.927591815492433,0.7843775623812663,4291
calibration,0,7,7,True,0.8279001291828804,0.7442545830204516,2395
calibration,0,2,2,True,0.9104657203350698,0.7997740063366376,8461
calibration,0,4,4,True,0.8562369117968032,0.7493730618577555,8332
calibration,0,9,9,True,0.7511403217147239,0.6407966317586123,6845
calibration,0,4,4,True,0.9038183502798196,0.791758873990582,4676
calibration,0,7,7,True,0.8616905312765558,0.7257313903918337,1253
calibration,0,5,5,True,0.999,0.8768312471215806,7377
calibration,0,6,5,False,0.6471700665062631,0.5926722905224477,280
calibration,0,6,6,True,0.9068920125547619,0.8184791215497067,392
calibration,0,6,7,False,0.6672154978200707,0.5963036542292565,3154
calibration,0,7,7,True,0.8630977804046415,0.7209926823515228,7883
calibration,0,9,9,True,0.7697048477093513,0.673195723171869,1014
calibration,0,2,2,True,0.7108810218240071,0.6620425034315603,3400
calibration,0,9,9,True,0.7801952712734748,0.6607937487736079,9020
calibration,0,6,6,True,0.8461826385463656,0.7330716113062063,6256
calibration,0,5,5,True,0.6815568577432812,0.6225938161178086,5979
calibration,0,3,4,False,0.5259825895705772,0.4744278795764623,4313
calibration,0,4,0,False,0.7152582578901392,0.6725726456963205,2881
calibration,0,6,6,True,0.8327658757211633,0.708193606698417,4168
calibration,0,3,3,True,0.7970621121449484,0.6727076796083897,5647
calibration,0,2,2,True,0.822678894849488,0.7387595693387682,2074
calibration,0,8,8,True,0.9879115062499089,0.8308072077469918,2018
calibration,0,4,4,True,0.9029716225192482,0.7785905193650102,3441
calibration,0,6,6,True,0.805175937848148,0.6980866162737343,992
calibration,0,0,0,True,0.8445321769310429,0.7535721398591049,2739
calibration,0,0,0,True,0.8477349331478187,0.7478600525361507,1185
calibration,0,8,9,False,0.5393813052365866,0.48261540773463585,1849
calibration,0,1,8,False,0.7051225973725926,0.6063055902086705,6655
calibration,0,7,7,True,0.930841921626137,0.8305157137638554,1527
calibration,0,9,8,False,0.5149056776188429,0.5331863068305618,3986
calibration,0,4,4,True,0.7624242890375302,0.676886287660359,5832
calibration,0,8,8,True,0.8465487724744446,0.7365599007542146,8618
calibration,0,4,7,False,0.5142654247445826,0.426168351613052,6334
calibration,0,9,2,False,0.6270294946707831,0.5352254414838226,5133
calibration,0,2,0,False,0.5775079712494008,0.5016075708830445,8101
calibration,0,4,4,True,0.9194383947478608,0.7858306307303391,5677
calibration,0,3,7,False,0.6048938392708111,0.5288382066896524,5220
calibration,0,7,7,True,0.999,0.8997103215361457,7823
calibration,0,0,0,True,0.9500887585849743,0.8475187831446129,8804
calibration,0,8,8,True,0.9659147219800682,0.8328508593536929,7264
calibration,0,0,0,True,0.999,0.8399844011066827,8116
calibration,0,3,3,True,0.9106525009419678,0.815801978658721,2858
calibration,0,5,5,True,0.8630456166346161,0.7476076886701964,150
calibration,0,1,4,False,0.5561150660053383,0.4531677975924905,7062
calibration,0,4,4,True,0.8052610853284005,0.7137205248990011,7337
calibration,0,9,9,True,0.8586149055595975,0.7653364034103273,5408
calibration,0,8,8,True,0.7981817885537349,0.6449363521719813,4548
calibration,0,0,0,True,0.8818387646050305,0.7480718570716179,4078
calibration,0,5,5,True,0.7978472729584144,0.6909611017884979,1806
calibration,0,5,5,True,0.7950457200110626,0.7054790802355755,9600
calibration,0,0,0,True,0.8830778634484403,0.7553012522386908,3298
calibration,0,6,6,True,0.8389830847375546,0.7114927839874426,5178
calibration,0,5,5,True,0.6957983091426603,0.6209719477648669,2627
calibration,0,6,7,False,0.5984221079627039,0.5142923443020151,7907
calibration,0,2,2,True,0.7582186806830828,0.6703269715915944,1602
calibration,0,2,2,True,0.779362247510882,0.6552275972847579,2175
calibration,0,7,7,True,0.8831538663582911,0.7386341260198195,3850
calibration,0,7,7,True,0.8675151077657308,0.7674932247522792,4724
calibration,0,1,1,True,0.9352223497359359,0.8149893954818898,670
calibration,0,2,2,True,0.9102241458353417,0.8071396386247646,2474
calibration,0,5,5,True,0.9357522364946126,0.7997375410019918,773
calibration,0,8,8,True,0.8986716953167299,0.7629688349696255,1422
calibration,0,2,2,True,0.8667743447273192,0.7789725707690396,8084
calibration,0,2,2,True,0.9379481393830125,0.7817967431956712,6540
calibration,0,8,8,True,0.923553023339208,0.8250492840219392,4788
calibration,0,6,6,True,0.8800876294043193,0.789484579143319,9792
calibration,0,9,9,True,0.9516857496688114,0.8411346775038112,9887
calibration,0,7,5,False,0.7146744605449696,0.6087171411230152,342
calibration,0,9,9,True,0.826762946068764,0.7014180274239422,6488
calibration,0,1,1,True,0.8255367627478615,0.7125051328757182,5188
calibration,0,2,2,True,0.9422146301985256,0.7899816421321187,2659
calibration,0,2,2,True,0.9757115997560615,0.8251209798175803,4826
calibration,0,0,0,True,0.733985650383179,0.6517824886558831,9761
calibration,0,7,7,True,0.9628933739319421,0.8464463501266339,1534
calibration,0,6,6,True,0.7562843851178984,0.6368502308195145,734
calibration,0,0,0,True,0.7587027803551342,0.6734198020078654,1985
calibration,0,1,1,True,0.8312571438138108,0.7306546383565353,4990
calibration,0,1,1,True,0.8245434822293932,0.7460596849865263,3135
calibration,0,4,4,True,0.7253266176226498,0.6429103538166028,1162
calibration,0,4,4,True,0.9019902378794054,0.802863323272182,9570
calibration,0,2,2,True,0.9043521939781282,0.7932409167000132,3099
calibration,0,9,9,True,0.9343233276930937,0.8287734107330733,2665
calibration,0,2,1,False,0.655623913497328,0.5465379833413733,6909
calibration,0,5,5,True,0.8468333828022041,0.7323734862396553,7792
calibration,0,4,4,True,0.8475658268077886,0.7346512974220697,3029
calibration,0,3,3,True,0.9850396353174771,0.8474086910811498,4878
calibration,0,8,8,True,0.6232604173893426,0.5536490873872757,3056
calibration,0,9,9,True,0.7734444520808716,0.685115377358656,4033
calibration,0,0,0,True,0.8504432674233438,0.7457219188512652,225
calibration,0,4,4,True,0.7631543812067597,0.660142346401319,7030
calibration,0,1,1,True,0.8293343714183106,0.7052196141086614,3287
calibration,0,4,5,False,0.605712761345356,0.5517995686266773,8976
calibration,0,6,4,False,0.6200706858161601,0.5490547392760128,2803
calibration,0,4,4,True,0.8551575140882137,0.7215116098069935,3085
calibration,0,3,3,True,0.900251942220625,0.7763404000545387,5207
calibration,0,3,3,True,0.8310986843975198,0.6865678881837446,8450
calibration,0,2,4,False,0.46572460507174895,0.4115733265979355,7476
calibration,0,3,5,False,0.6671484895009283,0.5781086172238171,8636
calibration,0,3,3,True,0.8494050922683528,0.7255049894209931,5471
calibration,0,6,6,True,0.7107744347732462,0.6508502733533299,8092
calibration,0,0,0,True,0.8869243134369023,0.7457625840305246,4451
calibration,0,0,4,False,0.7235478597464147,0.6441435398180991,4534
calibration,0,5,5,True,0.9509228059848841,0.867018548305789,6258
calibration,0,6,6,True,0.897284278051398,0.7992369944180221,3328
calibration,0,2,2,True,0.9436053123375724,0.8164337398449811,7046
calibration,0,2,2,True,0.7691196965028073,0.6460703692389196,7609
calibration,0,6,6,True,0.8202890687050058,0.6850044648675658,1978
calibration,0,3,3,True,0.7506033210034072,0.6447817889537456,2164
calibration,0,7,7,True,0.7935847032856539,0.6758069831145277,5242
calibration,0,1,1,True,0.9501684339606873,0.8082522306874216,6295
calibration,0,1,1,True,0.9689992462337996,0.8321230901893047,5181
calibration,0,5,5,True,0.7581493364156432,0.657381994095583,967
calibration,0,3,7,False,0.5795012606400873,0.5172803104969802,1064
calibration,0,7,7,True,0.8439043462380841,0.707562769913123,5087
calibration,0,5,5,True,0.8968484513447825,0.7636763077204042,2023
calibration,0,3,3,True,0.7092151789170806,0.6146394604230689,7335
calibration,0,1,1,True,0.7217599934777249,0.6245862905876008,5503
calibration,0,1,1,True,0.8891700915097922,0.8075230519315918,1272
calibration,0,7,7,True,0.694076914486566,0.6096103091680583,1723
calibration,0,2,2,True,0.8142562075088904,0.6748459801433683,1478
calibration,0,5,5,True,0.8629673446847073,0.7568858702137365,3753
calibration,0,8,8,True,0.8832532775946493,0.7766785604103315,7654
calibration,0,8,8,True,0.8386625523564935,0.7253606089381247,7556
calibration,0,2,2,True,0.8207394624761976,0.6883606096165839,5180
calibration,0,1,1,True,0.9175656687773184,0.8300919123669899,1965
calibration,0,7,7,True,0.8728164741092606,0.7354963247212463,6592
calibration,0,6,6,True,0.7982386702438832,0.7067183138356193,4256
calibration,0,3,3,True,0.853017831734579,0.7440661675556708,6903
calibration,0,5,5,True,0.8806535218124955,0.7755717045212165,6695
calibration,0,1,9,False,0.5891879161783079,0.5499468872349084,5291
calibration,0,7,7,True,0.9129058934633263,0.802202786886648,3511
calibration,0,7,7,True,0.9471645484763155,0.8089165816639975,6869
calibration,0,2,2,True,0.8011514082960296,0.7180985425541844,1760
calibration,0,4,4,True,0.8080653674995998,0.6892335733737774,7954
calibration,0,3,0,False,0.6572415582563194,0.5769264847457769,6110
calibration,0,0,0,True,0.8385141882689469,0.7018753878682891,1889
calibration,0,1,3,False,0.5235832242115777,0.43938011603310595,673
calibration,0,9,9,True,0.9512746901245455,0.8246112200145874,9823
calibration,0,4,4,True,0.9206681310207033,0.8049296455392153,4466
calibration,0,1,7,False,0.7547126279542768,0.6224579213073147,5439
calibration,0,0,0,True,0.9013368519211082,0.7910820714929553,6285
calibration,0,3,3,True,0.867831933040307,0.7362685635522951,4481
calibration,0,9,9,True,0.9075862384745099,0.8120420630167567,6471
calibration,0,3,1,False,0.5726902716044024,0.49474744228725187,3922
calibration,0,9,9,True,0.8383471141442052,0.7051226016315747,1077
calibration,0,4,4,True,0.8453569177675363,0.735069471261591,3773
calibration,0,7,3,False,0.32311267785356373,0.2713210761539547,3018
calibration,0,7,7,True,0.7997249919054293,0.7201451459482774,6713
calibration,0,0,0,True,0.6500055420734083,0.5675153149130591,7251
calibration,0,0,0,True,0.7634640225853664,0.6609108867356956,9816
calibration,0,9,9,True,0.8451161611431274,0.7451847573502784,6105
calibration,0,9,2,False,0.6923654155368912,0.5834116544223517,609
calibration,0,1,1,True,0.9846998498099987,0.8262117992319287,7947
calibration,0,6,6,True,0.8966197152526479,0.7852937895535834,2860
calibration,0,9,9,True,0.8565224223385192,0.7210506448275651,4333
calibration,0,9,9,True,0.847408697857485,0.713297190103873,8282
calibration,0,2,4,False,0.5706133102526412,0.5167564343391627,7724
calibration,0,8,8,True,0.8027911638274049,0.707873771452973,9298
calibration,0,6,6,True,0.8387772969807521,0.7028841115845811,1506
calibration,0,9,9,True,0.7628593503889358,0.6510477269717687,2827
calibration,0,1,1,True,0.9635124838956243,0.8159109801923542,3923
calibration,0,6,6,True,0.881399914960129,0.7997163136769213,2240
calibration,0,0,0,True,0.7933981363196843,0.7075086244231438,8208
calibration,0,3,3,True,0.8408435991745353,0.7213001623782496,8312
calibration,0,0,5,False,0.6492591551644872,0.5783941756766839,8576
calibration,0,4,4,True,0.829942486982218,0.6933273902162687,4244
calibration,0,8,8,True,0.807242350262992,0.6877030746997533,6281
calibration,0,6,6,True,0.7976581051212535,0.6951066546719031,8
calibration,0,3,3,True,0.8771169519392892,0.7695940241313141,6447
calibration,0,4,4,True,0.8213556576631451,0.7112031265034044,5331
calibration,0,3,3,True,0.8136993812189803,0.7116047442504178,341
calibration,0,7,7,True,0.7431150595955676,0.6482145298552949,6615
calibration,0,2,7,False,0.5019379189232578,0.4383756830443228,7455
calibration,0,0,4,False,0.3813706754373068,0.3332421622778929,3301
calibration,0,5,6,False,0.707883491425994,0.6081756702585392,4162
calibration,0,8,8,True,0.8659016541990975,0.7556551562418046,9324
calibration,0,4,6,False,0.5254802529178537,0.4698745267641648,6145
calibration,0,2,2,True,0.9061252377552375,0.7891736354383285,58
calibration,0,0,0,True,0.894218280071981,0.7515135970611626,6534
calibration,0,9,9,True,0.8307463777091423,0.7011558640299071,784
calibration,0,7,7,True,0.8046401331247006,0.7069217492749568,1488
calibration,0,1,1,True,0.766486748694205,0.6959472024034917,6721
calibration,0,0,0,True,0.8025474794129535,0.7002136667321854,474
calibration,0,1,1,True,0.8515720076109256,0.7306028382197468,9870
calibration,0,3,3,True,0.7870971102678014,0.6885193528364866,6521
calibration,0,8,3,False,0.724742633682368,0.6082948101797443,7260
calibration,0,1,1,True,0.7727634657670508,0.6980278090327224,2926
calibration,0,8,8,True,0.7171206488794382,0.628284434437683,1231
calibration,0,0,0,True,0.9155524896691836,0.779830471954595,8180
calibration,0,7,6,False,0.4894227704784693,0.42767344558484144,4889
calibration,0,2,2,True,0.7830373077420887,0.6700409869395031,1421
calibration,0,9,9,True,0.7624922286962049,0.6893517939281109,1326
calibration,0,4,4,True,0.883842877978432,0.762221644492726,6914
calibration,0,2,2,True,0.9599926169174373,0.8341010393021335,8884
calibration,0,2,2,True,0.8177540911195085,0.721565506584608,4829
calibration,0,8,8,True,0.8327549300269934,0.7080263584476536,2660
calibration,0,4,4,True,0.9357305471911258,0.81424515443516,7946
calibration,0,3,3,True,0.705164343651335,0.6198784034915189,6927
calibration,0,7,7,True,0.999,0.8330684235795875,8942
calibration,0,5,5,True,0.999,0.8692039297755522,3392
calibration,0,6,6,True,0.6334929976463933,0.5525538067005715,3371
calibration,0,4,4,True,0.8421997416866595,0.7334691062759805,6523
calibration,0,0,0,True,0.7924842374504348,0.6893241961026809,5669
calibration,0,0,0,True,0.8288182583276212,0.7246789170374797,2387
calibration,0,0,0,True,0.8165291944307261,0.7357966797796404,6244
calibration,0,5,5,True,0.9149407278783487,0.7691094704548942,1739
calibration,0,5,5,True,0.8409944074425607,0.7230021996161683,8010
calibration,0,7,7,True,0.7771274228640035,0.6888906820136597,1274
calibration,0,8,8,True,0.83622518709639,0.7354099263864897,3849
calibration,0,1,1,True,0.8911827389569927,0.7816934391802856,2658
calibration,0,9,9,True,0.7553022937787774,0.7120784940254276,9237
calibration,0,9,9,True,0.7183013048824015,0.6378388196323754,5800
calibration,0,6,6,True,0.999,0.8867687559251005,1670
calibration,0,5,5,True,0.798605865623325,0.6876735446027761,9799
calibration,0,1,1,True,0.8390117610464382,0.7083017494115268,7057
calibration,0,1,1,True,0.8181763675339542,0.7041635638191883,5893
calibration,0,0,0,True,0.8938470163265714,0.7890091673044538,5859
calibration,0,6,6,True,0.9918231938472835,0.8661862718667745,5385
calibration,0,4,4,True,0.8963947073383427,0.7850005286495688,5423
calibration,0,1,7,False,0.587485441128884,0.5100757372236089,8767
calibration,0,1,5,False,0.6117912669666031,0.5275465245453532,791
calibration,0,0,0,True,0.8180828179738466,0.7067732503919041,7645
calibration,0,6,6,True,0.8285413440373387,0.7337496514350421,6880
calibration,0,6,6,True,0.7122438984362719,0.6372218622342395,9937
calibration,0,6,6,True,0.9155472736139553,0.7730903495784374,1346
calibration,0,1,1,True,0.7630943553694817,0.6788770532526884,3290
calibration,0,0,0,True,0.9694641249700604,0.8260300816094267,4386
calibration,0,1,1,True,0.9956506077764576,0.87068144964681,163
calibration,0,7,6,False,0.4667882570590137,0.4079307036509119,6850
calibration,0,7,7,True,0.8851178112334548,0.7986659105332162,9959
calibration,0,2,2,True,0.7514442222332638,0.6453660963186513,4076
calibration,0,0,0,True,0.8998941061183291,0.7834822270184754,8771
calibration,0,3,3,True,0.8101446061252504,0.7157547783576513,4043
calibration,0,8,8,True,0.7630211742729317,0.6460888211295344,6550
calibration,0,1,8,False,0.5729438798486723,0.5005451567628326,9917
calibration,0,7,7,True,0.8127401593275709,0.7004974377359725,2507
calibration,0,4,4,True,0.8239872477596997,0.7051128909276253,6270
calibration,0,1,1,True,0.9259743922253088,0.7932837733618476,7564
calibration,0,9,6,False,0.6936113124929707,0.626809907581761,2954
calibration,0,5,1,False,0.3827801860144411,0.32839214341706824,6680
calibration,0,6,6,True,0.7439952293739717,0.658724102621308,7992
calibration,0,0,0,True,0.9792344218542877,0.8536411586167674,2019
calibration,0,3,3,True,0.7686791502474645,0.6404376753948413,2409
calibration,0,6,3,False,0.527353039547113,0.4736334723835749,569
calibration,0,6,1,False,0.4162038516945025,0.3405030097451733,8475
calibration,0,0,6,False,0.5198906707664561,0.4694689067147909,2613
calibration,0,6,6,True,0.9141085789084439,0.7818484592095603,5974
calibration,0,9,9,True,0.9699861437783048,0.8396555672766881,320
calibration,0,7,7,True,0.9452419763964514,0.7925700809444569,2849
calibration,0,2,2,True,0.8176114934126522,0.7124174158728506,5951
calibration,0,9,9,True,0.8647404177923642,0.7685683634829219,6791
calibration,0,6,6,True,0.787433770106531,0.6681793960300989,4759
calibration,0,0,0,True,0.7706759749940244,0.6579312370220405,8595
calibration,0,1,7,False,0.5866868128263069,0.5227762113737107,5797
calibration,0,9,9,True,0.8149941354412696,0.717337381598018,9353
calibration,0,2,9,False,0.5827779861905902,0.46167770229383154,162
calibration,0,0,0,True,0.6970547872198796,0.6478046964125531,8666
calibration,0,4,4,True,0.8462917037935387,0.7449190178954745,732
calibration,0,5,5,True,0.971282009963962,0.8545280817184269,7751
calibration,0,5,5,True,0.93975288552593,0.8109191437638001,3000
calibration,0,6,6,True,0.8031852738778668,0.6606004126251419,8806
calibration,0,9,9,True,0.7382501672573771,0.6560070833937753,9651
calibration,0,7,7,True,0.8867864245171861,0.7574647002749906,1351
calibration,0,0,9,False,0.7489722252210372,0.6625050253215485,8456
calibration,0,0,0,True,0.9388123292706142,0.8086144584747674,3817
calibration,0,0,3,False,0.642087901967237,0.565535504254479,330
calibration,0,3,0,False,0.6594636225004078,0.5600441514971618,9728
calibration,0,3,4,False,0.771874015974911,0.6883806924322531,2165
calibration,0,9,9,True,0.9234516980166266,0.7761663625249792,441
calibration,0,3,8,False,0.5346807093770847,0.5143899914773058,627
calibration,0,0,9,False,0.4501854615584676,0.44241661502443774,3894
calibration,0,8,4,False,0.7552367006662473,0.6896051872756405,5494
calibration,0,2,2,True,0.8976598325369373,0.8035204373718868,3555
calibration,0,9,9,True,0.9040909907821486,0.7817863750001535,4521
calibration,0,7,0,False,0.911670424132392,0.8132507946274773,3949
calibration,0,8,8,True,0.9306440210288474,0.8041238879089977,8525
calibration,0,8,8,True,0.8024883736835412,0.6660447667861038,4132
calibration,0,1,1,True,0.7696909933105988,0.6993013725946227,4833
calibration,0,6,6,True,0.740520685318209,0.6670190717789278,2565
calibration,0,4,4,True,0.9678579476511576,0.8370524733503752,3901
calibration,0,6,2,False,0.5597410397245393,0.46627619861923536,8127
calibration,0,7,1,False,0.5412975608932951,0.46337891322772135,8715
calibration,0,5,9,False,0.46067174946446027,0.37014807534704103,7798
calibration,0,3,3,True,0.8763922305275168,0.7788350130007489,2321
calibration,0,9,9,True,0.8254505349951761,0.684566775408616,7456
calibration,0,6,6,True,0.9028538330401801,0.7881623754870866,9097
calibration,0,8,8,True,0.8487623389730559,0.7195741211715037,155
calibration,0,2,2,True,0.8204629366824951,0.6838594272801313,8064
calibration,0,8,8,True,0.905680382931856,0.789595427357649,5370
calibration,0,3,6,False,0.6684998072766827,0.5765488484789396,3664
calibration,0,4,4,True,0.7861332177008938,0.6999770171542671,7237
calibration,0,8,8,True,0.8979861420368521,0.7529361153567502,5093
calibration,0,3,3,True,0.8448811475497148,0.7180026825077811,2532
calibration,0,2,2,True,0.8891128009406244,0.7229930366297129,2795
calibration,0,9,9,True,0.8136912113316651,0.6629505959853568,4636
calibration,0,9,9,True,0.7532702956255235,0.6912435994812652,7515
calibration,0,3,3,True,0.9888059170011421,0.8971569943329641,3074
calibration,0,3,3,True,0.9737289128610859,0.844524100036402,7836
calibration,0,2,8,False,0.6413908410739066,0.5437056395946904,2503
calibration,0,0,0,True,0.8189751451700581,0.7051598948847472,3973
calibration,0,5,5,True,0.8259745621471142,0.7345498618747743,7692
calibration,0,2,2,True,0.9605861956717172,0.8212104859245186,5790
calibration,0,8,8,True,0.8216935969946069,0.7181922347862496,3501
calibration,0,1,1,True,0.7993955170922162,0.6942310685187588,1876
calibration,0,6,8,False,0.5348504917480724,0.4582466645842044,2679
calibration,0,5,9,False,0.6266222984634562,0.5371050987741003,2396
calibration,0,6,6,True,0.9914740262811076,0.8636193397726516,2725
calibration,0,1,1,True,0.7381286471447999,0.622871587345331,9265
calibration,0,4,4,True,0.8914547906227601,0.7817711589418164,349
calibration,0,6,6,True,0.999,0.8547184208070163,3218
calibration,0,3,3,True,0.8523800595727089,0.7420703967297672,1482
calibration,0,8,7,False,0.6453080074687763,0.5911910576718309,6229
calibration,0,5,5,True,0.7565798465921264,0.6547290286987685,3699
calibration,0,3,3,True,0.9365874443548198,0.8294954145054366,5664
calibration,0,0,0,True,0.788389753388745,0.6492906332627566,9734
calibration,0,1,1,True,0.8424153152488009,0.7216457576886688,2502
calibration,0,4,1,False,0.7344404972090244,0.6398281950491922,6169
calibration,0,4,4,True,0.9745515680077946,0.8818354463907546,6643
calibration,0,8,8,True,0.9423908248580546,0.7768331594641485,9006
calibration,0,7,7,True,0.8474732200629495,0.7334280398156515,6413
calibration,0,1,5,False,0.6667045547583653,0.6108326485629358,60
calibration,0,5,5,True,0.9728725639394106,0.8262412712431615,5845
calibration,0,4,4,True,0.8207254618362282,0.7083598663522805,7852
calibration,0,1,1,True,0.7615836127345985,0.6689808505255196,1828
calibration,0,6,6,True,0.7090305590021965,0.6213661462263226,2322
calibration,0,5,4,False,0.5027467166759586,0.4736501186836531,8606
calibration,0,0,0,True,0.7336289501976048,0.6475540838694287,4651
calibration,0,4,4,True,0.800174333078174,0.7217036410267322,8495
calibration,0,7,7,True,0.9095526986958172,0.7809196267452464,7243
calibration,0,3,3,True,0.8199679868819814,0.6971622806246782,9778
calibration,0,3,3,True,0.8784554705690969,0.7571726861233397,3220
calibration,0,1,2,False,0.5579879941639828,0.46610773317203336,7858
calibration,0,2,2,True,0.8552135253091385,0.7516017304369695,8890
calibration,0,9,9,True,0.999,0.8564324377448951,282
calibration,0,6,6,True,0.8221211137578482,0.7003671686946215,2984
calibration,0,1,1,True,0.8807543550095727,0.7736143699505568,7342
calibration,0,4,4,True,0.7247578218025249,0.6081698329726604,5761
calibration,0,1,1,True,0.9716084897933497,0.8562772606014631,1172
calibration,0,4,4,True,0.8118234696844108,0.6954832014619219,4476
calibration,0,1,1,True,0.9340426919925201,0.8321182170755257,7093
calibration,0,6,5,False,0.6851488126913869,0.5895217392230875,9987
calibration,0,5,5,True,0.8989263492016645,0.7917255901525733,726
calibration,0,6,6,True,0.90368099417688,0.7867200925258061,4546
calibration,0,4,4,True,0.8138047728389826,0.7216120943874249,6979
calibration,0,2,2,True,0.9373525148609482,0.8139485754747585,1712
calibration,0,2,2,True,0.789281210880552,0.6526210810016043,3869
calibration,0,2,2,True,0.9122347376022034,0.8105753977467155,9156
calibration,0,4,4,True,0.8187835764666775,0.7092123815475179,2879
calibration,0,4,8,False,0.5918614795517783,0.5338725791661078,6871
calibration,0,6,4,False,0.559489482826941,0.504370989940277,1053
calibration,0,0,0,True,0.8539980779765276,0.7254324366598216,4230
calibration,0,2,1,False,0.5475121491857959,0.4620894187044206,3846
calibration,0,8,4,False,0.4455020141188395,0.40678381402999364,5047
calibration,0,9,9,True,0.8535350267967668,0.7344397921890415,3632
calibration,0,9,9,True,0.8067877156742022,0.7194981439124019,3257
calibration,0,3,3,True,0.8455977626887763,0.7301940794281994,343
calibration,0,1,1,True,0.8607203580934327,0.7670804999283836,6216
calibration,0,1,1,True,0.800691435738791,0.7040538100621544,7177
calibration,0,1,1,True,0.8396993139416264,0.7345039167246654,4944
calibration,0,9,5,False,0.5733410636365392,0.49485968011625286,2480
calibration,0,8,8,True,0.999,0.8687985522812303,9561
calibration,0,8,8,True,0.9347294928166547,0.8333771231932107,5802
calibration,0,7,7,True,0.871847528450524,0.754986090009679,6753
calibration,0,3,3,True,0.9437690341981356,0.8278271679420924,2483
calibration,0,4,1,False,0.630851336461329,0.5521508375171238,3361
calibration,0,8,8,True,0.6453856209732795,0.5660698586821961,9818
calibration,0,8,8,True,0.8180567150600074,0.7448164229397722,9754
calibration,0,5,5,True,0.7397148685118312,0.6677922388558475,8477
calibration,0,8,8,True,0.8310715580441337,0.7229989006414279,6775
calibration,0,3,3,True,0.8664525312475919,0.7557737333191737,2529
calibration,0,4,4,True,0.9236331598672489,0.7860507758161422,686
calibration,0,8,8,True,0.7589388812579829,0.6566386181439864,447
calibration,0,3,3,True,0.8819704548928057,0.7708628424098571,724
calibration,0,7,7,True,0.8511511754521786,0.7554907709257344,4695
calibration,0,4,4,True,0.8778007447946468,0.7761150510136681,568
calibration,0,2,2,True,0.808418243939712,0.679970326230665,8005
calibration,0,2,2,True,0.9606508111889696,0.8510928441241967,8711
calibration,0,6,6,True,0.8417193081256219,0.7286859383192276,88
calibration,0,4,4,True,0.9919345778803015,0.8384045640847055,6029
calibration,0,3,3,True,0.7867689077054221,0.7104812662982473,7508
calibration,0,7,7,True,0.9094261871964443,0.8172778390517368,2308
calibration,0,0,0,True,0.8452265215551577,0.7387174829686972,117
calibration,0,0,3,False,0.6455689918554921,0.577909515115273,2887
calibration,0,9,9,True,0.9005852272374038,0.7958464273266818,4267
calibration,0,6,6,True,0.8260661216648328,0.7450716464713529,3795
calibration,0,5,5,True,0.6370427730274137,0.5710477275819361,5138
calibration,0,0,0,True,0.6049705501460554,0.5026712020753756,4452
calibration,0,5,5,True,0.9517937728227239,0.8642208618787378,2554
calibration,0,4,4,True,0.9484206766303757,0.8424707129254202,5975
calibration,0,5,5,True,0.999,0.8539595158945447,2344
calibration,0,0,0,True,0.8485977401374258,0.7157155776696638,8819
calibration,0,5,5,True,0.7465892158401687,0.6596971020722251,8048
calibration,0,5,5,True,0.8164332925879199,0.7034030979323803,2000
calibration,0,2,2,True,0.850913961228905,0.7448767741245483,1217
calibration,0,0,2,False,0.4891959453553829,0.44568469037764075,3636
calibration,0,9,9,True,0.9818859778379093,0.8382742434022871,9080
calibration,0,7,1,False,0.6033610286911577,0.5055347145337973,7626
calibration,0,6,6,True,0.8882624560584141,0.7777394570070916,1468
calibration,0,7,7,True,0.8491309002641443,0.7260935081189832,2745
calibration,0,6,6,True,0.7464026417220454,0.6523641611783866,4943
calibration,0,1,1,True,0.973714711692484,0.8157909761993661,6926
calibration,0,4,4,True,0.8561045448679236,0.7376452086482423,552
calibration,0,8,8,True,0.8268668481271509,0.7321358587288782,4401
calibration,0,2,2,True,0.888493927093963,0.7823384881828045,3088
calibration,0,9,9,True,0.8031430776808651,0.68190445661127,3172
calibration,0,0,5,False,0.5305486496930227,0.44260106485270834,7940
calibration,0,3,3,True,0.7346026519323472,0.639727527937531,1884
calibration,0,3,3,True,0.9369669751401947,0.8226425848095535,6486
calibration,0,6,6,True,0.8416471167091462,0.7385035520066252,644
calibration,0,1,1,True,0.9427040688507209,0.8060552616358866,5417
calibration,0,2,9,False,0.703607795057479,0.6190231146485892,7903
calibration,0,6,6,True,0.8391040232972817,0.7582855292282094,7406
calibration,0,2,2,True,0.7530146057366434,0.6591653086223274,2014
calibration,0,8,8,True,0.9107805578414514,0.7565005154488613,6503
calibration,0,8,8,True,0.7799328036781527,0.6820068898884425,5153
calibration,0,3,3,True,0.8110862101440617,0.7453024180467046,9634
calibration,0,5,8,False,0.5597114042824365,0.4650068773777591,5697
calibration,0,3,3,True,0.8596979346951485,0.7463377377274567,8774
calibration,0,3,3,True,0.7135122447825792,0.6169586994045497,5292
calibration,0,6,6,True,0.8315355307609587,0.7237228603323161,984
calibration,0,2,2,True,0.9136184174914971,0.795460697930848,9104
calibration,0,1,7,False,0.4135626802244614,0.3893277179120507,2041
calibration,0,2,2,True,0.8320214596629343,0.7239139064415103,3925
calibration,0,9,9,True,0.8629924840674181,0.7740888026015463,1783
calibration,0,2,2,True,0.83992316539624,0.7265815774110744,4194
calibration,0,3,3,True,0.7675587598089916,0.6604222103581501,4616
calibration,0,6,6,True,0.8470923101066477,0.7216448039298784,7620
calibration,0,1,1,True,0.9295258536004717,0.7687552349779979,9879
calibration,0,2,3,False,0.6246853929131216,0.5514982122146702,230
calibration,0,1,1,True,0.8200414488411345,0.7531152372844011,3180
calibration,0,9,9,True,0.7394694940851938,0.6527137795181319,8102
calibration,0,9,9,True,0.9253105560392276,0.8152489197165771,7658
calibration,0,7,7,True,0.8426113434529696,0.7229590154347351,1779
calibration,0,2,2,True,0.7819840293115309,0.6747997570893278,3214
calibration,0,6,6,True,0.8573812480114542,0.7634668905764013,9191
calibration,0,6,6,True,0.7537119828083637,0.6958290581929055,9326
calibration,0,8,9,False,0.5506417748671932,0.5128044673530506,5121
calibration,0,1,1,True,0.7331893176118576,0.6543158125646394,3711
calibration,0,7,7,True,0.764657660995408,0.6656620234339069,6475
calibration,0,1,1,True,0.9585870067199844,0.8339933339973333,9450
calibration,0,5,5,True,0.7913505334973923,0.6725778070842183,8085
calibration,0,8,8,True,0.8872980098121183,0.7402399579142473,1203
calibration,0,0,0,True,0.7830958864035262,0.6580955362877985,9695
calibration,0,1,1,True,0.9107626996610575,0.7901442954023375,4780
calibration,0,8,8,True,0.7679134399254948,0.661886578708137,4058
calibration,0,0,9,False,0.4837533914674723,0.3968015486529578,3305
calibration,0,6,6,True,0.8542281047895158,0.7403474214900937,1540
calibration,0,5,5,True,0.999,0.8577813935106811,3634
calibration,0,3,3,True,0.9004340230384131,0.7569119424769696,662
calibration,0,8,8,True,0.8025676788536581,0.689778946813208,7446
calibration,0,8,8,True,0.9048039170920411,0.777664269513908,6888
calibration,0,3,3,True,0.999,0.8518172572015107,8109
calibration,0,0,0,True,0.7196291127612564,0.6452181491425867,9836
calibration,0,1,1,True,0.7826014365945019,0.6421531898634604,4853
calibration,0,1,1,True,0.8310481952709364,0.6816749861660765,7935
calibration,0,9,7,False,0.7121004406916303,0.6203510902768675,9550
calibration,0,5,5,True,0.82337946413361,0.7167950883014145,1419
calibration,0,6,6,True,0.7456614187525406,0.656896508660039,4297
calibration,0,2,2,True,0.962316484284001,0.8221895414758189,366
calibration,0,8,8,True,0.7361913121218704,0.6224041392017432,5030
calibration,0,7,7,True,0.8339829752302,0.7237392062917711,8147
calibration,0,7,7,True,0.9336664473408558,0.7997849175327675,9594
calibration,0,4,4,True,0.8475852114283318,0.7664688578071959,4770
calibration,0,6,6,True,0.7716484666477784,0.6644166516521078,4358
calibration,0,5,5,True,0.7421059474900834,0.6447263523322293,533
calibration,0,3,3,True,0.8316000643177774,0.7713684174620696,6735
calibration,0,5,5,True,0.7894376347319627,0.6821267849875545,2775
calibration,0,3,3,True,0.8664184873362382,0.7625788515397843,7606
calibration,0,9,9,True,0.7378839081820656,0.6551275106224829,8843
calibration,0,7,7,True,0.9150428589510098,0.8074144629827227,1188
calibration,0,7,7,True,0.8592439618531571,0.7511471128834086,1691
calibration,0,7,7,True,0.8651869115481982,0.7542856907041786,2744
calibration,0,4,4,True,0.9652861422592013,0.8374999067170634,4204
calibration,0,9,9,True,0.8149763601302507,0.6962100280660376,7545
calibration,0,2,2,True,0.7919346644213421,0.6946548408149261,6089
calibration,0,5,5,True,0.8061789097322501,0.7408249900209044,5467
calibration,0,0,8,False,0.5974360670116827,0.5470342951392014,703
calibration,0,2,2,True,0.8427228084166937,0.7373927475986823,7044
calibration,0,5,8,False,0.5401441327095321,0.4912391087652221,687
calibration,0,4,4,True,0.6881531797573552,0.5825466846191389,7202
calibration,0,9,9,True,0.8051256799296769,0.6941465848562309,8202
calibration,0,6,6,True,0.8787860533029511,0.7809251421911896,9623
calibration,0,4,4,True,0.8609006645002794,0.7765089086944014,9360
calibration,0,4,4,True,0.9459643575860661,0.8036523805062485,4375
calibration,0,6,1,False,0.6854242985318492,0.5879388875636087,3799
calibration,0,7,7,True,0.9107467017166775,0.8327622123367466,8880
calibration,0,2,2,True,0.9606016513926581,0.8334366286791388,5633
calibration,0,5,5,True,0.9113419433810496,0.8261078913278996,9042
calibration,0,5,5,True,0.9867919404741907,0.857910295748578,6583
calibration,0,0,0,True,0.9980682907433014,0.8682816527783149,5277
calibration,0,9,9,True,0.9260932136623141,0.796069413859769,649
calibration,0,5,5,True,0.9065104117139668,0.8043849527870763,4870
calibration,0,2,9,False,0.6311429373800064,0.5786270477790855,4046
calibration,0,6,9,False,0.5716962819129016,0.48024179502314895,3193
calibration,0,6,6,True,0.822973013491979,0.7074780504237735,1230
calibration,0,9,9,True,0.8997001288716044,0.7980466800283481,4192
calibration,0,0,7,False,0.5458345740601105,0.4763684151954074,4565
calibration,0,4,4,True,0.8347115032176072,0.714637068364302,9765
calibration,0,1,1,True,0.661586409185736,0.5975392908852636,8760
calibration,0,5,5,True,0.9878471915818008,0.8767391769387809,4363
calibration,0,5,2,False,0.5421657375138454,0.46684803507332584,1871
calibration,0,4,8,False,0.6479124217963086,0.5699728890866212,6016
calibration,0,9,9,True,0.9666229355769121,0.8124599993222906,3192
calibration,0,5,5,True,0.8740234749952943,0.7400103355364263,9680
calibration,0,4,4,True,0.9655474961674745,0.8381986763850209,1787
calibration,0,0,0,True,0.7506609750278906,0.6536899645253039,7555
calibration,0,2,6,False,0.6245523580995034,0.5265319825499651,7360
calibration,0,8,8,True,0.9369688158791012,0.7971040150027244,6670
calibration,0,4,4,True,0.8667361993989312,0.7304248820899804,7470
calibration,0,9,9,True,0.9640063466100356,0.8435065917567944,9159
calibration,0,5,5,True,0.7565092091208502,0.6186800438188846,4270
calibration,0,5,8,False,0.7058814467132795,0.5947676851150836,5036
calibration,0,4,4,True,0.9655400317121903,0.7984501959987154,2068
calibration,0,5,3,False,0.4891158618712731,0.43912889466774174,3662
calibration,0,0,0,True,0.8948366219967043,0.7395564576961047,5016
calibration,0,0,0,True,0.8925740927876122,0.7743225628401812,4243
calibration,0,4,4,True,0.999,0.8969404803149484,4249
calibration,0,5,5,True,0.7233635664222211,0.6633277110843059,2255
calibration,0,5,5,True,0.9787704845625307,0.8108367604945746,6247
calibration,0,4,4,True,0.8052423405480877,0.7054241814984937,8100
calibration,0,2,2,True,0.8142392432070515,0.6873239307983847,7115
calibration,0,7,7,True,0.7522396490432165,0.6305409809725289,3641
calibration,0,6,6,True,0.7629718370026459,0.6612566623644476,7233
calibration,0,0,0,True,0.8822817877963137,0.7895053427655292,8759
calibration,0,4,4,True,0.7610134468174915,0.6738546072792749,6515
calibration,0,7,7,True,0.9092227466922332,0.7735365161187406,6236
calibration,0,7,7,True,0.7969627162424197,0.7065189887542568,9385
calibration,0,2,2,True,0.7529572955321082,0.6101395345646584,362
calibration,0,9,9,True,0.8077752682912084,0.6865500620788623,2678
calibration,0,6,6,True,0.8769365753405044,0.7439182581454037,6950
calibration,0,4,3,False,0.5839378859879231,0.5129136169245132,9531
calibration,0,6,6,True,0.8527368094666239,0.7357697287734303,2003
calibration,0,8,8,True,0.9056965969468866,0.782012685532456,823
calibration,0,2,1,False,0.48032998824154843,0.4197860994031934,3240
calibration,0,1,1,True,0.8251923753128455,0.7168616638357004,1532
calibration,0,4,1,False,0.5101559533245917,0.4594351796650675,3700
calibration,0,0,0,True,0.8560875583138012,0.7456610450887787,8341
calibration,0,8,2,False,0.5130591555145328,0.44541324585526176,1650
calibration,0,9,7,False,0.6562299844726136,0.5808304523978172,9366
calibration,0,6,9,False,0.697016147340598,0.6239861961125636,5831
calibration,0,9,9,True,0.7924650483229647,0.6774747732600674,1134
calibration,0,0,0,True,0.8333742249023699,0.7221800365535609,9210
calibration,0,6,5,False,0.46358461412363094,0.432285053266018,2834
calibration,0,4,4,True,0.906563258007752,0.763523555761242,6058
calibration,0,2,2,True,0.7215893438833265,0.6644449862259464,4257
calibration,0,3,6,False,0.6392026611059912,0.531539162445301,3285
calibration,0,5,5,True,0.823288895079083,0.7078882685931258,6549
calibration,0,6,6,True,0.8359477756688114,0.7065518093809695,4837
calibration,0,1,1,True,0.7336284901713517,0.6823427565830364,5269
calibration,0,6,6,True,0.8014600925881948,0.6861740781230227,105
calibration,0,9,9,True,0.8179164946064729,0.7002121972849313,4740
calibration,0,0,0,True,0.8185361642382283,0.7033407648036957,4495
calibration,0,8,8,True,0.8621505186631433,0.7497399970215508,3404
calibration,0,6,0,False,0.32498515079948515,0.2846685426014721,7138
calibration,0,3,3,True,0.9682269040006619,0.8353351323081146,9810
calibration,0,7,7,True,0.8890563711786857,0.7001137164414081,3427
calibration,0,6,6,True,0.7854309183486943,0.6837594773164267,2027
calibration,0,7,8,False,0.739282184931697,0.6437459896216753,4199
calibration,0,0,1,False,0.6016762457261947,0.5471961848155134,1890
calibration,0,0,0,True,0.9471777179598224,0.8462822792314371,6784
calibration,0,6,6,True,0.801969405686692,0.6929198336058522,9790
calibration,0,3,3,True,0.9113870958176459,0.806003613078478,9141
calibration,0,2,2,True,0.8533483580625982,0.7183147287443123,49
calibration,0,4,4,True,0.9693253213159012,0.8542733699724381,2342
calibration,0,7,7,True,0.9532713162111526,0.8138311027967882,8183
calibration,0,1,1,True,0.865758344367408,0.7272006433496957,5941
calibration,0,9,9,True,0.8290173903187151,0.7159530082068268,5928
calibration,0,4,4,True,0.8905284727743564,0.7999586508021586,8362
calibration,0,1,5,False,0.8069371151628888,0.7045166586230724,9209
calibration,0,0,0,True,0.9844245684782668,0.8816906461600944,1022
calibration,0,8,8,True,0.8562776062541609,0.7278613110397207,5136
calibration,0,1,1,True,0.817548589398973,0.7308733230800869,6289
calibration,0,4,9,False,0.7191671435624638,0.6132488712833554,4227
calibration,0,6,6,True,0.7529571531841034,0.659520153636272,6307
calibration,0,5,5,True,0.8945247302474658,0.7796796772835343,427
calibration,0,2,2,True,0.7843991037888398,0.6949690728989973,2450
calibration,0,1,1,True,0.9378518601750198,0.8171888935469933,3995
calibration,0,7,8,False,0.577349475402021,0.49096336333528146,8266
calibration,0,4,4,True,0.86017931591786,0.7637585575720323,1069
calibration,0,0,0,True,0.9420179006797963,0.8503483474643347,1339
calibration,0,1,1,True,0.6778202348301091,0.5794711311604703,8866
calibration,0,5,5,True,0.999,0.8274453584710993,8727
calibration,0,1,1,True,0.8159771842241512,0.7185669979576044,8474
calibration,0,3,3,True,0.8612876305729711,0.7404708781059824,9025
calibration,0,1,1,True,0.8957159380413074,0.7737364902160054,396
calibration,0,7,7,True,0.9080903244892442,0.7980003309304778,7315
calibration,0,6,4,False,0.4502653251279732,0.3885976777622653,1575
calibration,0,7,9,False,0.6590643079996874,0.5698276223728609,4361
calibration,0,0,9,False,0.6629397945523383,0.5764964350307559,7389
calibration,0,3,3,True,0.9908704912025843,0.886634996281897,2671
calibration,0,2,2,True,0.8917862034283678,0.7736196649963842,7914
calibration,0,6,6,True,0.999,0.8394365283837008,4174
calibration,0,8,1,False,0.5611523174381786,0.4680619001996295,2897
calibration,0,2,2,True,0.705539989938539,0.6174935898809502,1411
calibration,0,7,7,True,0.999,0.8415614399861804,5835
calibration,0,5,5,True,0.8040524713218224,0.6671985308850659,6983
calibration,0,8,8,True,0.9696435212161388,0.8519077128523982,8523
calibration,0,0,4,False,0.7027604361401174,0.6260363387764727,2187
calibration,0,9,9,True,0.9348872206082064,0.8022914068390984,4020
calibration,0,4,4,True,0.7949216871307364,0.6965566198841602,851
calibration,0,2,2,True,0.900059563447167,0.7838130618140019,2151
calibration,0,1,1,True,0.8297447563684476,0.7323314306325621,9850
calibration,0,9,9,True,0.976320248927191,0.8569672096669084,8664
calibration,0,8,0,False,0.5951428511200729,0.46875565170151745,2157
calibration,0,1,1,True,0.9248754113041253,0.7963341204388587,9903
calibration,0,4,4,True,0.6768738502821543,0.6007008565033938,3377
calibration,0,7,7,True,0.8431541856169099,0.7234719259535931,9142
calibration,0,5,5,True,0.8828441308046636,0.7661415639691606,4383
calibration,0,1,1,True,0.8678891925151766,0.7677198132714617,5414
calibration,0,3,3,True,0.926892577097428,0.804477195197857,3198
calibration,0,3,1,False,0.5975805111768645,0.5531018228450322,5202
calibration,0,2,2,True,0.8539029684027705,0.7633572481879773,7147
calibration,0,9,9,True,0.9444981411531993,0.8154521369207907,1164
calibration,0,2,2,True,0.6677048797243714,0.5785882243512201,4969
calibration,0,7,7,True,0.8971480401310673,0.7205693520073799,1325
calibration,0,9,9,True,0.8232892139205157,0.7082657878946278,1261
calibration,0,7,4,False,0.5187253038954258,0.42885113045690143,5120
calibration,0,7,7,True,0.8769235379420783,0.7648095980907791,228
calibration,0,1,2,False,0.5420094172688072,0.4787654189008862,6628
calibration,0,1,1,True,0.9331315065187344,0.8220788956614598,7072
calibration,0,7,7,True,0.8391909575274696,0.756245723337313,698
calibration,0,7,7,True,0.9200592771008759,0.7965249969423052,4362
calibration,0,7,7,True,0.9194454318756675,0.8421369433327813,4180
calibration,0,4,5,False,0.4523823226688132,0.40417400317288926,1187
calibration,0,5,5,True,0.7945535558409433,0.6641661945904691,4161
calibration,0,0,0,True,0.7991812775102136,0.6830626483814791,1807
calibration,0,2,2,True,0.9170282679094509,0.7870190937168767,8897
calibration,0,5,1,False,0.6621550760459876,0.5896743576621569,6986
calibration,0,1,1,True,0.7663054224215529,0.6474146110537339,1819
calibration,0,1,1,True,0.71521097315927,0.6169698095291914,6121
calibration,0,0,0,True,0.9165465161677103,0.790843733126632,7986
calibration,0,2,0,False,0.5402762335673661,0.4652723823791503,8348
calibration,0,9,9,True,0.8764310204524786,0.7761946750182012,2916
calibration,0,6,6,True,0.9491765525655299,0.8346264974500075,7856
calibration,0,9,0,False,0.46778661019167,0.43594996136499864,6352
calibration,0,2,2,True,0.8463890095589723,0.7278101545029025,7685
calibration,0,5,5,True,0.8363444683024904,0.7499433494100749,5635
calibration,0,8,8,True,0.8803794300502368,0.7360425738231603,2303
calibration,0,3,3,True,0.9491327998736347,0.7939951938727924,3857
calibration,0,6,6,True,0.7436438548270073,0.6228212428811319,6767
calibration,0,6,6,True,0.8955838358964613,0.7764304943646338,1257
calibration,0,8,8,True,0.9325219019994961,0.8316911790311269,9484
calibration,0,9,9,True,0.8350898348834573,0.7127835180381462,6192
calibration,0,6,6,True,0.83900424056855,0.7186197363839788,169
calibration,0,5,5,True,0.8834759495187937,0.7616341979847878,8022
calibration,0,8,0,False,0.4589389899289073,0.41655470390732435,2458
calibration,0,6,6,True,0.8965882085893698,0.7675474712338729,4200
calibration,0,3,3,True,0.8949024421120974,0.7649987366369527,4408
calibration,0,6,6,True,0.7714422155507479,0.6438179779509818,4625
calibration,0,5,5,True,0.9292213198163954,0.7934036996203937,9391
calibration,0,2,2,True,0.943342652975219,0.8403904900876428,9079
calibration,0,5,5,True,0.8648866314952238,0.7519721569405098,1426
calibration,0,6,1,False,0.49018976469106734,0.416864209782449,3063
calibration,0,9,9,True,0.8408203435199927,0.7544201714465725,8404
calibration,0,5,5,True,0.8655524701552455,0.7390153295907549,5905
calibration,0,1,1,True,0.7584319809770546,0.6880662954201457,3587
calibration,0,9,9,True,0.8211889549138389,0.7410827512347651,2807
calibration,0,5,5,True,0.7372504489953167,0.6427831141735125,7129
calibration,0,2,2,True,0.8985833779989155,0.7488248807516444,8823
calibration,0,7,8,False,0.7115402663096946,0.6655992386701556,8418
calibration,0,3,3,True,0.7183373468148604,0.6333322659179222,8828
calibration,0,3,3,True,0.8781171889265584,0.7549218700931628,6789
calibration,0,8,8,True,0.8454792842087767,0.7527799498729614,3983
calibration,0,8,8,True,0.8913131426203523,0.7866622269677264,1207
calibration,0,5,8,False,0.6014673167169103,0.5524659862071026,8220
calibration,0,3,3,True,0.785881647940558,0.6697524449758764,4226
calibration,0,8,8,True,0.7883324298833754,0.691452033656357,4761
calibration,0,1,1,True,0.8069463826761276,0.6771870206698096,7098
calibration,0,7,7,True,0.8515060077264838,0.752106794482336,5315
calibration,0,5,5,True,0.8618366772339834,0.7471022682563422,4082
calibration,0,8,8,True,0.8347424097753517,0.7301512334187853,820
calibration,0,4,4,True,0.8161344360802785,0.7057872761914272,6495
calibration,0,8,8,True,0.8218877385595614,0.70858480136386,8960
calibration,0,0,0,True,0.999,0.8467853765197056,8596
calibration,0,7,7,True,0.7883419878801433,0.7008992939918065,2153
calibration,0,0,0,True,0.8053622393163046,0.7293519841536877,5784
calibration,0,6,6,True,0.999,0.8530166328217983,1893
calibration,0,1,1,True,0.8836810641968442,0.7771997146667395,42
calibration,0,9,9,True,0.7396015467277043,0.6523049872117535,5853
calibration,0,7,8,False,0.6528616721554583,0.5700943775591167,2648
calibration,0,1,1,True,0.7771968888639081,0.6450854408670276,8645
calibration,0,8,8,True,0.9227249206244077,0.7732842355085346,9524
calibration,0,2,2,True,0.8331230176503455,0.7075349259797622,2008
calibration,0,5,5,True,0.8148163320408474,0.6648137877632816,8864
calibration,0,0,5,False,0.6599174156779989,0.6040904179244113,2225
calibration,0,1,1,True,0.8953121082127395,0.7833693565644229,1594
calibration,0,2,2,True,0.9278391549959366,0.8030640607785636,2686
calibration,0,5,2,False,0.727776636359166,0.5898054245199346,6072
calibration,0,5,9,False,0.4572166367086684,0.36715672410196015,9337
calibration,0,8,1,False,0.7644036315364886,0.6646962590422761,8622
calibration,0,1,1,True,0.9467372314147569,0.8591364460122229,3838
calibration,0,7,7,True,0.8607790434814042,0.732689303041732,4641
calibration,0,0,0,True,0.9941314083477205,0.8772876573838112,3878
calibration,0,2,2,True,0.9180389762561527,0.7857350816642307,2586
calibration,0,1,1,True,0.866958603981729,0.7530195985702469,4018
calibration,0,1,1,True,0.8701189224814254,0.7788947610870702,9029
calibration,0,5,5,True,0.86097897031741,0.7399130921664676,6603
calibration,0,9,9,True,0.7499008971524006,0.6386136644184979,9804
calibration,0,6,6,True,0.8427942243353116,0.7597365017675101,9442
calibration,0,8,8,True,0.8676949188272933,0.7534518374254713,1895
calibration,0,5,5,True,0.8167131902986777,0.7310303135655993,7745
calibration,0,0,0,True,0.8770141614963756,0.7467570594042254,7332
calibration,0,3,3,True,0.8517045992284089,0.7670823935233672,6601
calibration,0,8,8,True,0.9118953512879014,0.7955835940854085,6858
calibration,0,0,0,True,0.9030489904852584,0.7912873944367629,4449
calibration,0,0,0,True,0.8633722630067873,0.7514990097843527,6303
calibration,0,8,8,True,0.7406229686958401,0.6344200237515341,3504
calibration,0,0,0,True,0.9932578190944936,0.8592354900204201,3835
calibration,0,9,9,True,0.8386487201143085,0.7189996073373749,8309
calibration,0,7,7,True,0.8435290837043894,0.7511906424016267,5468
calibration,0,6,6,True,0.822598332104049,0.7101474389470684,1271
calibration,0,5,9,False,0.665872028701709,0.5510610798405747,6297
calibration,0,0,0,True,0.9735246438400419,0.80890747256425,5003
calibration,0,4,4,True,0.9608835456308864,0.797216650739845,3419
calibration,0,8,3,False,0.7729712790749236,0.6843850023647639,3249
calibration,0,9,1,False,0.5388404191620881,0.44998427006030606,1012
calibration,0,4,4,True,0.8995294388011003,0.7856017384977065,6309
calibration,0,8,8,True,0.8559037585415498,0.7452496851101456,2596
calibration,0,7,9,False,0.49314179273176306,0.4328763519238031,4014
calibration,0,0,0,True,0.8770484737205064,0.7692593067300778,2188
calibration,0,6,6,True,0.8147073802443644,0.7106673439495202,6259
calibration,0,6,6,True,0.8701811411202746,0.7004593750966144,8772
calibration,0,5,5,True,0.8663376740497308,0.7449145181253014,8198
calibration,0,7,7,True,0.8982348817006339,0.7870017121268075,2693
calibration,0,8,8,True,0.8004690434019512,0.7282043431067585,1747
calibration,0,5,5,True,0.9068109082301232,0.8195184243272547,8779
calibration,0,3,3,True,0.7774950805639596,0.6486078082076605,5949
calibration,0,9,9,True,0.8041946678703009,0.6915709617035003,8113
calibration,0,9,1,False,0.6139834095014981,0.5055636018021135,1958
calibration,0,6,6,True,0.7642358582101058,0.6949981809807916,1599
calibration,0,6,5,False,0.8656809491469999,0.7710859309379209,3803
calibration,0,1,8,False,0.45906667545346835,0.41221843187271157,4832
calibration,0,4,4,True,0.7940866930074663,0.6932955862815504,8354
calibration,0,1,1,True,0.9504326168389313,0.8504803463200811,9044
calibration,0,5,5,True,0.804353383851708,0.7229268801691545,4242
calibration,0,8,0,False,0.46798653500225007,0.435949448685035,1541
calibration,0,2,2,True,0.7690376799266772,0.6778156251333208,2031
calibration,0,9,9,True,0.9166360966098147,0.7871561161280592,798
calibration,0,1,4,False,0.6333602304674548,0.5686986925376878,6431
calibration,0,0,0,True,0.9091156723298757,0.8040691595854966,6338
calibration,0,9,3,False,0.7215829359747088,0.6245327461866633,3104
calibration,0,1,1,True,0.8558871288815582,0.7354790811726396,7284
calibration,0,7,7,True,0.8080498666449613,0.7245086520393813,4524
calibration,0,7,7,True,0.7848024554667183,0.7153644093221028,7100
calibration,0,3,3,True,0.9531924421409336,0.8102256602014981,1556
calibration,0,0,0,True,0.9111843417381271,0.7842391569684486,9440
calibration,0,3,5,False,0.5813617574039484,0.51617615532245,15
calibration,0,0,0,True,0.8531865414578508,0.7499405401941454,3127
calibration,0,6,6,True,0.8259907925611989,0.7066448464921932,4251
calibration,0,8,6,False,0.4303431304424392,0.4184620734829542,6682
calibration,0,9,9,True,0.8642121101297042,0.758022198921152,6414
calibration,0,8,8,True,0.8167605868608643,0.7198741670011457,9988
calibration,0,7,6,False,0.5150358964864115,0.48795819364368487,5937
calibration,0,8,8,True,0.7316693956686591,0.6279377538134684,6474
calibration,0,7,7,True,0.7248957199835463,0.6293927244571688,7987
calibration,0,6,6,True,0.8202859097844288,0.6871765787363319,3856
calibration,0,9,9,True,0.8431924023660067,0.7282665325660341,5326
calibration,0,3,3,True,0.7799759351870147,0.6482009944302553,3610
calibration,0,4,4,True,0.9020591542125782,0.7967072681645548,6424
calibration,0,9,9,True,0.844756276657363,0.7414427701601584,8741
calibration,0,3,3,True,0.896150824847892,0.7711868149799374,2557
calibration,0,2,2,True,0.8353671367849833,0.7230535921108788,3492
calibration,0,1,1,True,0.7870305891834315,0.6992053291096966,4593
calibration,0,2,2,True,0.8591294056910891,0.7225440730996278,7339
calibration,0,5,5,True,0.7489860390385342,0.6557214905318046,1765
calibration,0,8,8,True,0.8931550816509318,0.7881720155324669,9197
calibration,0,1,4,False,0.6214859888894791,0.5076176090079124,5595
calibration,0,6,6,True,0.9234586021226758,0.8136385719183148,3823
calibration,0,7,7,True,0.8229235403006468,0.6810037599903185,4154
calibration,0,8,8,True,0.9350026813047934,0.8074003894320436,619
calibration,0,7,7,True,0.7601901449129348,0.6378938010940901,1197
calibration,0,1,2,False,0.6203999461110714,0.570964885780211,2544
calibration,0,4,4,True,0.8804747957478857,0.7402611553026558,6633
calibration,0,9,9,True,0.9436397674741404,0.7840900045137117,7143
calibration,0,9,9,True,0.9833287126651937,0.853496448597341,6335
calibration,0,6,6,True,0.8533092930944698,0.7320388395298828,1611
calibration,0,9,9,True,0.9970196504629405,0.8323745983202208,3393
calibration,0,6,9,False,0.7641930175853697,0.6750803689306613,721
calibration,0,0,0,True,0.9379014097890378,0.7723862170716885,1045
calibration,0,9,9,True,0.7746255202432556,0.6527068727551048,6083
calibration,0,1,1,True,0.8836160405490603,0.7545692690582856,9173
calibration,0,3,3,True,0.6626645567314844,0.5943093210648644,9746
calibration,0,2,2,True,0.7602727190677501,0.6871411785478506,9406
calibration,0,7,7,True,0.8873341438464611,0.7912896672160434,7919
calibration,0,0,0,True,0.7450048918239581,0.6451886822411198,2669
calibration,0,6,6,True,0.8841559688631347,0.7179864086377614,5103
calibration,0,8,4,False,0.7100857973381289,0.6263899881617807,2266
calibration,0,7,7,True,0.8098943845825377,0.7328217016796493,8931
calibration,0,3,1,False,0.63743182273701,0.5814928574827299,912
calibration,0,8,8,True,0.8120650707316208,0.7145142903167521,6516
calibration,0,3,3,True,0.7727350144652652,0.6480347070087064,6353
noise,1,1,1,True,0.999,0.8316446169677778,5256
noise,1,7,8,False,0.3462614885097045,0.31317983901375335,5236
noise,1,3,3,True,0.8260196013630038,0.6948350892545522,1180
noise,1,1,1,True,0.733561548077571,0.6383850408398678,4903
noise,1,3,3,True,0.8716058733143893,0.7586336827042283,9677
noise,1,6,6,True,0.8508217938130739,0.7418595167574555,9901
noise,1,2,2,True,0.8513882043724067,0.7205975455757037,1130
noise,1,3,3,True,0.807191299740277,0.7190862524288594,3455
noise,1,3,3,True,0.8727352076613416,0.7550402217828188,1859
noise,1,5,5,True,0.8917348157307786,0.781796106974585,2854
noise,1,7,7,True,0.8126479135479435,0.681821934236812,2349
noise,1,6,6,True,0.7808310112799741,0.6751398084520582,9953
noise,1,1,4,False,0.5469315750941125,0.5018377284953981,1756
noise,1,3,3,True,0.7176699754752205,0.6444230317901114,5947
noise,1,6,4,False,0.5214493601810278,0.44228610249538575,7664
noise,1,2,2,True,0.7857359725692078,0.6719644128723297,9459
noise,1,0,3,False,0.7026335702215676,0.592464800087056,239
noise,1,3,1,False,0.69860829917212,0.5956887959310844,3805
noise,1,6,6,True,0.7129668890027341,0.5930405048381934,870
noise,1,6,0,False,0.5161532562661111,0.4509667503780249,1188
noise,1,1,1,True,0.7729376323456182,0.6846597554574323,405
noise,1,6,7,False,0.4742418998724394,0.40240455761555194,2227
noise,1,1,1,True,0.7625077378861566,0.6613194515500095,3284
noise,1,7,7,True,0.7846103162215721,0.6775088006357091,9329
noise,1,5,5,True,0.7852297894087668,0.7035476956294161,3838
noise,1,1,6,False,0.6430165508485393,0.54933223148517,3147
noise,1,3,6,False,0.6900503113617893,0.5900384425045039,1399
noise,1,8,8,True,0.876517913948448,0.7431198042903335,8258
noise,1,4,7,False,0.6438348004249328,0.539509389959623,5936
noise,1,6,1,False,0.6601519677234781,0.5867128723938957,4436
noise,1,7,7,True,0.7524880422492627,0.6519126199852637,2771
noise,1,0,0,True,0.8235033189381189,0.7160740182938671,4121
noise,1,9,9,True,0.6736565762784792,0.6131009129606153,9464
noise,1,3,3,True,0.7500171727005116,0.6791562113139923,5934
noise,1,7,7,True,0.7818112212808195,0.6466148519320005,4699
noise,1,4,2,False,0.5219163881260385,0.4715856233690441,1323
noise,1,5,5,True,0.8165747973436338,0.7136015162563125,6308
noise,1,3,9,False,0.43982612567279733,0.379620386838959,1660
noise,1,8,8,True,0.7510018625023471,0.6599052568675539,9318
noise,1,1,1,True,0.8608841082128552,0.7122238272765112,615
noise,1,8,8,True,0.6939380107261546,0.6341001559727594,3831
noise,1,2,2,True,0.7837084585302102,0.6914510716921168,2837
noise,1,8,8,True,0.7892703637978978,0.66857585433156,1217
noise,1,0,0,True,0.7591373552063387,0.6485585474889975,5836
noise,1,0,0,True,0.999,0.8300870704890512,8936
noise,1,0,3,False,0.38707692200553057,0.33773623870797587,2764
noise,1,5,5,True,0.8259812127494237,0.7074293912921985,8019
noise,1,2,2,True,0.7286959103824572,0.6078893160826134,1666
noise,1,5,5,True,0.8322198393599523,0.737920908130155,520
noise,1,8,8,True,0.8596630077481547,0.771249500379821,1267
noise,1,0,7,False,0.7436018212171152,0.6465143382336583,707
noise,1,5,5,True,0.7856238547825173,0.6766673389082124,6277
noise,1,7,4,False,0.6073173672156357,0.5399194541759262,3535
noise,1,4,7,False,0.5484233705726058,0.48076708573681404,6744
noise,1,9,9,True,0.8729436346000164,0.7353585050853902,8167
noise,1,6,6,True,0.7456799243293081,0.6357743759481665,8391
noise,1,0,0,True,0.5969110137193543,0.5164456415264905,894
noise,1,5,3,False,0.5616928685416985,0.4974026701499777,4063
noise,1,3,3,True,0.7258323741549915,0.6321442523892721,8194
noise,1,1,1,True,0.7702901565001574,0.6739540206248761,4944
noise,1,9,9,True,0.9212725204395451,0.7675850827079349,5166
noise,1,2,2,True,0.7786606324649887,0.6901658924769389,5466
noise,1,0,0,True,0.7769330718238509,0.6754614287304435,2920
noise,1,2,2,True,0.6917461564359573,0.6540384140535668,4179
noise,1,8,8,True,0.6592133040297946,0.5675786210217971,1025
noise,1,5,3,False,0.45423776518393677,0.4075712703085337,4669
noise,1,8,8,True,0.8190247819259915,0.7677554478812628,4294
noise,1,4,4,True,0.8144420326568618,0.7111575603483961,3219
noise,1,1,1,True,0.7514991135624627,0.652421635742573,4000
noise,1,3,9,False,0.5430131029251634,0.45682269959137584,7839
noise,1,1,1,True,0.6430232003737626,0.592135047661878,1993
noise,1,5,8,False,0.6533030818721643,0.5471255878678083,2872
noise,1,2,2,True,0.8029124675816036,0.7060180157813255,8923
noise,1,9,3,False,0.6513208100588848,0.5591515821238844,9051
noise,1,3,3,True,0.7905983717143237,0.6832218907056147,9815
noise,1,3,7,False,0.45275640225109975,0.3713642965412336,1779
noise,1,9,9,True,0.7859421492728944,0.7099133713166382,3752
noise,1,5,7,False,0.6256308976955517,0.5412303169228534,1303
noise,1,1,4,False,0.494334101860761,0.4108821934037862,4078
noise,1,4,4,True,0.7921513649380149,0.7133824721381145,4067
noise,1,2,2,True,0.6892042639157885,0.5907408880676741,7337
noise,1,7,7,True,0.6591405369444784,0.581961602237421,1516
noise,1,5,5,True,0.8110326562106412,0.7212060854217324,1273
noise,1,7,7,True,0.900649163285539,0.7900324754041945,1798
noise,1,9,1,False,0.598175830302096,0.4795167447468009,7477
noise,1,7,7,True,0.8550637883136165,0.7557113540861298,8121
noise,1,3,3,True,0.871024732336288,0.7533587472325421,5621
noise,1,2,4,False,0.4657698882366142,0.40432383106505543,4922
noise,1,5,5,True,0.7248406809710872,0.6289330798459196,9701
noise,1,4,4,True,0.8056246468036451,0.6675802939042768,4715
noise,1,3,3,True,0.8865658310080384,0.7724243746500687,779
noise,1,8,8,True,0.832391243967993,0.6952447298986079,6152
noise,1,9,9,True,0.8498596274262924,0.7316638891212159,1696
noise,1,3,3,True,0.7529963006646538,0.65817214419572,5219
noise,1,6,6,True,0.7738116992203613,0.6942206860970593,1435
noise,1,9,9,True,0.7805018151279706,0.6620342796615807,9715
noise,1,0,0,True,0.7858929597970562,0.7120407632644176,6732
noise,1,3,3,True,0.8834366652809886,0.7848582305591433,9830
noise,1,7,7,True,0.6022261017329466,0.5183039916231938,8937
noise,1,4,4,True,0.792443064366547,0.6664016193835128,3367
noise,1,7,7,True,0.7836402899444116,0.6522179228081414,9262
noise,1,4,4,True,0.680279908684468,0.5986729994124605,3577
noise,1,0,0,True,0.8437413773269972,0.7174344877371314,7156
noise,1,4,4,True,0.732039984644406,0.6612211230533794,172
noise,1,4,1,False,0.48376789280113075,0.4126122322843957,843
noise,1,8,8,True,0.9379025526203234,0.7942037501262355,5559
noise,1,1,1,True,0.8707978919631244,0.7598507351935421,6429
noise,1,1,1,True,0.8359589551316092,0.7118441747186793,1674
noise,1,1,1,True,0.8204621547715523,0.7125638314231956,7624
noise,1,5,5,True,0.7768255982043725,0.695021545074887,746
noise,1,9,1,False,0.6163309175502493,0.5412258665510863,5059
noise,1,6,6,True,0.854173410515219,0.7434666881519906,9485
noise,1,8,8,True,0.7300360068827797,0.639633540028531,2287
noise,1,8,8,True,0.6779918177425877,0.5574310652754917,6723
noise,1,6,6,True,0.8353470401591415,0.7328817391338801,1299
noise,1,6,6,True,0.7855304696097244,0.6858995307027836,9978
noise,1,2,2,True,0.6756849466443066,0.607190151187329,7013
noise,1,9,4,False,0.45361867808196704,0.4126920923924144,823
noise,1,7,7,True,0.7684778271750783,0.6641671804667063,2457
noise,1,8,8,True,0.8324531940421975,0.7432330727660817,7245
noise,1,9,3,False,0.4439255886842448,0.3864841364293537,3622
noise,1,3,4,False,0.75031395333905,0.6577100024197466,6634
noise,1,1,9,False,0.6466812026266753,0.5584560336230868,6854
noise,1,8,8,True,0.750167593389208,0.6618776104792911,6359
noise,1,4,4,True,0.7553694501455223,0.6495342369709387,4818
noise,1,9,8,False,0.50892105170278,0.48053392612619433,4392
noise,1,6,6,True,0.8804779542245016,0.803753515835339,3713
noise,1,2,8,False,0.5706577537664567,0.5175378557852083,8939
noise,1,3,3,True,0.8997954544451401,0.8106520692666497,9090
noise,1,6,3,False,0.7820938515658836,0.6489954842138201,1357
noise,1,3,3,True,0.730902469051644,0.6078395438283976,5212
noise,1,2,2,True,0.5563203748242452,0.48144110726798417,3611
noise,1,2,2,True,0.8735607634617018,0.758351268247624,6219
noise,1,6,6,True,0.7626422482111886,0.659281762617517,4184
noise,1,0,0,True,0.7207050869494406,0.5947566189143654,3024
noise,1,0,3,False,0.49762765326350744,0.46101533940045425,5298
noise,1,0,0,True,0.7568148942907176,0.7013766248142487,7214
noise,1,7,7,True,0.8937754472554991,0.8003288837506267,6056
noise,1,0,0,True,0.8027928991454011,0.7190844296493203,9267
noise,1,4,2,False,0.47521974416168816,0.423459174640347,3323
noise,1,1,1,True,0.8295376095422796,0.7032470206963949,3731
noise,1,5,5,True,0.7652615420839611,0.6669228718240863,2312
noise,1,0,8,False,0.4942754794858908,0.47724591829983726,7831
noise,1,0,0,True,0.834928700059968,0.7176496328008316,3114
noise,1,4,4,True,0.8556340503466167,0.7331897978381454,9838
noise,1,6,0,False,0.533501901900952,0.49062268979788753,3128
noise,1,1,1,True,0.7690769190899405,0.6921891022413613,7928
noise,1,4,1,False,0.4860659887458373,0.4111980543184656,6421
noise,1,8,7,False,0.5630368019139721,0.4883515893621278,1056
noise,1,6,6,True,0.7592827979250509,0.6503522683182646,4330
noise,1,7,7,True,0.6992047972957786,0.6107178652826335,9154
noise,1,3,3,True,0.7254983146638301,0.6537473008832854,5174
noise,1,9,9,True,0.7707171645961611,0.6540290394841751,539
noise,1,1,1,True,0.842976571137624,0.7533233817117191,4013
noise,1,6,6,True,0.890718199645768,0.774143494677329,3522
noise,1,4,4,True,0.6815162233012303,0.6408126325323312,9043
noise,1,0,6,False,0.5417878432508402,0.48189628445063165,5799
noise,1,9,9,True,0.7613710002349398,0.6602269788071135,3652
noise,1,7,9,False,0.6221937798245667,0.5553590073932015,7373
noise,1,2,5,False,0.6023085733515849,0.520219362591103,8077
noise,1,0,2,False,0.5278824528623947,0.4277946224659989,7189
noise,1,6,9,False,0.6186862239842261,0.5360728669011703,9747
noise,1,5,4,False,0.6660872505083502,0.5760482907507132,6747
noise,1,0,0,True,0.7770880740322755,0.6436785137164379,1372
noise,1,9,9,True,0.7376763972016323,0.6405642338254977,2913
noise,1,7,9,False,0.45661513074939925,0.3617806566448014,7158
noise,1,4,4,True,0.880159640154501,0.7561819574282163,5142
noise,1,2,1,False,0.47187823764078174,0.42096842183555794,1431
noise,1,2,5,False,0.5657075198674929,0.4977913154301336,9483
noise,1,4,4,True,0.8901801957972496,0.7634317769699258,5671
noise,1,0,0,True,0.7960619862415085,0.6899420802663208,5592
noise,1,3,3,True,0.8435803277369534,0.7163619898268537,8838
noise,1,2,2,True,0.8221401528004548,0.7140354602688374,4819
noise,1,1,1,True,0.787173235816484,0.6852589785758468,215
noise,1,1,6,False,0.5833904153059604,0.4928768534520361,3237
noise,1,3,3,True,0.8565246417987054,0.7483999295390815,429
noise,1,3,3,True,0.8829869254248923,0.7707679397127675,1022
noise,1,3,8,False,0.5453205432448897,0.47519826348653477,1996
noise,1,6,6,True,0.6951622693081853,0.6543088696376937,9402
noise,1,5,7,False,0.45514710857300716,0.39906099455336996,1162
noise,1,1,1,True,0.7613651796641883,0.6565757178070997,1869
noise,1,9,1,False,0.5867678377307107,0.5053047998869494,4156
noise,1,7,7,True,0.7764537842585221,0.6555669321582157,648
noise,1,4,4,True,0.8564902748198985,0.7567346807937817,8196
noise,1,0,0,True,0.8332371347222449,0.7095266251535192,7975
noise,1,9,9,True,0.7695690870516585,0.6577747610539546,4389
noise,1,7,7,True,0.8570132693502379,0.7326964477569302,7681
noise,1,4,7,False,0.5052278104823753,0.4247447685930488,2507
noise,1,1,2,False,0.7064942851172679,0.5804984756987832,7507
noise,1,1,1,True,0.7333571773633205,0.6290948034156385,5180
noise,1,2,2,True,0.8228187875537295,0.7318626756749159,4607
noise,1,2,9,False,0.7532304554271384,0.6591854832223725,821
noise,1,2,7,False,0.5808130082975709,0.5399025624566978,4964
noise,1,4,4,True,0.8577729194455601,0.7591261076285097,912
noise,1,0,0,True,0.7515779977100463,0.6643205942590202,3076
noise,1,3,1,False,0.5829362508393278,0.5481487936664828,122
noise,1,8,8,True,0.677760801187623,0.5891537691094153,9857
noise,1,8,8,True,0.775543312288799,0.6754733289155782,9018
noise,1,0,8,False,0.4642389717111717,0.4093738375212932,6270
noise,1,6,6,True,0.7119661983698128,0.6510470032380119,133
noise,1,9,3,False,0.5503096032509803,0.48281346909251505,8358
noise,1,5,5,True,0.9316454087229584,0.7939330499329725,5824
noise,1,3,1,False,0.49362173751782046,0.4463319876494044,3101
noise,1,4,5,False,0.4491316558889647,0.3804367112844795,6065
noise,1,2,6,False,0.6474123510234105,0.5759699286221774,3026
noise,1,3,9,False,0.48916036126331935,0.4390631257566581,2136
noise,1,9,4,False,0.5796930328005615,0.5039510245243473,2746
noise,1,6,6,True,0.7393049612689071,0.6547254485203076,4302
noise,1,4,1,False,0.5531506954452845,0.4554222925223248,8904
noise,1,1,9,False,0.41968396941392505,0.37499061642833603,3806
noise,1,9,9,True,0.7826654723962773,0.6710103438435011,9022
noise,1,1,1,True,0.8722183820117686,0.8136308962556937,9829
noise,1,7,7,True,0.9198272997891356,0.7999697062135694,9054
noise,1,3,3,True,0.6384443081666288,0.5457498209459657,9680
noise,1,2,6,False,0.8598941909783195,0.71834402761051,7029
noise,1,1,1,True,0.7216612911220371,0.654520221389617,2787
noise,1,3,3,True,0.8016577142020519,0.6894084026812685,2309
noise,1,6,6,True,0.6924182025698836,0.5877284308428927,3628
noise,1,4,4,True,0.9245810598981344,0.8076198851935955,3396
noise,1,0,3,False,0.4052210249819439,0.3724322478627654,9288
noise,1,2,2,True,0.780148296856063,0.6908051109918442,5043
noise,1,1,1,True,0.9174170987026221,0.7951995423584161,9082
noise,1,4,4,True,0.788716190073332,0.6885925643000667,6364
noise,1,9,5,False,0.6492057025126305,0.57146558864935,8566
noise,1,9,7,False,0.4832901026997209,0.43252451260734026,8070
noise,1,9,9,True,0.6803598347956492,0.6018035634943314,3595
noise,1,1,1,True,0.7411710694796615,0.6668844640838232,2680
noise,1,4,4,True,0.9649580671155858,0.836342654288765,7487
noise,1,0,0,True,0.8406416758629564,0.7132093591669056,7776
noise,1,4,3,False,0.5453860967315833,0.47569234815976513,5750
noise,1,5,5,True,0.711890128785184,0.6351822258421063,324
noise,1,7,7,True,0.8629000640787076,0.7127344952992044,323
noise,1,3,3,True,0.6813845380548966,0.558561813439223,7323
noise,1,0,0,True,0.6646354840254094,0.5983056838494445,4617
noise,1,4,4,True,0.7452890301694682,0.6788981319810745,5525
noise,1,4,4,True,0.9463592729569157,0.7941013813129888,5275
noise,1,6,6,True,0.9418315385914089,0.8175659932193555,8098
noise,1,0,0,True,0.7539010457399564,0.6478249866206226,1469
noise,1,6,6,True,0.7360640785441612,0.6354378645177046,5211
noise,1,4,2,False,0.5951628062090338,0.5269990054528071,4152
noise,1,7,7,True,0.7962424580416066,0.6659486847551507,3315
noise,1,9,9,True,0.8029610201590495,0.675372517125344,9831
noise,1,2,2,True,0.8531645003357529,0.7341648018269654,9903
noise,1,7,0,False,0.23742750981174143,0.21390587138209705,1225
noise,1,1,3,False,0.47963218263383134,0.40016825312507326,5595
noise,1,9,5,False,0.4248690500592635,0.39193164604615766,4711
noise,1,4,4,True,0.7339488905722771,0.6305053375242149,5027
noise,1,7,1,False,0.49590672374571027,0.4280843630625168,6101
noise,1,7,7,True,0.7494214337452352,0.657661394488048,6345
noise,1,6,2,False,0.5351377514746726,0.4672889232321217,9069
noise,1,3,2,False,0.48046275715350856,0.4401428798385985,545
noise,1,7,7,True,0.7955042900556051,0.672510195791251,1394
noise,1,4,4,True,0.8535631774527482,0.7125809688935666,9957
noise,1,6,6,True,0.6643680742911451,0.5735171118715011,1103
noise,1,6,6,True,0.7048067025423247,0.6152904206196762,6245
noise,1,4,9,False,0.43898423262886904,0.36332147885258825,8259
noise,1,1,1,True,0.6745389289861341,0.5606030184042088,4847
noise,1,2,6,False,0.546063689759028,0.4828000919419335,4158
noise,1,9,7,False,0.5706600509785822,0.48490543198549557,1346
noise,1,5,5,True,0.8947747029333354,0.7465082631531966,7926
noise,1,6,6,True,0.8014026961833169,0.7154991176021007,8385
noise,1,2,2,True,0.8723543660851102,0.7438653177138018,6580
noise,1,7,1,False,0.6374689138278622,0.57984480883099,1124
noise,1,4,4,True,0.7471466183014347,0.650644041378408,6906
noise,1,2,2,True,0.8006973446197209,0.7014879201678689,9367
noise,1,1,1,True,0.8483541067145738,0.7318709957854506,2004
noise,1,3,9,False,0.5098478399122706,0.395267419034516,2563
noise,1,5,5,True,0.7794151949652453,0.6547671858993844,8407
noise,1,2,2,True,0.6581991484917644,0.5719550870236252,6334
noise,1,2,4,False,0.7155673930232316,0.6305268668156009,356
noise,1,2,2,True,0.763886991190649,0.6285104620642892,5893
noise,1,2,2,True,0.6029678799081621,0.5264506637647286,6534
noise,1,7,7,True,0.9336083572589464,0.7861218219258238,8548
noise,1,4,4,True,0.8377546585119786,0.731783863036975,6852
noise,1,4,4,True,0.7391466392402204,0.6428866276401909,1800
noise,1,1,1,True,0.7012281924792962,0.6259139956559933,4131
noise,1,5,5,True,0.8722495276780887,0.7777485571301257,9122
noise,1,9,9,True,0.7009090275479195,0.6199524714012122,4493
noise,1,7,7,True,0.7085418589119157,0.6344684518545398,5092
noise,1,4,4,True,0.7287243247978645,0.6274088265597081,9779
noise,1,3,3,True,0.7991269931659459,0.7507202924163969,1885
noise,1,3,8,False,0.5865784923718023,0.4892153365861343,4021
noise,1,0,4,False,0.3885794116659013,0.3347373843578297,50
noise,1,0,0,True,0.8735977039157361,0.7755852199833135,8542
noise,1,7,9,False,0.5505157884522605,0.49799284628164125,4183
noise,1,8,0,False,0.31291091070997573,0.2907220544863263,4734
noise,1,9,9,True,0.7363200308818911,0.6543783994094696,1701
noise,1,6,3,False,0.5035835629665592,0.40137488542945443,2443
noise,1,9,1,False,0.5097309768049638,0.48005730417497594,7745
noise,1,4,4,True,0.725499158857897,0.6275964658518801,5840
noise,1,2,2,True,0.7394410342560658,0.6684427627630729,2193
noise,1,2,2,True,0.7132500216606488,0.5805919868321924,5287
noise,1,2,2,True,0.753111233793623,0.6602759187942033,1382
noise,1,7,9,False,0.5099876013203756,0.4372194155394223,646
noise,1,0,0,True,0.9272205682130057,0.8145798860126808,3185
noise,1,9,9,True,0.651972282059278,0.5755178487997633,8799
noise,1,7,7,True,0.6869812298479404,0.606255001320733,714
noise,1,3,4,False,0.4938976048337884,0.41363413034409036,2479
noise,1,7,7,True,0.8512593501949274,0.737431065249316,6275
noise,1,1,2,False,0.6082767512307892,0.5284318975875839,5460
noise,1,4,4,True,0.7320712621517101,0.6471667736631023,4813
noise,1,1,1,True,0.8473386406164336,0.755023784432638,2758
noise,1,1,1,True,0.8665112213073575,0.7545440565514261,2500
noise,1,0,0,True,0.7884992032461096,0.6597008769914211,6215
noise,1,7,7,True,0.7247024618703564,0.6331486687811382,904
noise,1,7,1,False,0.5931618200803374,0.571409071636472,2534
noise,1,8,8,True,0.7713385433237946,0.7035578683649811,8486
noise,1,9,9,True,0.770718940497163,0.6106231081674346,6393
noise,1,9,4,False,0.5796143584340779,0.5089390677428631,5500
noise,1,9,5,False,0.36188609997738214,0.34124557548588175,9658
noise,1,0,0,True,0.8099904181061435,0.6998453151388624,7302
noise,1,7,3,False,0.5175091068151391,0.4456809223899906,69
noise,1,7,7,True,0.89690609163825,0.7720308935908428,1204
noise,1,1,1,True,0.8267184615093311,0.7287544819916245,77
noise,1,1,1,True,0.7494818308091877,0.6290901567003093,7244
noise,1,9,4,False,0.5625757343084752,0.5169631471943913,891
noise,1,8,7,False,0.6557675160280727,0.5712825287899005,3118
noise,1,3,3,True,0.9982694221446111,0.8448285233406885,5271
noise,1,0,0,True,0.8148082310795748,0.7300739996456125,6788
noise,1,3,3,True,0.8458150431211267,0.7030401685507248,6259
noise,1,0,0,True,0.8132339113036825,0.6951446226680984,4050
noise,1,6,6,True,0.7820721126505504,0.6683277944472645,6024
noise,1,3,3,True,0.7692966760329946,0.711781013392768,393
noise,1,0,0,True,0.8135395075726852,0.6928081660639935,7426
noise,1,9,9,True,0.8316940601451084,0.67884064671334,8538
noise,1,8,8,True,0.882351031971554,0.753362074870238,6136
noise,1,9,2,False,0.4836452342465333,0.4352094560576489,1201
noise,1,9,9,True,0.7529688659659816,0.6707052270027564,7140
noise,1,0,0,True,0.7638516802720813,0.7098047221001245,589
noise,1,7,7,True,0.6841650445677454,0.6246782393023013,6230
noise,1,7,7,True,0.9228971074857847,0.80322099324122,4730
noise,1,7,7,True,0.7467061109183321,0.6318718849290866,6950
noise,1,2,2,True,0.8673952368110325,0.7847664999163247,7973
noise,1,3,3,True,0.8121240685954026,0.6979341872995676,8488
noise,1,9,9,True,0.8142985464671525,0.6939906197727874,6778
noise,1,0,0,True,0.780604169978213,0.6701720684383996,8726
noise,1,6,6,True,0.7269760889098661,0.60788391079545,7259
noise,1,7,7,True,0.7125171679606419,0.611339190943126,9640
noise,1,7,7,True,0.9282772311043949,0.7993734798391673,2675
noise,1,5,5,True,0.7991168863069796,0.708862485477175,7159
noise,1,7,4,False,0.5943687391033017,0.5124516615357861,9081
noise,1,9,9,True,0.90079255501162,0.7553244869231067,6746
noise,1,7,8,False,0.377071719708581,0.30343551864715984,5272
noise,1,1,9,False,0.7301696946922072,0.6398356354388384,7856
noise,1,2,2,True,0.7936008620393078,0.6910132498027962,496
noise,1,3,3,True,0.6974228957586488,0.5967232071705881,508
noise,1,3,7,False,0.4779178453136909,0.41188103930679587,4492
noise,1,3,3,True,0.8370005272191381,0.7342201867922508,5940
noise,1,2,2,True,0.7500776595991313,0.6803769357330485,3817
noise,1,6,6,True,0.764012544370251,0.6488077710318336,5250
noise,1,1,1,True,0.7761306515691483,0.6764891105580847,1355
noise,1,7,1,False,0.40240648493392994,0.3762109202739469,4709
noise,1,6,6,True,0.6432760850316448,0.5462623864729531,3914
noise,1,9,9,True,0.8301314639221806,0.7202991020425874,2852
noise,1,0,0,True,0.7697328738198267,0.6685130306850994,1572
noise,1,2,2,True,0.7387476073198053,0.6167095615209641,8926
noise,1,8,0,False,0.27578975414444645,0.25279126691809195,2436
noise,1,4,9,False,0.4155417067318547,0.3688413442941651,8643
noise,1,5,9,False,0.5864871305846708,0.5246157459888914,6636
noise,1,0,0,True,0.8048813697947802,0.6754114348323489,2690
noise,1,7,7,True,0.8774193053165301,0.7610058172242751,6611
noise,1,2,2,True,0.891506639608046,0.8004153249399553,6188
noise,1,9,9,True,0.8553100753560491,0.7835635606908875,481
noise,1,3,2,False,0.5856192637414307,0.5383789595596482,7121
noise,1,1,1,True,0.82955532393703,0.6965805952334707,4402
noise,1,5,5,True,0.8299360527310855,0.7294666984622953,4584
noise,1,4,4,True,0.7247494853082758,0.6213741310128121,4570
noise,1,4,6,False,0.40622350738035184,0.3659679931358975,5676
noise,1,9,9,True,0.6281779502900355,0.5335069236309917,3233
noise,1,3,7,False,0.28720704214068904,0.22485651698253967,8517
noise,1,3,2,False,0.3831883860865444,0.3338197833995661,1182
noise,1,6,4,False,0.5077688155747988,0.4610555471707793,1428
noise,1,1,1,True,0.8736825866041089,0.7633901937229688,3022
noise,1,8,8,True,0.8021774519437129,0.7049097913504431,5777
noise,1,2,2,True,0.8979562091932282,0.7825897842738315,7152
noise,1,2,9,False,0.5616774796692809,0.500516407215803,1181
noise,1,0,5,False,0.7169422906014602,0.6349911821929752,9777
noise,1,3,3,True,0.8266624970632118,0.7121694939246376,8544
noise,1,5,5,True,0.8436088555897681,0.7337253384796952,8412
noise,1,7,7,True,0.7461901131290395,0.6841267636570774,9446
noise,1,8,8,True,0.6746325602152099,0.5912782967629512,7742
noise,1,7,7,True,0.7980236851445284,0.6941714023019274,3954
noise,1,3,3,True,0.7099324291747051,0.6205002549430273,2615
noise,1,8,6,False,0.6124269338717745,0.5312047234246839,9016
noise,1,1,1,True,0.7574258655658725,0.6501048664565756,3277
noise,1,2,2,True,0.9279680885194639,0.8079464457288529,5033
noise,1,3,3,True,0.6200673065984931,0.5319429065695361,7707
noise,1,5,5,True,0.8007836483316118,0.6927558024923257,5293
noise,1,2,5,False,0.37570154398135774,0.3185360182536283,9050
noise,1,9,9,True,0.7187756547290162,0.6281195426103501,6137
noise,1,2,2,True,0.7772639251498371,0.687358235260882,1274
noise,1,3,3,True,0.7577571428508764,0.6548552742250265,8929
noise,1,6,6,True,0.7352985886278173,0.5998362315958583,2425
noise,1,4,4,True,0.8095698112891424,0.7149417704768805,6281
noise,1,4,4,True,0.6863662719200716,0.6008150079872561,1604
noise,1,9,9,True,0.7811224974935819,0.6590894938692754,977
noise,1,4,4,True,0.8312795390147658,0.7370530130090164,834
noise,1,1,1,True,0.7727925030890684,0.6439051236113912,1719
noise,1,7,7,True,0.7099836640011379,0.6393942667074566,9271
noise,1,7,7,True,0.8724148318881201,0.7554052747119577,4258
noise,1,2,0,False,0.5057949015899498,0.3995483648439107,6988
noise,1,8,8,True,0.7067050262957006,0.6192658640966103,4881
noise,1,3,3,True,0.6864713947981966,0.5903768382166484,812
noise,1,1,1,True,0.713846046720494,0.6106321538759572,1171
noise,1,1,7,False,0.7303467608625556,0.6210402315040479,3832
noise,1,7,7,True,0.8120458319170035,0.7026946413122555,4230
noise,1,2,6,False,0.6480418468088982,0.5561317961642206,9339
noise,1,4,4,True,0.7639079825559507,0.6271879803087904,4352
noise,1,7,9,False,0.6054781085771413,0.5550977500241142,7413
noise,1,8,8,True,0.8635077190731598,0.7440944080929497,994
noise,1,4,4,True,0.7457241189239068,0.6342268007677554,1923
noise,1,9,9,True,0.8049238444683182,0.6766167941471638,7155
noise,1,3,3,True,0.66600601287077,0.596519752289213,3928
noise,1,8,3,False,0.47848864910746636,0.3957467123594159,6882
noise,1,2,3,False,0.5926218647952323,0.5214083311131068,7135
noise,1,0,0,True,0.7326980346664114,0.626120349428978,6532
noise,1,7,7,True,0.8551603057161199,0.7313778666474553,1560
noise,1,7,7,True,0.6035184243049444,0.5059194700396847,7925
noise,1,9,9,True,0.745248667228545,0.6360549784938301,5168
noise,1,9,9,True,0.7762916283297493,0.675024131910424,1366
noise,1,1,1,True,0.9294032242673924,0.8096989851542634,4849
noise,1,6,6,True,0.6964749695988438,0.5912918745333577,6106
noise,1,7,4,False,0.4209633863762399,0.37100019037105564,4057
noise,1,6,9,False,0.4741126522111059,0.43576484299884843,7420
noise,1,0,4,False,0.4465843137758006,0.36134409557044905,2952
noise,1,0,0,True,0.7601180840981847,0.6609749920116198,940
noise,1,6,8,False,0.6482745825289417,0.5470177162415569,4412
noise,1,8,8,True,0.6714812026245975,0.5647053387885773,7167
noise,1,1,1,True,0.7535917430510914,0.6607732118533897,6889
noise,1,0,0,True,0.8920889632757132,0.7623705894110051,2791
noise,1,4,9,False,0.6314711713818264,0.5274144331498505,8307
noise,1,3,3,True,0.7774598968413405,0.7023265761565392,1281
noise,1,9,3,False,0.6897743878133629,0.619710019927995,8493
noise,1,9,9,True,0.8364724292423816,0.687355445728841,4423
noise,1,5,7,False,0.5903408055816455,0.48730112218435734,8975
noise,1,9,7,False,0.6436638584591011,0.5739834211166096,2883
noise,1,2,9,False,0.5850193972311433,0.5065690109857224,184
noise,1,9,9,True,0.8953078560963728,0.806023170569016,5762
noise,1,4,4,True,0.844180610428257,0.7448802468348387,1421
noise,1,4,8,False,0.6570070990386581,0.5794453446599394,1772
noise,1,0,0,True,0.7083820874583525,0.5966875205030909,2841
noise,1,1,1,True,0.7638716962722725,0.674119747728721,8410
noise,1,1,2,False,0.4969715278185055,0.41191051955072033,7054
noise,1,4,4,True,0.6485206507552758,0.5923474438101858,4319
noise,1,1,9,False,0.4013892722979048,0.3646236532335839,3168
noise,1,1,1,True,0.8929969811078777,0.7575508224065443,5628
noise,1,6,3,False,0.4524693619560277,0.4156925062252698,9938
noise,1,8,8,True,0.7359157757756611,0.6853589071920387,7694
noise,1,0,0,True,0.7264477282079607,0.6281282269805775,7623
noise,1,5,1,False,0.5862649896245633,0.5243335049747045,9247
noise,1,9,9,True,0.7777357027729456,0.6674387609631837,305
noise,1,4,4,True,0.8254432939404726,0.7183338442017686,4774
noise,1,1,1,True,0.8381377098084507,0.6972723621365542,9489
noise,1,0,0,True,0.8773512423115729,0.7607379656947196,3153
noise,1,9,9,True,0.6994301256856381,0.6103871534294046,7267
noise,1,4,4,True,0.8077295158279448,0.737550043990648,2337
noise,1,1,7,False,0.5073864890295043,0.4103784534210117,1176
noise,1,8,8,True,0.782109196485171,0.6741751478302398,8320
noise,1,8,8,True,0.8591527082134994,0.7710421463380952,6192
noise,1,7,7,True,0.8678500698440994,0.7478371294515094,4810
noise,1,0,0,True,0.9018754920306923,0.7781673375663885,7435
noise,1,0,0,True,0.8240472200294613,0.6987749565273986,4915
noise,1,2,3,False,0.5483884347844582,0.4624780619615343,212
noise,1,1,1,True,0.7697697224439692,0.6327871887607108,1742
noise,1,5,5,True,0.6512195998084265,0.5559523548842794,7343
noise,1,3,8,False,0.484074118013025,0.4066758992088288,1527
noise,1,7,7,True,0.7642481268971463,0.6669716845357159,1568
noise,1,1,1,True,0.8304717648002328,0.7051476360317233,9477
noise,1,7,7,True,0.8443197220593945,0.7230799440495153,9884
noise,1,9,9,True,0.6903747592759888,0.5927744375234373,5919
noise,1,1,1,True,0.7161322886032292,0.6227491416669374,7247
noise,1,6,8,False,0.5520126765911242,0.4736403299743588,2838
noise,1,5,5,True,0.8132348412546835,0.6850138932677383,7851
noise,1,0,0,True,0.7435531468561186,0.6487355037066576,4795
noise,1,2,2,True,0.7798922391097964,0.6992580675686192,7593
noise,1,7,3,False,0.6929353454106815,0.6065643675148947,9582
noise,1,8,7,False,0.40448766002950265,0.3466181022603048,347
noise,1,3,8,False,0.5665336165355154,0.4940906459533156,5360
noise,1,1,1,True,0.9207427074937513,0.7566186459625579,2659
noise,1,2,8,False,0.4518884416799558,0.39631712043718514,791
noise,1,8,8,True,0.777801980052673,0.6681245956629626,6296
noise,1,5,5,True,0.6946622045530623,0.5867936667099727,4778
noise,1,4,4,True,0.874320691204874,0.7431306204775034,4653
noise,1,0,7,False,0.356040450741379,0.30942969309937923,8179
noise,1,7,7,True,0.6733761297537787,0.6072188758108418,9437
noise,1,4,4,True,0.7714337539713297,0.6925598992112322,8347
noise,1,5,5,True,0.999,0.8455874967688437,2583
noise,1,8,8,True,0.7913201405931537,0.6772605720393128,3601
noise,1,5,4,False,0.6649229533720118,0.5703327112204384,4274
noise,1,9,0,False,0.5907612765033051,0.5333379953388119,4539
noise,1,5,5,True,0.9317679186743535,0.8099128619258329,3419
noise,1,3,3,True,0.8578207591662149,0.7460034425441034,7235
noise,1,9,9,True,0.9025951291133781,0.7929311120147952,9219
noise,1,6,9,False,0.5871910004491213,0.5021840822135344,4097
noise,1,7,7,True,0.8903215388266228,0.7990510394897105,7731
noise,1,2,2,True,0.7221343688361671,0.6287793203623381,9455
noise,1,6,6,True,0.8030072784732046,0.6804379377783857,6367
noise,1,5,5,True,0.8129642811978188,0.7014268341421892,6122
noise,1,1,1,True,0.9005957545500176,0.8051449578516724,4649
noise,1,2,2,True,0.8155074432112364,0.6996784840098754,9439
noise,1,9,2,False,0.467424763841797,0.43130220524642404,9802
noise,1,5,5,True,0.7951259071136298,0.678350105191155,4613
noise,1,7,7,True,0.6558869438031807,0.5571906282971574,2514
noise,1,1,1,True,0.6043225013383785,0.5418660743495076,6680
noise,1,2,2,True,0.8565073096086628,0.7255517619544486,1526
noise,1,9,9,True,0.7600204890954924,0.6774682207344024,3008
noise,1,4,4,True,0.7690866160815785,0.6757561436498086,9041
noise,1,8,5,False,0.6614784476549519,0.5597848018173572,241
noise,1,8,8,True,0.9017608308035678,0.780067851303146,5156
noise,1,3,8,False,0.477409377105086,0.4098224847281324,7865
noise,1,9,9,True,0.9442458264174249,0.8245884835881925,4292
noise,1,7,7,True,0.8302151307245821,0.7584388260150031,7637
noise,1,1,1,True,0.8141770770863995,0.6996364234656911,2608
noise,1,0,7,False,0.4176416088938219,0.38067089303691876,2684
noise,1,1,6,False,0.6558169964879973,0.572933259848148,5153
noise,1,7,7,True,0.8664798884512097,0.7519890592447919,68
noise,1,1,1,True,0.5943627183987771,0.51690420822433,5424
noise,1,2,2,True,0.7430997714179377,0.6294864567782159,7581
noise,1,4,4,True,0.7918344280454089,0.6947620628242467,2069
noise,1,1,0,False,0.41605154118969695,0.36286897501285464,7735
noise,1,3,3,True,0.7538595261541742,0.6376845955562735,1192
noise,1,6,6,True,0.9371500452981782,0.8318610037484174,4310
noise,1,9,6,False,0.44809194383561457,0.39785834471431925,902
noise,1,4,5,False,0.4937318711615429,0.43011011134044663,3927
noise,1,7,6,False,0.7092910045127712,0.6446984861307815,9603
noise,1,5,5,True,0.6878396841158524,0.5629421007878146,424
noise,1,4,4,True,0.8463995028804909,0.7598959935229991,4534
noise,1,5,5,True,0.7700206039671619,0.6519137543893632,7144
noise,1,9,9,True,0.632682682328436,0.5570109307674811,2580
noise,1,0,0,True,0.7980626873448046,0.6815920091606696,8522
noise,1,5,5,True,0.825118310688146,0.6978905432758756,7904
noise,1,0,0,True,0.8670512778540042,0.7782713166952722,9766
noise,1,8,8,True,0.784131616433858,0.718636205316685,2775
noise,1,6,6,True,0.7601863069770894,0.6567338479175044,2810
noise,1,0,0,True,0.9489011744391622,0.8282754923171738,7181
noise,1,6,6,True,0.790526892487964,0.6880876836480195,9333
noise,1,4,4,True,0.8475649465278348,0.7700403412957167,8099
noise,1,0,9,False,0.5846250764059853,0.4696683059960168,2105
noise,1,9,0,False,0.4024812582891729,0.36465153837120134,3211
noise,1,3,3,True,0.6735496806076721,0.5729747022336426,9321
noise,1,0,0,True,0.7530345963425092,0.6079601264617093,3131
noise,1,6,6,True,0.6933380608459156,0.5971267497704434,4368
noise,1,3,3,True,0.7416021342504425,0.6823227899310873,8682
noise,1,6,6,True,0.8900376032184856,0.7584109789277048,5938
noise,1,1,5,False,0.5773818558763846,0.521589887626219,1898
noise,1,8,8,True,0.8474604900379267,0.7593148604735049,6239
noise,1,4,4,True,0.9113812145645631,0.7894200963274882,3099
noise,1,4,3,False,0.6213001808716796,0.5455142661091534,3962
noise,1,8,8,True,0.8695013684045023,0.7197502050130047,7908
noise,1,5,5,True,0.832486876651094,0.7082905678899769,784
noise,1,0,0,True,0.7993149544466825,0.71255786376628,3019
noise,1,5,3,False,0.6991405811722237,0.6104830759371315,211
noise,1,6,6,True,0.9371950471993482,0.8189626189483196,2954
noise,1,3,3,True,0.7390184869993157,0.6458288655430794,845
noise,1,1,6,False,0.5884225907752895,0.5589992810449247,6502
noise,1,0,0,True,0.7085668363475724,0.6086714142716645,7583
noise,1,8,3,False,0.4579659677256904,0.4363792734265631,9118
noise,1,0,0,True,0.8803494098502682,0.7659670628168627,8079
noise,1,5,5,True,0.7470370453332851,0.6838654680249082,6422
noise,1,8,8,True,0.6191189160448521,0.5167515168529613,9239
noise,1,3,4,False,0.6188448550292376,0.5447111709274691,62
noise,1,2,2,True,0.8338283342245596,0.7158803484124062,797
noise,1,7,7,True,0.7846621488813733,0.684752273266168,1855
noise,1,6,2,False,0.570786583473098,0.5246161212054559,2297
noise,1,0,0,True,0.7481324465379521,0.6584887716644181,4870
noise,1,5,1,False,0.48755457871709595,0.4538290457100703,7573
noise,1,0,0,True,0.8174553441403708,0.6964326206538363,1512
noise,1,3,3,True,0.8369170777891041,0.7099228269702642,6516
noise,1,3,7,False,0.5458479423058299,0.4792928524227007,9336
noise,1,8,1,False,0.451480105099605,0.39798504576684257,7418
noise,1,9,9,True,0.8266857350544768,0.7139656874198215,6420
noise,1,6,4,False,0.5817964275849496,0.49035432893379344,8724
noise,1,7,2,False,0.6685223616921795,0.6072170392353904,9324
noise,1,0,3,False,0.5389974148013219,0.46589105856845386,627
noise,1,0,0,True,0.8824113172955874,0.7935711821455029,2097
noise,1,7,7,True,0.823288571862697,0.7150501533873737,4521
noise,1,4,4,True,0.712779958501477,0.6338315433425363,2253
noise,1,5,5,True,0.7250946136340797,0.6424846144482413,9340
noise,1,6,6,True,0.7551881534997654,0.6404244356677836,7006
noise,1,3,3,True,0.8051571126509219,0.7067276041843334,850
noise,1,6,6,True,0.7802211118953924,0.7167546040004257,3433
noise,1,7,7,True,0.7001014347495268,0.6151184645991049,7209
noise,1,2,2,True,0.6996223972547958,0.6277045724577699,5145
noise,1,6,6,True,0.6221182580074652,0.5576659561981891,6801
noise,1,1,1,True,0.540442006090559,0.4805166983442749,5872
noise,1,3,7,False,0.6733116288925215,0.5910444589131382,5159
noise,1,7,2,False,0.5980084167568542,0.5342534654257521,4651
noise,1,9,9,True,0.933742361903314,0.8239466585473292,9276
noise,1,0,0,True,0.7117414870301623,0.5929369828346164,7779
noise,1,6,9,False,0.5497389275170176,0.48722414617139403,4726
noise,1,5,5,True,0.6728336391959867,0.5832270357016424,5267
noise,1,6,2,False,0.4569745877252725,0.3955978626934475,600
noise,1,7,7,True,0.6942021921895696,0.6309911509417057,2703
noise,1,0,0,True,0.7719601052446533,0.6565031644966782,4228
noise,1,7,7,True,0.7754032311830419,0.6461973652993855,5030
noise,1,2,0,False,0.6719308648587135,0.6020555596376236,3063
noise,1,1,8,False,0.661661545879861,0.5490044368668041,5596
noise,1,4,7,False,0.5956916152764066,0.48277901142577434,9929
noise,1,0,0,True,0.7928961576530101,0.7071270878048579,9641
noise,1,6,1,False,0.5939863194476607,0.5230628165417613,4484
noise,1,5,5,True,0.6824402380594254,0.6045285948978872,3001
noise,1,5,5,True,0.6700822123161352,0.5757213289731224,8738
noise,1,0,5,False,0.6131958729312109,0.508528369359349,907
noise,1,7,7,True,0.7629673721529404,0.639806522057646,6919
noise,1,0,7,False,0.5193627571670968,0.4510145656034066,3779
noise,1,2,2,True,0.7849528837853111,0.6567618940591536,3053
noise,1,3,3,True,0.6900942934571133,0.6077212075794594,6140
noise,1,7,7,True,0.9228303055178377,0.7901566009294737,1753
noise,1,4,1,False,0.4083181383372493,0.36577113853396803,4386
noise,1,8,8,True,0.8445204788655296,0.7359453696002287,7328
noise,1,9,4,False,0.49490487399765665,0.4434051339864987,8030
noise,1,7,7,True,0.7136057237954366,0.631554515771901,8001
noise,1,0,3,False,0.47898749589919337,0.41526135969872946,3398
noise,1,7,7,True,0.8342774321110517,0.7278152026270706,3639
noise,1,2,2,True,0.7992436937928085,0.6990773022922907,7464
noise,1,8,4,False,0.5159260458846299,0.4049593328200681,9561
noise,1,9,1,False,0.4220102635237247,0.38663923891235585,2979
noise,1,0,0,True,0.8343228975771618,0.7271733068649925,1933
noise,1,0,0,True,0.7511068644661832,0.6647218121011271,4180
noise,1,6,6,True,0.8179560978627312,0.6845258112743763,7800
noise,1,1,8,False,0.5509098044451987,0.476957870275171,428
noise,1,9,9,True,0.8435046806014618,0.7101483893799309,4210
noise,1,5,4,False,0.6158796231498159,0.5533897072016011,1448
noise,1,5,2,False,0.5358140795934955,0.4423396368131013,6325
noise,1,8,2,False,0.5850013450459501,0.4936780476506112,9179
noise,1,2,2,True,0.909640092910714,0.7988803615395464,7821
noise,1,5,5,True,0.7872759440429783,0.6715970617909865,4168
noise,1,9,9,True,0.8031165594753911,0.6790812624183012,205
noise,1,0,0,True,0.8645653447180889,0.7680149316011792,6601
noise,1,1,1,True,0.7507689912189189,0.6721078776679185,2241
noise,1,1,1,True,0.6831786021857611,0.6101432357087169,6500
noise,1,3,1,False,0.5407824794249462,0.4916393009900101,8152
noise,1,1,1,True,0.7735181052307244,0.6678588038673546,3443
noise,1,1,1,True,0.6933978070612505,0.6002962765093307,8976
noise,1,8,3,False,0.5838589425539638,0.49831847560019715,9573
noise,1,4,4,True,0.9044906412023398,0.7871716283763084,1319
noise,1,3,3,True,0.6596205962968731,0.5651195403058251,3245
noise,1,4,9,False,0.6192970884978393,0.5327412011046238,9487
noise,1,9,7,False,0.6039122357653376,0.5403234090801949,1614
noise,1,4,6,False,0.3663357887566757,0.35007620535346196,346
noise,1,4,2,False,0.4607471326706979,0.4146002678554951,8755
noise,1,9,9,True,0.7637340761189706,0.7000602820059764,4095
noise,1,0,0,True,0.7971950716656793,0.6785054994751724,8978
noise,1,4,4,True,0.8510292960618844,0.7016154088684164,5870
noise,1,7,4,False,0.643694341025095,0.5764327476631218,6907
noise,1,5,0,False,0.5924974228114187,0.5031861383367713,2406
noise,1,8,8,True,0.7951370457569046,0.6853926440578616,4426
noise,1,8,8,True,0.9389856778598991,0.7777418959784917,2692
noise,1,3,3,True,0.691140733520174,0.5844854185452314,1109
noise,1,8,8,True,0.7594768546839902,0.6305107781498068,8543
noise,1,2,3,False,0.41264706745615093,0.3570639420693222,9381
noise,1,2,2,True,0.7072470557046896,0.6082689674713272,9327
noise,1,9,9,True,0.8801922181651662,0.7649625936713554,7220
noise,1,0,7,False,0.550085809990438,0.5073673977789758,2316
noise,1,3,3,True,0.7455546242858783,0.6622595559409529,5237
noise,1,6,6,True,0.7485723279085971,0.6188430859980979,5847
noise,1,4,4,True,0.7449418338443683,0.6603608674799702,6394
noise,1,8,8,True,0.7520957458073844,0.6565164778851058,7692
noise,1,2,2,True,0.6888443724568588,0.598561187947608,4232
noise,1,5,5,True,0.7693016365947839,0.6684524005068218,9565
noise,1,1,1,True,0.7612634646678283,0.6661649935293792,9186
noise,1,2,2,True,0.7293762634877325,0.6211320881443014,1333
noise,1,1,1,True,0.8024037005043979,0.6933961282782454,5736
noise,1,7,7,True,0.8091911584094525,0.7264912671258714,7414
noise,1,2,4,False,0.5103368235751998,0.43470818435040914,2285
noise,1,6,6,True,0.7784692679386995,0.6561011182243927,9494
noise,1,3,3,True,0.9626898981520685,0.8320522664717812,7148
noise,1,5,4,False,0.5826637817795065,0.48765288537745355,7231
noise,1,8,8,True,0.705672784789621,0.5803662046420911,1754
noise,1,8,8,True,0.7168441946729153,0.6174282219304817,8085
noise,1,0,8,False,0.5695466841357406,0.528087119206658,7968
noise,1,7,7,True,0.8745643151977791,0.7576075860005744,4614
noise,1,9,9,True,0.7581176560339444,0.662971549517817,4655
noise,1,6,0,False,0.5481369943953736,0.438313478073045,9564
noise,1,1,1,True,0.9497573866624707,0.831056288511919,7799
noise,1,6,6,True,0.789162816455163,0.6876557112130843,1564
noise,1,6,6,True,0.8464998977405855,0.7212266165187107,5921
noise,1,6,6,True,0.8316336599440314,0.7254896203804742,94
noise,1,4,8,False,0.4355810973130142,0.38864636505922123,8552
noise,1,5,5,True,0.8747329385393486,0.7373332391912877,8122
noise,1,6,6,True,0.722023935271985,0.6353574195167855,1262
noise,1,4,4,True,0.897190382915534,0.801554533928747,6771
noise,1,7,8,False,0.3533203732237732,0.31076348773073686,1495
noise,1,7,7,True,0.7517625823571124,0.6366463109548034,6333
noise,1,3,3,True,0.7029209741098565,0.6089312265973434,2320
noise,1,6,6,True,0.7160592471346682,0.6407426239657565,4166
noise,1,7,7,True,0.7558588542137171,0.6329536492957141,938
noise,1,4,4,True,0.595492115367151,0.5327394632377619,1657
noise,1,7,2,False,0.6242116146165267,0.5320195832536381,738
noise,1,1,1,True,0.7493620610206786,0.6567990134951716,1610
noise,1,3,3,True,0.8532008878889465,0.7289341292046932,8963
noise,1,7,7,True,0.8238384590685459,0.7039223511066328,6409
noise,1,8,8,True,0.7333890055120562,0.6688425530099487,1067
noise,1,6,6,True,0.7533159392459273,0.6271368165483684,8896
noise,1,6,7,False,0.7336102800302513,0.6482760615766244,5846
noise,1,3,3,True,0.9088765243580679,0.8221715339227834,7317
noise,1,7,6,False,0.2525184066877956,0.24335108421408272,1470
noise,1,3,3,True,0.7324191468039476,0.6109343344025717,8582
noise,1,0,0,True,0.6997132678706278,0.5841246675117255,7237
noise,1,2,2,True,0.6714368416451051,0.5706888078654112,4039
noise,1,6,6,True,0.8145602898900395,0.710534404636931,8249
noise,1,9,9,True,0.8062322664858568,0.7048162803947593,7200
noise,1,4,0,False,0.5045390984182604,0.4184243025695275,858
noise,1,8,1,False,0.4153905330118194,0.3506268038911072,869
noise,1,7,5,False,0.5920633418254525,0.5020241908120342,7117
noise,1,5,6,False,0.498857311137373,0.4354137783044692,8961
noise,1,8,8,True,0.7691576348963034,0.7084778988076794,48
noise,1,4,4,True,0.6859818923893312,0.5794208672184625,7388
noise,1,4,4,True,0.845726253398106,0.7143281587256743,8418
noise,1,7,2,False,0.5442609223760035,0.45495897811672614,8442
noise,1,6,6,True,0.8421013044008546,0.7434970001655711,5703
noise,1,5,5,True,0.698870062460928,0.6082127211646867,5508
noise,1,4,4,True,0.8181283351221359,0.6924845538904163,287
noise,1,9,9,True,0.8064159694363152,0.6931976623453013,7645
noise,1,0,2,False,0.4669619873268737,0.39608748320868864,3018
noise,1,0,0,True,0.735338727344758,0.6459557438668293,1044
noise,1,4,4,True,0.8851459718842718,0.8210616082375577,7270
noise,1,0,1,False,0.40511636795831873,0.37036620087841565,5853
noise,1,3,3,True,0.7011724778961907,0.6091368359096149,5874
noise,1,5,5,True,0.8476355183674366,0.722190680862562,6897
noise,1,4,4,True,0.5597719878927688,0.4639381880711565,5763
noise,1,2,2,True,0.8434887959585966,0.7466392711928679,8392
noise,1,2,2,True,0.6403876306766595,0.5729165696424869,5261
noise,1,6,6,True,0.7480026121680593,0.6414802004090343,7161
noise,1,9,9,True,0.6849580270596599,0.6214810026595633,4963
noise,1,7,7,True,0.7727510804040483,0.6722605571211427,5154
noise,1,5,5,True,0.8571034958694262,0.7590331861969151,4043
noise,1,1,4,False,0.5263346115890856,0.4683083598913829,1491
noise,1,2,2,True,0.7612416248387488,0.6585126635153837,2186
noise,1,4,4,True,0.7489304984947154,0.6324932314943583,7911
noise,1,2,2,True,0.9164838947097499,0.791100578656034,4092
noise,1,6,6,True,0.8245408806280228,0.7327007619117163,2252
noise,1,3,6,False,0.6336593798855439,0.5434477706647237,6734
noise,1,8,8,True,0.7522964496775679,0.6632468101379962,7635
noise,1,2,2,True,0.9144883390708425,0.770660370569736,7932
noise,1,4,4,True,0.8471492253419218,0.7506780082632407,1621
noise,1,7,4,False,0.5462286208490612,0.48555315445150127,5580
noise,1,2,2,True,0.7686343569293528,0.6442969882132199,7132
noise,1,7,6,False,0.4818350655967767,0.42007951528682796,7917
noise,1,5,5,True,0.7469614458275355,0.6685460471397726,5134
noise,1,6,6,True,0.6531830274942647,0.5450249225570605,9593
noise,1,4,1,False,0.7279850024945296,0.6123682473478514,1152
noise,1,9,9,True,0.9011359444692298,0.7795756137031156,6474
noise,1,7,7,True,0.759508441035106,0.7032487894884839,4666
noise,1,1,1,True,0.7817397095631264,0.6660271914478675,4266
noise,1,5,5,True,0.8012420517482859,0.7059612239777528,6938
noise,1,9,9,True,0.96745131157697,0.8425363229924515,8446
noise,1,2,2,True,0.7907099817133568,0.6753130864510424,1380
noise,1,5,5,True,0.8775156282866808,0.7641109510793762,6040
noise,1,7,7,True,0.7421455862359042,0.6368670550586195,6669
noise,1,2,2,True,0.7692480591598007,0.6617047544835003,9655
noise,1,5,2,False,0.562035383280696,0.45950463773312894,2452
noise,1,5,5,True,0.7280693646520492,0.6333702352569154,2556
noise,1,1,7,False,0.4803741282975282,0.44129987918534996,1302
noise,1,1,1,True,0.8610440748650615,0.7480359791308959,4359
noise,1,5,5,True,0.7259708351126493,0.6538853650622004,3985
noise,1,1,5,False,0.6086392259241543,0.5439498909544315,7592
noise,1,9,2,False,0.592422828573045,0.5173685781604839,7740
noise,1,5,4,False,0.3820986702429755,0.3272253586463928,8985
noise,1,7,7,True,0.8776331034091964,0.7512628635905889,8502
noise,1,3,8,False,0.47373094390501314,0.3882610928405188,9214
noise,1,2,8,False,0.5964584113316591,0.5166480718299437,8987
noise,1,4,5,False,0.5032964894069448,0.44572199116718614,2631
noise,1,7,2,False,0.5314410193389194,0.5010332883940661,2616
noise,1,3,3,True,0.8197273932916241,0.722334690763458,3141
noise,1,2,2,True,0.9296276015041973,0.7878863816758083,5450
noise,1,1,1,True,0.835431132328929,0.6963290969692135,6565
noise,1,5,5,True,0.8800972985422678,0.7589516620168363,1725
noise,1,6,3,False,0.4859374511434777,0.444282122408511,4187
noise,1,5,5,True,0.7798542003477635,0.6734637435617112,2831
noise,1,2,2,True,0.8876597153863091,0.7803504415784746,1683
noise,1,2,7,False,0.34832783929933697,0.3074561544193926,4966
noise,1,3,3,True,0.8672178103178482,0.7664751474644829,955
noise,1,3,9,False,0.4188496108892106,0.33907700880171576,8981
noise,1,2,2,True,0.8119778918759856,0.7372648504975098,7376
noise,1,9,9,True,0.7637037899891219,0.6418985525262794,7716
noise,1,3,3,True,0.7110963876342051,0.6353065760836699,4405
noise,1,2,2,True,0.9320303435282651,0.8017821121056462,7262
noise,1,6,6,True,0.8405490014179223,0.727150093197896,4620
noise,1,8,8,True,0.8172492899740358,0.7048398583585275,7741
noise,1,4,4,True,0.7569720201438198,0.6635383088232767,8762
noise,1,6,6,True,0.7930297303671981,0.6982257616777363,3478
noise,1,0,8,False,0.6913218721449383,0.6237908215596589,7730
noise,1,5,5,True,0.8219900547786857,0.7418505242138304,5121
noise,1,0,0,True,0.8487472230777546,0.7430715705516254,7553
noise,1,1,1,True,0.7274022779315926,0.6675654210252199,4540
noise,1,5,6,False,0.5318433879569413,0.4689263306198497,1907
noise,1,2,1,False,0.6708144093506049,0.6067410551930726,9739
noise,1,0,8,False,0.7873015803923474,0.6927807367916182,9359
noise,1,1,5,False,0.6145639203700658,0.5263952396860486,8199
noise,1,7,7,True,0.7492648135910589,0.655499774639997,5439
noise,1,5,2,False,0.7116427481477081,0.6299597734757344,1032
noise,1,3,3,True,0.9486077628389047,0.8206726357850169,2901
noise,1,9,0,False,0.697025087361187,0.61572845461696,7956
noise,1,3,3,True,0.971934802425472,0.8584518412481891,4693
noise,1,8,8,True,0.7713539872704779,0.6701834263399884,970
noise,1,3,6,False,0.5750341034451467,0.4449012345547251,4157
noise,1,0,1,False,0.35785830366321747,0.35274496114360226,2207
noise,1,1,7,False,0.5692119260446149,0.4928783085335161,5515
noise,1,2,2,True,0.7933178029081378,0.6728545280552712,867
noise,2,7,7,True,0.6732569447345604,0.5916449356035971,5256
noise,2,2,2,True,0.7709764811302265,0.6499789005803227,5236
noise,2,5,0,False,0.4728335944763175,0.3841288595706197,1180
noise,2,1,9,False,0.3121275585321369,0.2557444962414556,4903
noise,2,4,4,True,0.8370543656037055,0.6929084278023294,9677
noise,2,5,4,False,0.4941036785573552,0.43648883201858213,9901
noise,2,5,5,True,0.7804640746739585,0.6860721795610119,1130
noise,2,4,2,False,0.3779593243911189,0.31695962667606414,3455
noise,2,4,4,True,0.8420142828635497,0.7336705272322002,1859
noise,2,7,7,True,0.776382836308495,0.7043052871868665,2854
noise,2,5,5,True,0.7057873439192156,0.654073189178278,2349
noise,2,0,4,False,0.5278643664661784,0.479092918511236,9953
noise,2,7,7,True,0.7465352560383797,0.6460581575534559,1756
noise,2,6,6,True,0.8175667452653909,0.7246938183531073,5947
noise,2,6,9,False,0.4331605336571759,0.41022265328215873,7664
noise,2,7,7,True,0.4544332760185682,0.36112372185997177,9459
noise,2,1,2,False,0.5964911805425043,0.551658884217057,239
noise,2,9,9,True,0.8045199323820593,0.6879502061128892,3805
noise,2,9,9,True,0.7059022245018949,0.6043176317278608,870
noise,2,1,1,True,0.8090689340202818,0.6956100344655212,1188
noise,2,2,2,True,0.7802372331514701,0.6846033309542647,405
noise,2,2,2,True,0.6751594566174376,0.5666604530508466,2227
noise,2,9,9,True,0.8317040892974148,0.7162521952089835,3284
noise,2,9,8,False,0.40042421850535004,0.36586612985950534,9329
noise,2,2,2,True,0.7254204263168852,0.6359787873548323,3838
noise,2,6,6,True,0.7174398149782332,0.6324401330187276,3147
noise,2,2,9,False,0.5844416638875738,0.5052960400568132,1399
noise,2,0,0,True,0.7543035094119172,0.6700321820493828,8258
noise,2,2,1,False,0.3536035957435236,0.33669137882205225,5936
noise,2,0,8,False,0.5349973956627175,0.4896765725565641,4436
noise,2,8,8,True,0.7878931371793533,0.693261371259313,2771
noise,2,7,1,False,0.47798447449721676,0.4400646554971078,4121
noise,2,1,3,False,0.4553683572693379,0.4194843153612318,9464
noise,2,5,5,True,0.7432935295807015,0.7003296582772791,5934
noise,2,2,3,False,0.5483617516550934,0.5054688303078035,4699
noise,2,5,5,True,0.6901536138001347,0.5998556889974088,1323
noise,2,8,8,True,0.8824258557963865,0.7468283916799913,6308
noise,2,8,8,True,0.7384688122536913,0.6374756853204554,1660
noise,2,8,8,True,0.7733930192952655,0.6657483692889761,9318
noise,2,2,0,False,0.42413642109473293,0.38574440928504033,615
noise,2,1,1,True,0.7343966759737968,0.6252320496739412,3831
noise,2,1,4,False,0.30500673527965505,0.29809926841811485,2837
noise,2,1,5,False,0.6149421696851955,0.5099095841145104,1217
noise,2,6,4,False,0.48159092849662843,0.3917017864958059,5836
noise,2,6,1,False,0.37006464935096894,0.32685263178981666,8936
noise,2,8,8,True,0.8550126629141843,0.7249095824931464,2764
noise,2,0,9,False,0.5829134941033393,0.4853117929081524,8019
noise,2,2,7,False,0.5358091552723642,0.4576963828814127,1666
noise,2,7,7,True,0.6608898900036175,0.5615266899214965,520
noise,2,6,4,False,0.5663648001264604,0.4966127667321757,1267
noise,2,4,4,True,0.7589350172271088,0.6476853488767572,707
noise,2,1,1,True,0.8428334374893071,0.7206257347009096,6277
noise,2,4,4,True,0.7251880519374755,0.6313125297824284,3535
noise,2,1,1,True,0.770922825794688,0.6905692333401933,6744
noise,2,5,5,True,0.7540182124195202,0.685330389866368,8167
noise,2,9,9,True,0.6800710932500744,0.5960157805122446,8391
noise,2,1,3,False,0.4697096828684029,0.4187640928135529,894
noise,2,1,5,False,0.6276477405916723,0.5448368391570046,4063
noise,2,7,9,False,0.5173152473452411,0.46434293264463655,8194
noise,2,0,1,False,0.5180690968516661,0.46316311953559897,4944
noise,2,9,8,False,0.7205109467323972,0.6539512583843059,5166
noise,2,7,2,False,0.6452678216218433,0.5257035557954581,5466
noise,2,4,4,True,0.719743189079758,0.6220917558435501,2920
noise,2,3,7,False,0.4002386341633142,0.3619866364213699,4179
noise,2,3,3,True,0.8013846790183636,0.6956512980147669,1025
noise,2,3,3,True,0.8410837041325684,0.7111376878707608,4669
noise,2,8,8,True,0.846102936357628,0.7082001623191743,4294
noise,2,7,7,True,0.7199520275754487,0.6430856719597087,3219
noise,2,2,6,False,0.5126290824553823,0.43559620307914665,4000
noise,2,1,1,True,0.7919652146797982,0.6530724226477165,7839
noise,2,5,8,False,0.520825382854699,0.4748330326266922,1993
noise,2,6,6,True,0.639842146209696,0.5680454822871629,2872
noise,2,7,7,True,0.6260550683203938,0.54482932612317,8923
noise,2,3,3,True,0.7213519929184088,0.609858162125427,9051
noise,2,4,4,True,0.7033346352630722,0.6105656111062014,9815
noise,2,1,3,False,0.3776975968507487,0.36035470933352054,1779
noise,2,4,4,True,0.7419486582158942,0.6133623737629341,3752
noise,2,6,6,True,0.7223504866626727,0.5977183613284799,1303
noise,2,3,3,True,0.8245792136061594,0.7033370251069873,4078
noise,2,3,2,False,0.4168376880058049,0.3687791610690701,4067
noise,2,4,5,False,0.43520434647496425,0.374997856546044,7337
noise,2,8,2,False,0.4283503582091171,0.3919541359810899,1516
noise,2,6,8,False,0.38852838146486707,0.36702580313410393,1273
noise,2,9,8,False,0.35403116933493073,0.3215018694268405,1798
noise,2,0,0,True,0.7107899796974801,0.6303801296179803,7477
noise,2,8,8,True,0.6610719103056151,0.5823531148002463,8121
noise,2,0,0,True,0.6928623968622394,0.6041231991512098,5621
noise,2,3,3,True,0.7157767190980938,0.5975390372370858,4922
noise,2,4,4,True,0.7943277113732359,0.669618720515198,9701
noise,2,2,2,True,0.7708820464326293,0.6432313699282962,4715
noise,2,9,9,True,0.8760460914342796,0.756669081819916,779
noise,2,8,8,True,0.7839470459077177,0.6860005496466475,6152
noise,2,5,5,True,0.7639435939649888,0.635366807174613,1696
noise,2,4,4,True,0.705501570762194,0.6161282360899051,5219
noise,2,7,9,False,0.5734068892165902,0.48489152926889745,1435
noise,2,7,1,False,0.42687268180475185,0.3564577926633019,9715
noise,2,4,4,True,0.6740129069790458,0.5754039826009747,6732
noise,2,8,8,True,0.5251274545654555,0.43894880641373624,9830
noise,2,1,1,True,0.6493094573940663,0.5790462211441421,8937
noise,2,2,2,True,0.8581767809092778,0.7410901754119076,3367
noise,2,0,0,True,0.7594880170367194,0.6768690956209633,9262
noise,2,1,1,True,0.6998780915723922,0.601026450794408,3577
noise,2,1,8,False,0.4404251753941135,0.3812476778473228,7156
noise,2,6,2,False,0.5900009435487436,0.5539684548327011,172
noise,2,8,2,False,0.5044550462988164,0.41132557992038715,843
noise,2,5,1,False,0.5758594080777345,0.5301701217344683,5559
noise,2,4,8,False,0.5316068537674701,0.4999563064552661,6429
noise,2,2,5,False,0.41877537930281805,0.38627542233262535,1674
noise,2,1,7,False,0.31508587252157566,0.2762135822559188,7624
noise,2,5,9,False,0.38731456352962046,0.37275542043497223,746
noise,2,1,0,False,0.412876418890248,0.3595097288589108,5059
noise,2,7,2,False,0.405141712970834,0.34525474431099445,9485
noise,2,4,4,True,0.9194103343347096,0.7887334173006699,2287
noise,2,3,3,True,0.6296953187003893,0.5388371461129602,6723
noise,2,0,0,True,0.7105660334709428,0.6000486659519098,1299
noise,2,2,2,True,0.6470091199478237,0.5871579086378295,9978
noise,2,0,0,True,0.6471198388069119,0.5495828959334395,7013
noise,2,7,7,True,0.6938279107411874,0.6041607843515818,823
noise,2,4,4,True,0.7808920127876862,0.6498827730815572,2457
noise,2,7,7,True,0.8332425156175681,0.7238723519099167,7245
noise,2,5,2,False,0.604073324914121,0.5053438052925481,3622
noise,2,9,9,True,0.649188515665206,0.5432005218569205,6634
noise,2,7,7,True,0.7682911453327846,0.6658617153309453,6854
noise,2,1,1,True,0.770637086314335,0.6911809686708035,6359
noise,2,1,1,True,0.749230106844276,0.6606538645724305,4818
noise,2,8,1,False,0.48704716164884787,0.43917249512417583,4392
noise,2,2,8,False,0.40901306725465736,0.3600627635668786,3713
noise,2,7,7,True,0.7378520683644705,0.6354614528067896,8939
noise,2,6,6,True,0.7154679097101143,0.6389705360234819,9090
noise,2,7,7,True,0.8156194981629697,0.6970130301921081,1357
noise,2,2,8,False,0.5606079891280618,0.5082054738478065,5212
noise,2,3,0,False,0.5283599315260521,0.48882488057582546,3611
noise,2,5,0,False,0.4399806788302748,0.37215584134621804,6219
noise,2,0,0,True,0.7504689092552054,0.6390096629542604,4184
noise,2,3,0,False,0.36097789058457574,0.3109172968685973,3024
noise,2,5,6,False,0.5550338603365376,0.4574395287709887,5298
noise,2,2,9,False,0.49873642410512653,0.4295379058566804,7214
noise,2,2,2,True,0.6963623833565847,0.6329370205974871,6056
noise,2,9,9,True,0.8021653455233982,0.6759290328481815,9267
noise,2,2,2,True,0.731519181467631,0.6632952264205653,3323
noise,2,9,9,True,0.6523954689220499,0.560867259424681,3731
noise,2,9,6,False,0.5757318374912631,0.5466527746096287,2312
noise,2,6,6,True,0.7489594002719461,0.6379792289248456,7831
noise,2,1,1,True,0.80683345168885,0.6979287949390793,3114
noise,2,2,7,False,0.520911019913004,0.43957070562220546,9838
noise,2,9,9,True,0.721261893549699,0.6143185940455277,3128
noise,2,0,1,False,0.5938700803083939,0.5465531515993026,7928
noise,2,5,1,False,0.4235441163568004,0.3845032326060599,6421
noise,2,5,3,False,0.33112389545657483,0.3170316667216376,1056
noise,2,8,3,False,0.34827848604032463,0.2847249271144753,4330
noise,2,8,8,True,0.7541129766508894,0.6690925992164143,9154
noise,2,2,2,True,0.7227390445222585,0.6098993215095102,5174
noise,2,5,6,False,0.4071554587858632,0.33433576970732665,539
noise,2,6,6,True,0.6760558484725379,0.5944227939787283,4013
noise,2,9,9,True,0.9283522761723858,0.8086702014147562,3522
noise,2,5,9,False,0.42682692037113323,0.37886979804144627,9043
noise,2,1,1,True,0.6398011677463992,0.5731821608369926,5799
noise,2,9,9,True,0.7448183464749132,0.6655669208563497,3652
noise,2,5,5,True,0.7918146814425705,0.7174370660100589,7373
noise,2,1,1,True,0.7020504715584232,0.5879360408585429,8077
noise,2,1,0,False,0.7279134574725334,0.663766763760658,7189
noise,2,2,2,True,0.6468748846720883,0.6024898817651866,9747
noise,2,7,7,True,0.7733674355476441,0.6650377198864568,6747
noise,2,9,9,True,0.5896306821945303,0.4828162462038872,1372
noise,2,4,7,False,0.43883159911543507,0.36033688098673744,2913
noise,2,0,0,True,0.772946779754714,0.6627677351728326,7158
noise,2,8,8,True,0.7121960626522537,0.6606494850605641,5142
noise,2,6,1,False,0.38901785747604445,0.34600677885870135,1431
noise,2,5,5,True,0.6904214282141973,0.5895145316470315,9483
noise,2,0,4,False,0.4820695984246361,0.4110511134937947,5671
noise,2,9,9,True,0.7687562744363956,0.6419883867708204,5592
noise,2,0,0,True,0.6654765155986043,0.5981465588524215,8838
noise,2,6,6,True,0.6871398252332903,0.5972274765539151,4819
noise,2,5,2,False,0.48656122772171884,0.47057363375870964,215
noise,2,5,5,True,0.7094697971636627,0.6306135155176422,3237
noise,2,5,5,True,0.6736277352292531,0.6041823012660106,429
noise,2,3,3,True,0.5708449260220857,0.4953760905039193,1022
noise,2,5,5,True,0.7593940676694252,0.6386643507555416,1996
noise,2,3,7,False,0.47854100895718854,0.4042882380070267,9402
noise,2,4,8,False,0.560486634854107,0.4640287007482093,1162
noise,2,6,6,True,0.6470080715626523,0.5831647552246163,1869
noise,2,7,7,True,0.731020998292282,0.6286695448035219,4156
noise,2,1,1,True,0.7684377408420615,0.6872220905075936,648
noise,2,9,5,False,0.5031252555105891,0.44537475523015196,8196
noise,2,0,0,True,0.8610452416393722,0.7410320882780574,7975
noise,2,2,2,True,0.7863819602084022,0.6600326094777709,4389
noise,2,3,9,False,0.5122622429515924,0.4564555611681071,7681
noise,2,3,8,False,0.4641925145487099,0.40519097703746754,2507
noise,2,3,3,True,0.7338929822712863,0.6568527134897018,7507
noise,2,3,3,True,0.7336154203618123,0.6242648937900285,5180
noise,2,4,7,False,0.48304439236770313,0.4379098889824884,4607
noise,2,7,8,False,0.47436388987810796,0.4510262747208425,821
noise,2,8,8,True,0.7318647718443967,0.6425361743609316,4964
noise,2,3,3,True,0.8251768002119684,0.7321061092350107,912
noise,2,2,2,True,0.7547192446539912,0.6679491628794442,3076
noise,2,6,6,True,0.7004757611704977,0.6483662266852734,122
noise,2,0,0,True,0.5935072187700664,0.526912344388433,9857
noise,2,4,1,False,0.5466438725152105,0.49364646867263917,9018
noise,2,2,2,True,0.8960944951808598,0.7759548003334117,6270
noise,2,6,6,True,0.7546809457000649,0.6409910331314,133
noise,2,0,4,False,0.3343417884992815,0.27502700651076584,8358
noise,2,8,8,True,0.7579565511303873,0.6846015497735627,5824
noise,2,2,2,True,0.654186068935732,0.5508909711685214,3101
noise,2,5,1,False,0.41785009645776877,0.3850898719847721,6065
noise,2,5,5,True,0.6547247685605628,0.5798363858841536,3026
noise,2,4,8,False,0.43151839775016543,0.40014634498555524,2136
noise,2,4,4,True,0.5616012043329662,0.48206678323135693,2746
noise,2,2,2,True,0.6021874086216932,0.5110446990387749,4302
noise,2,7,5,False,0.4745845135777464,0.4259642733030796,8904
noise,2,5,5,True,0.6510494431031975,0.5625451931735675,3806
noise,2,2,2,True,0.7727913689442304,0.6472520968704703,9022
noise,2,2,2,True,0.8065317911876171,0.7393225333562815,9829
noise,2,4,4,True,0.7313263748165966,0.6207992552748562,9054
noise,2,8,8,True,0.7061146230143143,0.5953247753224669,9680
noise,2,9,6,False,0.41892440935411884,0.3662430325874135,7029
noise,2,3,7,False,0.5036292198596674,0.46814200826387553,2787
noise,2,3,3,True,0.8263127409645304,0.6740311289573785,2309
noise,2,1,1,True,0.8801227099315594,0.7865019757333345,3628
noise,2,5,5,True,0.8459849464296765,0.715857734436099,3396
noise,2,2,2,True,0.5578749412181145,0.49448420483756245,9288
noise,2,8,8,True,0.6950378592911909,0.5922620411630363,5043
noise,2,5,8,False,0.4567838765324459,0.44310463213261914,9082
noise,2,2,2,True,0.7670446368338034,0.6694803430415799,6364
noise,2,9,9,True,0.5918148369838361,0.5038807804294358,8566
noise,2,8,5,False,0.5112883107596611,0.4435732377089581,8070
noise,2,3,3,True,0.8345431799700314,0.7261544444725604,3595
noise,2,1,1,True,0.6852704545112176,0.601033418489779,2680
noise,2,2,3,False,0.4815282379148826,0.43307425189807663,7487
noise,2,3,4,False,0.5731995393338487,0.502191516280125,7776
noise,2,4,4,True,0.7612379714649772,0.6345090274130563,5750
noise,2,8,8,True,0.6641961850829202,0.572761403902449,324
noise,2,9,9,True,0.749330051374724,0.6640637111653325,323
noise,2,7,8,False,0.3869756614992903,0.33053165614681673,7323
noise,2,8,8,True,0.5904639898092783,0.530350016931854,4617
noise,2,1,5,False,0.654855387712971,0.5722614422151815,5525
noise,2,1,6,False,0.34117866634546623,0.30064706325831647,5275
noise,2,9,2,False,0.4068107044053853,0.38467197659536934,8098
noise,2,6,6,True,0.6882910622654712,0.5652847740379648,1469
noise,2,2,2,True,0.8471920295260188,0.721606807131823,5211
noise,2,7,7,True,0.777322403642298,0.7003726172895287,4152
noise,2,1,1,True,0.8217450425308607,0.7500842694143023,3315
noise,2,7,7,True,0.683304585800864,0.6415287476241683,9831
noise,2,8,0,False,0.5131390668518081,0.45217531743080297,9903
noise,2,4,4,True,0.7621759132797226,0.672007473880075,1225
noise,2,6,6,True,0.6859944712548927,0.6144438571113721,5595
noise,2,7,7,True,0.7223574312797088,0.654505322030918,4711
noise,2,8,1,False,0.34880709387866204,0.31774786849035797,5027
noise,2,5,5,True,0.7619247358001774,0.6811590038990721,6101
noise,2,2,7,False,0.6500209088675838,0.5767132485463367,6345
noise,2,2,5,False,0.4564045150159729,0.41338831660174447,9069
noise,2,3,3,True,0.7548570561394329,0.6382611129805164,545
noise,2,0,6,False,0.5985802042849326,0.5172088992546682,1394
noise,2,6,6,True,0.7659613716521667,0.6556117819427852,9957
noise,2,3,3,True,0.7008047629013618,0.5869061393945871,1103
noise,2,7,7,True,0.6763895406938171,0.5568990051055261,6245
noise,2,0,0,True,0.7734980923830942,0.6640008285537871,8259
noise,2,3,7,False,0.5300688251483219,0.4602808548473484,4847
noise,2,3,2,False,0.43057827030980683,0.38309227128389267,4158
noise,2,0,0,True,0.6825558166205553,0.6062872009442749,1346
noise,2,8,8,True,0.7153621212991634,0.6268202479764053,7926
noise,2,5,5,True,0.6858395477748785,0.5928253920580352,8385
noise,2,8,8,True,0.8520095287905814,0.7209055731564566,6580
noise,2,8,7,False,0.4050445863810363,0.37682928037390523,1124
noise,2,0,0,True,0.7311680186837771,0.6344563715354226,6906
noise,2,8,4,False,0.45745676506666166,0.39516245440652426,9367
noise,2,0,0,True,0.7891191557629312,0.6820221967502262,2004
noise,2,8,3,False,0.39115353362661653,0.3328256166355299,2563
noise,2,6,6,True,0.6777802151135168,0.5804997043782671,8407
noise,2,8,8,True,0.7918091730461269,0.6767886308234041,6334
noise,2,4,5,False,0.37716983872932697,0.32984761455991857,356
noise,2,1,1,True,0.5297241912691554,0.4783806617151438,5893
noise,2,1,1,True,0.7173783388988553,0.6329138294348392,6534
noise,2,1,7,False,0.372020609447114,0.3621522661756626,8548
noise,2,8,8,True,0.7028323075375071,0.6366420432491212,6852
noise,2,5,5,True,0.7428290932551844,0.6855331647315982,1800
noise,2,2,2,True,0.5852249597672792,0.5236243853956039,4131
noise,2,1,1,True,0.503518352052742,0.4538527036923013,9122
noise,2,0,4,False,0.42027126041049345,0.36248225579617677,4493
noise,2,2,5,False,0.5489056816973811,0.4980901273926839,5092
noise,2,7,7,True,0.4720035017183287,0.4030806378597176,9779
noise,2,8,8,True,0.6625163146208394,0.5487297569400819,1885
noise,2,6,6,True,0.576179122464049,0.5352787219393966,4021
noise,2,9,9,True,0.7105900661974922,0.594017924375215,50
noise,2,3,1,False,0.46457207239822956,0.4186632973304071,8542
noise,2,3,3,True,0.7126259204268719,0.6031254049061738,4183
noise,2,6,7,False,0.3647629823995191,0.3475818874954279,4734
noise,2,1,4,False,0.475063339156518,0.4440628379984542,1701
noise,2,9,6,False,0.42241089829700673,0.38463281970091945,2443
noise,2,7,7,True,0.7128006583848528,0.645807853816649,7745
noise,2,0,0,True,0.8041316739316003,0.6986586643584827,5840
noise,2,1,0,False,0.6532927758235223,0.6149823530665149,2193
noise,2,6,6,True,0.7530900609253162,0.6700498564563768,5287
noise,2,7,7,True,0.7188975877946028,0.6080519184329385,1382
noise,2,2,7,False,0.3487768380407449,0.31285244650951594,646
noise,2,7,2,False,0.33407722280959906,0.2959155988638579,3185
noise,2,4,4,True,0.7030829904096662,0.607612060679463,8799
noise,2,6,5,False,0.4350016988370819,0.3516086594535355,714
noise,2,4,4,True,0.6462282906968574,0.572031337981198,2479
noise,2,4,5,False,0.45739749849207734,0.3760728141394547,6275
noise,2,3,3,True,0.7677632066470734,0.6170905800395647,5460
noise,2,1,1,True,0.6525172061558395,0.5627593524099975,4813
noise,2,1,1,True,0.7707182907641845,0.6549926740817121,2758
noise,2,1,6,False,0.3441754927105462,0.2903184285512532,2500
noise,2,8,1,False,0.4444854305154929,0.33075069693085857,6215
noise,2,4,4,True,0.6910698290283799,0.5853924971550619,904
noise,2,3,3,True,0.7193670268693537,0.6229891355354966,2534
noise,2,8,8,True,0.8053144635047893,0.686834215177149,8486
noise,2,8,8,True,0.7714809321717349,0.6785056658710412,6393
noise,2,2,7,False,0.5688449572932205,0.5263714266687487,5500
noise,2,3,3,True,0.6445522846673248,0.5731967907723297,9658
noise,2,4,3,False,0.4855665403509467,0.4482594451803444,7302
noise,2,8,4,False,0.592481802630584,0.5407920660289653,69
noise,2,6,6,True,0.6760444016490321,0.569260526060343,1204
noise,2,5,5,True,0.857305238638563,0.7524917466965024,77
noise,2,2,1,False,0.6172544284097246,0.5595694112155752,7244
noise,2,3,8,False,0.6640765802234795,0.5707458836289879,891
noise,2,0,8,False,0.4106562293882237,0.3482452619793843,3118
noise,2,7,7,True,0.7117749429029402,0.630616830651828,5271
noise,2,9,9,True,0.7034516471140672,0.5833013226112036,6788
noise,2,7,9,False,0.4721854998189227,0.39459758318475846,6259
noise,2,3,3,True,0.8087618378395909,0.6891124352119835,4050
noise,2,4,7,False,0.5580403597488383,0.4983445900491267,6024
noise,2,9,2,False,0.42376954244434556,0.37958236150880703,393
noise,2,4,4,True,0.7958380181075639,0.7121097329824719,7426
noise,2,8,8,True,0.7346608582613228,0.621024328434856,8538
noise,2,5,5,True,0.7622094943495272,0.6433686107717479,6136
noise,2,4,1,False,0.3810347353571599,0.3493577644285792,1201
noise,2,5,5,True,0.7690084578919107,0.6526838511259834,7140
noise,2,2,2,True,0.6676956937219367,0.5704712613537578,589
noise,2,4,9,False,0.5761358162313328,0.46758014701159795,6230
noise,2,3,6,False,0.5549912918321618,0.49255951808560927,4730
noise,2,7,7,True,0.6734668576762489,0.618272638461135,6950
noise,2,6,8,False,0.521282630715644,0.43750445778228975,7973
noise,2,3,3,True,0.7840761568759232,0.701898805578937,8488
noise,2,8,2,False,0.5207597055421634,0.45645777809103993,6778
noise,2,4,6,False,0.5275362583664203,0.4280975268432566,8726
noise,2,9,9,True,0.7107266630617971,0.6012231264899649,7259
noise,2,6,6,True,0.7152571346197898,0.6038392177707459,9640
noise,2,8,8,True,0.7445555542807951,0.6415416654358633,2675
noise,2,9,6,False,0.5907145007654009,0.5254976114195248,7159
noise,2,3,1,False,0.6454100103583613,0.6005769655494357,9081
noise,2,2,2,True,0.7715779596827128,0.6422183498319362,6746
noise,2,8,7,False,0.6364814611871661,0.5463136940706914,5272
noise,2,2,2,True,0.7113869205556269,0.6017592654140687,7856
noise,2,7,0,False,0.5812719819158702,0.4837215953987037,496
noise,2,1,5,False,0.5306467154584896,0.4679586618719075,508
noise,2,8,8,True,0.7502174096942281,0.6527143980638308,4492
noise,2,6,6,True,0.8578856494249125,0.7079267550695182,5940
noise,2,5,0,False,0.34365455411870827,0.30746938155981135,3817
noise,2,4,9,False,0.46943251162267896,0.3899097150210543,5250
noise,2,6,6,True,0.5290273675094899,0.4649098167657659,1355
noise,2,3,8,False,0.4584038898465641,0.4300332362337013,4709
noise,2,3,3,True,0.5665704527570274,0.5058462440649921,3914
noise,2,2,2,True,0.9249115710427833,0.8047251772745077,2852
noise,2,1,3,False,0.42044906808851296,0.36180639272716825,1572
noise,2,8,8,True,0.8332306448618427,0.7245834011494618,8926
noise,2,7,9,False,0.4408184617466655,0.40096077692961535,2436
noise,2,4,8,False,0.5004571649700327,0.4496719170806959,8643
noise,2,8,8,True,0.7012200625449919,0.6090526778869721,6636
noise,2,6,6,True,0.6630272829494179,0.5829207169857836,2690
noise,2,5,5,True,0.7929896133155431,0.6627099349173701,6611
noise,2,1,1,True,0.6961225516625226,0.5920174334175894,6188
noise,2,5,6,False,0.5997314734287224,0.5389229474653336,481
noise,2,1,1,True,0.7729820809564921,0.6888754278405024,7121
noise,2,6,7,False,0.5503159745861329,0.4846405502150002,4402
noise,2,0,0,True,0.7036814166598397,0.6427085188481668,4584
noise,2,5,5,True,0.7385684691897755,0.6529435871405366,4570
noise,2,3,8,False,0.4933513380391212,0.4296860869759917,5676
noise,2,1,1,True,0.6906761055264051,0.5776796346366332,3233
noise,2,4,2,False,0.3430317197563208,0.335351626793451,8517
noise,2,2,7,False,0.32265853465894456,0.3046661036031944,1182
noise,2,2,3,False,0.48286981090793935,0.4614055677303588,1428
noise,2,8,8,True,0.7159899889545023,0.6669284397214053,3022
noise,2,3,3,True,0.7663563990799254,0.6406641330822813,5777
noise,2,4,2,False,0.42312378585986843,0.34896854309834446,7152
noise,2,0,0,True,0.7641772320366709,0.6072866489797888,1181
noise,2,3,0,False,0.4959111556552974,0.45489172504759795,9777
noise,2,3,6,False,0.46686058944235326,0.42496115477575225,8544
noise,2,7,7,True,0.8735404482727009,0.7594649610343127,8412
noise,2,1,4,False,0.3945295497360439,0.32582745265476937,9446
noise,2,9,8,False,0.5079707408384962,0.4449944559302264,7742
noise,2,1,1,True,0.6402058769842173,0.5628691053367387,3954
noise,2,6,1,False,0.43599882340439644,0.40125351323132036,2615
noise,2,0,2,False,0.5465774266023568,0.485050550901309,9016
noise,2,8,8,True,0.8391426362961805,0.7415472667515768,3277
noise,2,6,9,False,0.5477376295975462,0.4780943677596333,5033
noise,2,8,8,True,0.8597445542647053,0.7694125090035046,7707
noise,2,9,9,True,0.6640477303690986,0.5920751723626027,5293
noise,2,8,1,False,0.38885684371365475,0.32178965574259005,9050
noise,2,6,0,False,0.4896554746299833,0.45899156078861064,6137
noise,2,8,8,True,0.7041408416288936,0.6380311458388622,1274
noise,2,0,4,False,0.6077163337354785,0.5408683784162155,8929
noise,2,6,6,True,0.8174127004510411,0.7154151494831342,2425
noise,2,9,9,True,0.6855162039332666,0.6308610047208432,6281
noise,2,3,3,True,0.6290608727561847,0.5170354845173155,1604
noise,2,9,4,False,0.4529400288426335,0.4248235149974315,977
noise,2,5,5,True,0.77667461995503,0.6656492929902884,834
noise,2,4,4,True,0.7611022709598094,0.6838404792440457,1719
noise,2,3,6,False,0.4634880349827585,0.4113723466787256,9271
noise,2,1,1,True,0.7080764224813928,0.5920064386410192,4258
noise,2,8,8,True,0.6155410193919566,0.5282794702824494,6988
noise,2,7,7,True,0.5417798154974739,0.49594742463617214,4881
noise,2,4,0,False,0.6305944123978982,0.546801092911816,812
noise,2,9,4,False,0.5042969677980849,0.43122271433401,1171
noise,2,1,0,False,0.4779998512653287,0.408736432419629,3832
noise,2,7,7,True,0.7522911808251053,0.6672924521460152,4230
noise,2,4,4,True,0.6154928841414051,0.5731816521229937,9339
noise,2,6,4,False,0.4214637695396992,0.3304265366960187,4352
noise,2,0,0,True,0.8694664102392994,0.8100601376502702,7413
noise,2,6,6,True,0.7826677828681775,0.6843425400174735,994
noise,2,6,6,True,0.6689121873897651,0.5951798419872769,1923
noise,2,9,9,True,0.6318547737533409,0.5433513227473916,7155
noise,2,3,3,True,0.6887444712844346,0.6003624980946328,3928
noise,2,0,3,False,0.5189086491234604,0.45992261199756346,6882
noise,2,0,0,True,0.8939316828677363,0.7538600105908352,7135
noise,2,1,2,False,0.43446005191593523,0.3681774153633943,6532
noise,2,2,2,True,0.634835857269359,0.5783018294967802,1560
noise,2,8,4,False,0.488976087521972,0.3995827374864918,7925
noise,2,1,1,True,0.75114707747024,0.6622957979159748,5168
noise,2,1,5,False,0.4749617994516258,0.41130719134649824,1366
noise,2,0,0,True,0.7621732427562091,0.6436331133532662,4849
noise,2,3,2,False,0.36009819086016415,0.36052209927052753,6106
noise,2,6,6,True,0.741093702660061,0.6258395960358231,4057
noise,2,2,2,True,0.6662347878520256,0.5586975296795323,7420
noise,2,4,8,False,0.472825941261026,0.4131625960014614,2952
noise,2,2,5,False,0.45612212177513406,0.38733263082682196,940
noise,2,8,2,False,0.43555690253154544,0.3853509802917046,4412
noise,2,0,8,False,0.5093803560759512,0.45108128859758634,7167
noise,2,2,4,False,0.5354504084144107,0.47482600846494766,6889
noise,2,5,5,True,0.8851760120822103,0.7649217933250075,2791
noise,2,8,8,True,0.7933823596360918,0.6753317716288335,8307
noise,2,4,4,True,0.5865778128841246,0.5264592018050924,1281
noise,2,0,9,False,0.39813996285982634,0.35118511310076955,8493
noise,2,5,5,True,0.6512780957836946,0.5586740351750408,4423
noise,2,2,2,True,0.8558548325407418,0.7720764816415809,8975
noise,2,3,3,True,0.801273736844189,0.6936564371097316,2883
noise,2,9,9,True,0.8598969756446629,0.7677521613278954,184
noise,2,9,9,True,0.7308167429250204,0.6607310004284551,5762
noise,2,2,2,True,0.7132408537630177,0.6470081824070809,1421
noise,2,5,5,True,0.63019924111515,0.5644925111100995,1772
noise,2,5,8,False,0.513546262642964,0.4515016533090041,2841
noise,2,9,9,True,0.7143065466466383,0.6208797308366221,8410
noise,2,9,9,True,0.711226224761451,0.6146598886775676,7054
noise,2,3,3,True,0.8594440672842271,0.7021895437913305,4319
noise,2,0,0,True,0.7198923517708351,0.6412846351201671,3168
noise,2,0,0,True,0.8364785155238148,0.7308960495229441,5628
noise,2,0,0,True,0.6029540271085909,0.5440214083664748,9938
noise,2,7,7,True,0.9450489786290337,0.8159516008052394,7694
noise,2,7,5,False,0.4656973730217091,0.42413927030752324,7623
noise,2,8,8,True,0.786574721861922,0.6560383723254049,9247
noise,2,1,1,True,0.799301832955721,0.6710212458271314,305
noise,2,0,0,True,0.6902114615699652,0.5521555103400427,4774
noise,2,1,1,True,0.7955224072047242,0.6885070622073831,9489
noise,2,6,6,True,0.7996802541264991,0.6792777042519522,3153
noise,2,0,0,True,0.6729484399163386,0.5689385364254793,7267
noise,2,6,6,True,0.6738959820654485,0.5945046323149373,2337
noise,2,8,8,True,0.7336245458787793,0.6300707201130099,1176
noise,2,1,6,False,0.4356930877898841,0.3566773044853282,8320
noise,2,7,7,True,0.8414504076679628,0.7811281819728103,6192
noise,2,5,5,True,0.7862134547956063,0.6825412241665039,4810
noise,2,9,9,True,0.7243661144429527,0.6090479362177958,7435
noise,2,2,2,True,0.7784862366966139,0.6633165919734608,4915
noise,2,2,8,False,0.6185928944472723,0.5373411008999973,212
noise,2,0,0,True,0.6807751221094607,0.5901539345478976,1742
noise,2,7,7,True,0.753025680665511,0.6811151140266019,7343
noise,2,8,0,False,0.4642185180282304,0.40799714117135166,1527
noise,2,0,0,True,0.7459815467724634,0.6861884781939589,1568
noise,2,4,4,True,0.8466591199982125,0.7260117931182385,9477
noise,2,7,4,False,0.3698220113425181,0.3378774304463382,9884
noise,2,7,3,False,0.48116904066648686,0.4444332884530704,5919
noise,2,9,9,True,0.7187975483236985,0.6498809621693773,7247
noise,2,7,2,False,0.6106558440987344,0.5602949118325005,2838
noise,2,9,9,True,0.6941091557714909,0.5995525475881646,7851
noise,2,9,4,False,0.4761311732919711,0.41960171209267705,4795
noise,2,9,9,True,0.6413019092566168,0.5105181715368508,7593
noise,2,4,0,False,0.4164719750134861,0.365080977989452,9582
noise,2,4,4,True,0.7888357450884046,0.7073354668837436,347
noise,2,4,4,True,0.7049242408431118,0.6321223343137626,5360
noise,2,9,9,True,0.6868960533880601,0.5971319029596495,2659
noise,2,2,7,False,0.5158305439195925,0.4874387511902528,791
noise,2,7,6,False,0.5415451247957483,0.46763325038948994,6296
noise,2,6,7,False,0.5405437019130388,0.460139350145685,4778
noise,2,0,3,False,0.39615100438781425,0.34236511902511474,4653
noise,2,4,4,True,0.822046782159442,0.6912904643388034,8179
noise,2,1,9,False,0.5055366117680559,0.45715402063691823,9437
noise,2,7,7,True,0.8106285944391614,0.7098039415054593,8347
noise,2,4,2,False,0.503422969144617,0.4551091127003855,2583
noise,2,3,7,False,0.5144477476725053,0.4439931624830053,3601
noise,2,0,0,True,0.8191977628485236,0.71015663883446,4274
noise,2,1,1,True,0.6720736350500143,0.5426942153243339,4539
noise,2,7,2,False,0.6124984353654193,0.5431481810868274,3419
noise,2,8,9,False,0.4823166356309827,0.4269459693875283,7235
noise,2,2,4,False,0.4293846749251401,0.3579664204564998,9219
noise,2,8,8,True,0.616999967950776,0.5373568221164277,4097
noise,2,5,5,True,0.7071109454506769,0.610887317591672,7731
noise,2,3,2,False,0.30590851162432564,0.31030847358082664,9455
noise,2,4,0,False,0.5477399880359204,0.45935645046797624,6367
noise,2,6,6,True,0.6420505277401046,0.5673714721564229,6122
noise,2,9,0,False,0.31823846511641846,0.26368732829538843,4649
noise,2,4,2,False,0.3849572084069641,0.3310561582645141,9439
noise,2,3,7,False,0.5551583189145333,0.4924209501511979,9802
noise,2,7,7,True,0.6640744664320091,0.5752360366499455,4613
noise,2,5,1,False,0.5634419242275149,0.4938058184691166,2514
noise,2,3,1,False,0.4698279476851163,0.4210081976969883,6680
noise,2,4,4,True,0.7796369887716715,0.6678176490319496,1526
noise,2,5,5,True,0.5070345704777174,0.46366231560236854,3008
noise,2,1,1,True,0.9421833350389555,0.8097462399183601,9041
noise,2,0,8,False,0.3656515654351535,0.32385272138882903,241
noise,2,6,6,True,0.7135190443698534,0.6287174132061325,5156
noise,2,1,3,False,0.5991899844178845,0.5288514907784985,7865
noise,2,5,5,True,0.6707998312021429,0.5980644150126785,4292
noise,2,7,7,True,0.752752774798611,0.6611791466085134,7637
noise,2,2,6,False,0.254393112571373,0.24061475891679054,2608
noise,2,3,6,False,0.4164993470812858,0.3625169947357901,2684
noise,2,9,9,True,0.8217873938193089,0.6921438627847022,5153
noise,2,0,0,True,0.6625407740329959,0.5496068798729894,68
noise,2,7,7,True,0.6187771952046275,0.5075464129710874,5424
noise,2,1,1,True,0.7188555918275406,0.6612817874079949,7581
noise,2,9,9,True,0.7029326807958899,0.5682373104586239,2069
noise,2,4,4,True,0.6823817863732424,0.618898988396798,7735
noise,2,0,0,True,0.6349323139105909,0.5382750865980528,1192
noise,2,7,6,False,0.6365564820091453,0.5798018291501696,4310
noise,2,1,9,False,0.5027791300122211,0.3983114599520789,902
noise,2,3,9,False,0.4816681178880771,0.4197160221671999,3927
noise,2,5,5,True,0.6558197084316992,0.6015272402274496,9603
noise,2,7,7,True,0.7409193595204581,0.6590456468619009,424
noise,2,4,4,True,0.6528022673529866,0.5631366180362227,4534
noise,2,8,9,False,0.4075462565982004,0.3225547720779007,7144
noise,2,4,4,True,0.847443722289285,0.7088773935028736,2580
noise,2,3,1,False,0.6170558521404699,0.567280416250587,8522
noise,2,3,3,True,0.6329106906048607,0.5460092629890572,7904
noise,2,8,4,False,0.6437747459204772,0.5607720519641369,9766
noise,2,6,6,True,0.7157876216384307,0.6290901804867187,2775
noise,2,1,1,True,0.7179874370006949,0.5992325431888396,2810
noise,2,7,0,False,0.5771853970583447,0.5137533910963966,7181
noise,2,4,4,True,0.785282992222266,0.674098233775546,9333
noise,2,3,7,False,0.34835231962381585,0.31697352739175433,8099
noise,2,0,0,True,0.7251455746632574,0.6198127200530281,2105
noise,2,9,4,False,0.4867004341800481,0.39723304785181773,3211
noise,2,0,3,False,0.4583951711558022,0.39608844484619155,9321
noise,2,9,9,True,0.7966836894452134,0.7049966883705914,3131
noise,2,0,9,False,0.47653940004693995,0.4279396918214397,4368
noise,2,5,4,False,0.42180783880476447,0.37415528033074436,8682
noise,2,1,1,True,0.8201909108747195,0.7301249113037184,5938
noise,2,4,4,True,0.7415435317374417,0.6412401217259409,1898
noise,2,8,8,True,0.6838264788941493,0.5973780333403312,6239
noise,2,5,6,False,0.4258363854512211,0.36736559003966346,3099
noise,2,5,5,True,0.6527053947009481,0.588931945030875,3962
noise,2,1,0,False,0.31609331221044334,0.28950988633331215,7908
noise,2,9,9,True,0.7846429666497429,0.670807359448814,784
noise,2,3,7,False,0.4560710028123595,0.3728797574599495,3019
noise,2,5,5,True,0.7265771541099784,0.6546898064914481,211
noise,2,8,6,False,0.39809236721368835,0.33849721110794234,2954
noise,2,6,6,True,0.5595941884993183,0.49209634727421153,845
noise,2,7,7,True,0.6169658482671947,0.5864729646900069,6502
noise,2,1,1,True,0.6705883728384568,0.6010303077473544,7583
noise,2,4,2,False,0.6529153228686352,0.6022010162148798,9118
noise,2,5,5,True,0.7531488499692852,0.6444140262230695,8079
noise,2,1,7,False,0.3346487521475504,0.32087096726182196,6422
noise,2,3,3,True,0.7197248624879171,0.6272995129737673,9239
noise,2,8,8,True,0.8427133548097148,0.7386266900036291,62
noise,2,9,6,False,0.4447764881005341,0.43347684914624524,797
noise,2,8,8,True,0.7191570298601377,0.620710558898123,1855
noise,2,9,9,True,0.7259210256577923,0.6324179608826541,2297
noise,2,9,9,True,0.8173749063067535,0.6917043773305812,4870
noise,2,1,8,False,0.4796280334912106,0.4404531995856905,7573
noise,2,8,6,False,0.364780555312409,0.3138509340498149,1512
noise,2,6,6,True,0.5976125507993663,0.5434248764958389,6516
noise,2,8,2,False,0.6063024576781024,0.49735882419148997,9336
noise,2,6,3,False,0.503244309400597,0.45373042442717954,7418
noise,2,1,0,False,0.4553605604791038,0.3891826102859771,6420
noise,2,5,5,True,0.8374394121944502,0.7414338531518868,8724
noise,2,7,6,False,0.458892018632047,0.4047870323801554,9324
noise,2,1,1,True,0.6701982937308996,0.5739617713738987,627
noise,2,5,7,False,0.5363474282972467,0.46316412171513976,2097
noise,2,6,6,True,0.8816764239878645,0.747417194388512,4521
noise,2,4,9,False,0.624108723037933,0.5622481696886602,2253
noise,2,7,2,False,0.4069241557047435,0.33991278536052366,9340
noise,2,1,7,False,0.5026165315861273,0.4368824790735522,7006
noise,2,3,3,True,0.6783054911271782,0.598464459052151,850
noise,2,9,5,False,0.4885382559703814,0.4625274080837946,3433
noise,2,5,5,True,0.6760877049144564,0.5894885771594516,7209
noise,2,1,9,False,0.4837136015376966,0.4213063495762733,5145
noise,2,1,1,True,0.8748263503811793,0.764075095126323,6801
noise,2,5,0,False,0.5540681033995353,0.4444886035761164,5872
noise,2,9,9,True,0.6461582494981098,0.540261598059579,5159
noise,2,0,0,True,0.620690236161202,0.5350793707594528,4651
noise,2,1,1,True,0.7401694205891584,0.6298846244861316,9276
noise,2,3,3,True,0.6691283876405768,0.551742463709622,7779
noise,2,2,2,True,0.7497282513586029,0.6694245866781642,4726
noise,2,1,8,False,0.31839685846939736,0.2908324642901342,5267
noise,2,2,1,False,0.48242224558529617,0.4278642136931519,600
noise,2,6,7,False,0.5279320369545288,0.449862408388262,2703
noise,2,8,4,False,0.46449002481011276,0.41140438038186916,4228
noise,2,3,3,True,0.7029357426048023,0.6227843704029031,5030
noise,2,7,7,True,0.8674711169823095,0.7470525283568975,3063
noise,2,8,8,True,0.7437191338743622,0.6560527085780151,5596
noise,2,0,0,True,0.8856377558491675,0.75187088283529,9929
noise,2,8,2,False,0.362838788566611,0.32536267654141365,9641
noise,2,1,0,False,0.4709559853006386,0.43816255316406477,4484
noise,2,6,1,False,0.6683561263369946,0.6077431014579662,3001
noise,2,7,3,False,0.36390994415716116,0.3508752286325802,8738
noise,2,8,8,True,0.8274914871215164,0.7240791323619473,907
noise,2,4,1,False,0.5957913229285114,0.5220549035863896,6919
noise,2,6,6,True,0.7724794622547655,0.6626317645933624,3779
noise,2,0,3,False,0.5210222523608485,0.4217192193763729,3053
noise,2,4,4,True,0.7172978804954624,0.5978052044931332,6140
noise,2,9,9,True,0.8210129561282685,0.7094999132697231,1753
noise,2,1,1,True,0.8376728998985712,0.7248561959312169,4386
noise,2,1,1,True,0.6825709816576261,0.623429794985112,7328
noise,2,7,7,True,0.6704992820516024,0.6112203723313745,8030
noise,2,5,5,True,0.6576692969383826,0.5602891795678935,8001
noise,2,4,4,True,0.7963760492584124,0.708286156171431,3398
noise,2,2,7,False,0.4455524747317554,0.3841782262305139,3639
noise,2,1,1,True,0.7954082724817397,0.7047493584695548,7464
noise,2,7,7,True,0.7736552274496811,0.6887272978943638,9561
noise,2,3,0,False,0.3050941576728409,0.29917189026486957,2979
noise,2,7,7,True,0.8551087451081013,0.7319895662462322,1933
noise,2,4,1,False,0.4607982240659418,0.426964564199669,4180
noise,2,3,3,True,0.8627626079806848,0.7108919360611566,7800
noise,2,2,2,True,0.7555108691396397,0.683108552399471,428
noise,2,6,6,True,0.5641226914673046,0.4940039532908386,4210
noise,2,2,2,True,0.8573503708657291,0.7436732552761558,1448
noise,2,9,2,False,0.5305931127647303,0.42525541573621173,6325
noise,2,4,2,False,0.38377374261911035,0.3334343634812962,9179
noise,2,8,8,True,0.6528223547806883,0.5970085895558561,7821
noise,2,4,6,False,0.2585303744715247,0.22621678046673974,4168
noise,2,4,4,True,0.9232356929448313,0.8140195942226108,205
noise,2,4,4,True,0.6561294500670525,0.5734011351112768,6601
noise,2,4,7,False,0.5470104091737158,0.5012122305896524,2241
noise,2,4,2,False,0.5276574584266249,0.4673388589667137,6500
noise,2,8,8,True,0.5989685226591108,0.5054870136382821,8152
noise,2,7,7,True,0.6514761281244354,0.569883722502749,3443
noise,2,0,0,True,0.8095975355328374,0.735182243276936,8976
noise,2,0,0,True,0.7671368475855503,0.6770192220084418,9573
noise,2,0,6,False,0.3628821443770267,0.3211208965745994,1319
noise,2,6,6,True,0.7314645338345104,0.681859730142,3245
noise,2,2,7,False,0.4120223619604234,0.3884033217175843,9487
noise,2,3,3,True,0.7250401752504768,0.6476188272708745,1614
noise,2,8,8,True,0.6690550893952278,0.5900436752908311,346
noise,2,1,1,True,0.6835808544378058,0.6106492029671571,8755
noise,2,1,1,True,0.6811457489963654,0.6092285281105674,4095
noise,2,0,0,True,0.6719311318515396,0.542485155162766,8978
noise,2,2,8,False,0.4731997043851083,0.425118472983931,5870
noise,2,0,9,False,0.5071746032934265,0.4428822956126993,6907
noise,2,6,9,False,0.4868654544462308,0.41884011081656464,2406
noise,2,7,7,True,0.6344484965965943,0.5503724765062205,4426
noise,2,1,4,False,0.2649095432496089,0.20905613802572354,2692
noise,2,5,0,False,0.4426390955108009,0.35515102918343716,1109
noise,2,3,1,False,0.5360492705098358,0.4955719282823303,8543
noise,2,0,0,True,0.7171020488236768,0.6337798978943038,9381
noise,2,4,4,True,0.7370976330974129,0.5932727455885555,9327
noise,2,6,1,False,0.4753113300701101,0.40748693973155875,7220
noise,2,2,2,True,0.6933432100624409,0.6219527632210053,2316
noise,2,7,7,True,0.8224063977758843,0.708445150635089,5237
noise,2,9,9,True,0.7663566898354763,0.6913032854361221,5847
noise,2,0,0,True,0.7976644258996061,0.7140097980001978,6394
noise,2,1,1,True,0.7771503959733065,0.6484436123910963,7692
noise,2,2,9,False,0.6022773487482314,0.52406926445902,4232
noise,2,8,6,False,0.5072344724758038,0.43718751310825915,9565
noise,2,1,1,True,0.8364835173430667,0.6982262238545647,9186
noise,2,4,4,True,0.9159843167676731,0.7645011827554168,1333
noise,2,5,4,False,0.6718789930608067,0.5699767131768512,5736
noise,2,1,1,True,0.6764442578777995,0.5771591110058768,7414
noise,2,0,0,True,0.7977849633444662,0.6987818143876635,2285
noise,2,1,1,True,0.7868348143187676,0.7046938616352408,9494
noise,2,0,0,True,0.883623592418575,0.7763529526720362,7148
noise,2,5,0,False,0.3714874855208833,0.3457718074983673,7231
noise,2,9,9,True,0.7746360865114349,0.6681083171053124,1754
noise,2,3,8,False,0.441995922249678,0.4027565378444841,8085
noise,2,2,2,True,0.7710036083280107,0.667385567447004,7968
noise,2,2,3,False,0.4825297886566117,0.4163208726930643,4614
noise,2,9,0,False,0.39021962549680245,0.38462870065019455,4655
noise,2,9,9,True,0.6171729451134861,0.49298748421551325,9564
noise,2,6,6,True,0.7934581185244718,0.6519733147996538,7799
noise,2,4,4,True,0.7464847612148879,0.6571660421153268,1564
noise,2,1,6,False,0.36529409631275406,0.32020033489519195,5921
noise,2,9,6,False,0.7399028144790554,0.6151777053038586,94
noise,2,0,0,True,0.6994013281385741,0.5883989098945126,8552
noise,2,1,1,True,0.7573812339817585,0.6402859329472591,8122
noise,2,6,4,False,0.4507041749368715,0.41594527943895904,1262
noise,2,1,5,False,0.42464000167506355,0.4001922100450928,6771
noise,2,1,1,True,0.9077443123714223,0.8193739168203212,1495
noise,2,5,5,True,0.7351045673930999,0.6080586578399483,6333
noise,2,0,0,True,0.684617616040939,0.5695825029845675,2320
noise,2,2,8,False,0.4247386042278761,0.34731528410368423,4166
noise,2,6,4,False,0.26705810933615787,0.26777653305113436,938
noise,2,1,4,False,0.3634032279120105,0.3322372328135995,1657
noise,2,7,7,True,0.6707325034856919,0.5867266122922326,738
noise,2,0,2,False,0.4547675943408663,0.40614502906668526,1610
noise,2,6,6,True,0.5860027626948439,0.5119667827478425,8963
noise,2,0,9,False,0.5969814451419093,0.5000113874224928,6409
noise,2,7,7,True,0.7243827227781254,0.6409887701571048,1067
noise,2,7,2,False,0.5432417722130903,0.4730327362680531,8896
noise,2,7,7,True,0.7803521289649652,0.6542928793506346,5846
noise,2,2,4,False,0.5375876636752334,0.48343522303110953,7317
noise,2,2,5,False,0.4408864749230341,0.38123775095912726,1470
noise,2,9,2,False,0.45584508251443095,0.4070179898740938,8582
noise,2,7,7,True,0.8412986269118988,0.7276042496491535,7237
noise,2,1,3,False,0.5548024807682499,0.5044096840975086,4039
noise,2,0,0,True,0.763801402903834,0.6686344519528378,8249
noise,2,3,3,True,0.6288246160240016,0.5318269201232653,7200
noise,2,6,0,False,0.6399147584481654,0.5653676091517111,858
noise,2,3,1,False,0.5389330811497969,0.4801868934667886,869
noise,2,8,8,True,0.755836191923747,0.6676874226159624,7117
noise,2,5,2,False,0.41469156367102444,0.38820531421500903,8961
noise,2,9,9,True,0.7170404115209725,0.6121646940892832,48
noise,2,8,7,False,0.49154000860531594,0.4461677206581292,7388
noise,2,4,2,False,0.46364470048739137,0.37460165065746653,8418
noise,2,8,1,False,0.49149751755625937,0.43037319361705434,8442
noise,2,4,5,False,0.5137796874636992,0.4462195366479914,5703
noise,2,0,2,False,0.4743310852569228,0.44713832687199,5508
noise,2,3,1,False,0.6003686866842994,0.5221866751021248,287
noise,2,4,4,True,0.6608729620817454,0.5889017933329158,7645
noise,2,9,9,True,0.6899446380920488,0.5662173699207903,3018
noise,2,8,2,False,0.6174718990495627,0.5328159548983566,1044
noise,2,1,1,True,0.7150823938705239,0.6058928374412738,7270
noise,2,0,7,False,0.5490331005004615,0.5311883578913028,5853
noise,2,5,5,True,0.8863919673318102,0.7550972370896115,5874
noise,2,5,0,False,0.581903828001661,0.5110838352546409,6897
noise,2,7,7,True,0.7395011037466894,0.6461074542301894,5763
noise,2,2,1,False,0.5431189194081685,0.44486151567821014,8392
noise,2,8,3,False,0.6757128115638086,0.578835181618375,5261
noise,2,4,4,True,0.6667994162850357,0.5898748340952655,7161
noise,2,3,2,False,0.4644779212439789,0.41152067856220775,4963
noise,2,4,4,True,0.6015115448167608,0.4802765936540879,5154
noise,2,9,2,False,0.44319328552361903,0.3803744638049842,4043
noise,2,3,0,False,0.28112279565850634,0.27437080953866827,1491
noise,2,5,5,True,0.7292387851613222,0.6466174259333827,2186
noise,2,8,8,True,0.7832854552248845,0.7051533039776559,7911
noise,2,0,0,True,0.8117574951025678,0.6852809240887168,4092
noise,2,5,5,True,0.7251447839254734,0.6569916570422336,2252
noise,2,7,2,False,0.5420715730719738,0.47487271614539417,6734
noise,2,9,9,True,0.6770023921110317,0.6222964833131558,7635
noise,2,0,2,False,0.3664038075890942,0.32650932513240555,7932
noise,2,7,0,False,0.4994343464481706,0.39856968462665876,1621
noise,2,8,1,False,0.4099265419517371,0.3804226520851194,5580
noise,2,3,5,False,0.4225840903913627,0.36532620327316545,7132
noise,2,7,7,True,0.7076766105949254,0.6090005267783168,7917
noise,2,4,3,False,0.5599989453634417,0.4619371749375301,5134
noise,2,6,8,False,0.3981599512128288,0.38587994851102536,9593
noise,2,3,9,False,0.38088075260085,0.3283266162346656,1152
noise,2,1,1,True,0.7781271007849389,0.7079087511654484,6474
noise,2,8,8,True,0.6948685124366561,0.5970133723393006,4666
noise,2,2,8,False,0.6262755191860625,0.5287792872651675,4266
noise,2,1,6,False,0.3728670401706298,0.3583275676256316,6938
noise,2,8,8,True,0.6420319769696073,0.5592604854441616,8446
noise,2,9,5,False,0.5975786025075254,0.5216703719842934,1380
noise,2,6,6,True,0.6804383485050322,0.5677400774236149,6040
noise,2,5,5,True,0.7061853211567823,0.6061050558893398,6669
noise,2,3,3,True,0.6592304433878928,0.5839197933523289,9655
noise,2,6,6,True,0.787142339015477,0.6580873882879784,2452
noise,2,6,6,True,0.7388658819445529,0.6322542457694336,2556
noise,2,5,5,True,0.8086922876168713,0.6939795157261914,1302
noise,2,6,6,True,0.6812665430766622,0.5954053777094428,4359
noise,2,5,5,True,0.9006417415959369,0.8101366732693116,3985
noise,2,8,8,True,0.5776280971596844,0.49998481992607213,7592
noise,2,6,6,True,0.6031892073662164,0.5139008130130327,7740
noise,2,3,2,False,0.4225230781417112,0.429072029060948,8985
noise,2,6,5,False,0.5145791921258198,0.44372860623647825,8502
noise,2,2,2,True,0.757310886644486,0.6549010904244292,9214
noise,2,2,2,True,0.7645020245854408,0.6576697935138041,8987
noise,2,8,6,False,0.45025089518008116,0.3921778788808764,2631
noise,2,5,0,False,0.5518175622694739,0.485600025189372,2616
noise,2,0,7,False,0.46268337976675594,0.4266968023536081,3141
noise,2,3,5,False,0.5321351049594614,0.4753945936810103,5450
noise,2,9,7,False,0.459531900162218,0.4271440264052137,6565
noise,2,6,8,False,0.5661152896989039,0.5170785697362169,1725
noise,2,8,8,True,0.8711392861520932,0.7596394353415968,4187
noise,2,5,7,False,0.37864783759063236,0.344376901353313,2831
noise,2,0,8,False,0.33910715751320536,0.32541581741159703,1683
noise,2,1,8,False,0.474357057080366,0.3959792999582615,4966
noise,2,0,0,True,0.6485480051997647,0.616230028464566,955
noise,2,7,7,True,0.7570371354937905,0.6482298625591698,8981
noise,2,7,7,True,0.7094612858863316,0.6110227945720024,7376
noise,2,4,4,True,0.6955499719852165,0.5819794566939587,7716
noise,2,7,9,False,0.3809319647824161,0.3151491539059657,4405
noise,2,5,4,False,0.35134542970766575,0.33312429662931065,7262
noise,2,7,7,True,0.7710593193014504,0.7158042869590779,4620
noise,2,6,8,False,0.648682115456166,0.5550349959215742,7741
noise,2,4,4,True,0.7160740027700272,0.6306092329170735,8762
noise,2,6,6,True,0.668437201612744,0.5875749532850757,3478
noise,2,3,3,True,0.7140742729618028,0.6419680232658675,7730
noise,2,7,7,True,0.7204990220106072,0.6717984579993641,5121
noise,2,9,0,False,0.5225414984611892,0.48957974205164256,7553
noise,2,2,1,False,0.4217659271599806,0.36872785246636863,4540
noise,2,6,9,False,0.5255957906286612,0.47233177474855476,1907
noise,2,1,1,True,0.8416073229856629,0.7429273813926579,9739
noise,2,3,6,False,0.41763244506074015,0.3695857656782768,9359
noise,2,6,6,True,0.7195191652357288,0.6046725677804348,8199
noise,2,2,2,True,0.6950227706511124,0.589793830682185,5439
noise,2,2,0,False,0.5237484699335375,0.4831492524620912,1032
noise,2,3,9,False,0.2870646278623341,0.28403109359942497,2901
noise,2,1,6,False,0.359177847201685,0.31614982282464854,7956
noise,2,6,6,True,0.590979908521482,0.5225540301244614,4693
noise,2,1,0,False,0.46283009686612825,0.4323508587628019,970
noise,2,3,3,True,0.8264937361627872,0.6834342982977032,4157
noise,2,3,3,True,0.7425147734682798,0.6372105088312606,2207
noise,2,9,0,False,0.6567295238155355,0.613577522872858,5515
noise,2,9,8,False,0.5200835876858673,0.4630572038570535,867
noise,3,2,4,False,0.49561578437530157,0.46292665075581585,5256
noise,3,2,2,True,0.6924781765464343,0.6347028794226478,5236
noise,3,9,9,True,0.7003938629440359,0.6131476533436658,1180
noise,3,0,0,True,0.5546105271843765,0.4561674859531614,4903
noise,3,9,9,True,0.6749081295602363,0.5961861632044643,9677
noise,3,7,9,False,0.5538009052210082,0.5229134206070758,9901
noise,3,1,1,True,0.5880629235831559,0.5243681950394211,1130
noise,3,2,1,False,0.2975178250016272,0.29158983106120157,3455
noise,3,3,0,False,0.33724190863113396,0.29195231610253947,1859
noise,3,9,9,True,0.669652032052479,0.5667800262879396,2854
noise,3,5,4,False,0.4032742655737074,0.35636588555439824,2349
noise,3,2,2,True,0.6481426533442446,0.5273871482437934,9953
noise,3,9,9,True,0.6325580168768101,0.5979560855715674,1756
noise,3,1,7,False,0.3285236811134459,0.2970381298760389,5947
noise,3,8,2,False,0.196482370157267,0.1993454737210171,7664
noise,3,8,8,True,0.6370709550310523,0.5472801412084703,9459
noise,3,3,9,False,0.44420890885463415,0.3617158451292733,239
noise,3,0,0,True,0.67537780703876,0.6175874325965636,3805
noise,3,8,4,False,0.2639570379915568,0.21688147666729063,870
noise,3,9,1,False,0.5216059531351551,0.4653418354362667,1188
noise,3,3,3,True,0.7838455460232572,0.6901304103461577,405
noise,3,1,2,False,0.45890146947134924,0.40654527512422456,2227
noise,3,2,8,False,0.46196102597833705,0.3919751873579425,3284
noise,3,1,1,True,0.7794902121442445,0.6745740355820832,9329
noise,3,6,7,False,0.45028789164294913,0.37874369137565916,3838
noise,3,5,6,False,0.5107453783202007,0.46531712542334935,3147
noise,3,3,3,True,0.7217941022328375,0.639955925447876,1399
noise,3,6,7,False,0.4921263325012953,0.432879333964143,8258
noise,3,6,2,False,0.4713129658592025,0.4042489915464215,5936
noise,3,0,9,False,0.2462578735229586,0.26646555049015513,4436
noise,3,4,4,True,0.722590441994515,0.6031605959722711,2771
noise,3,8,3,False,0.3243425650563554,0.25979891836068525,4121
noise,3,7,9,False,0.5482167881946359,0.4793441503528801,9464
noise,3,8,3,False,0.5330379492377051,0.4629213103206312,5934
noise,3,9,9,True,0.6084568334861707,0.5541399575583328,4699
noise,3,0,5,False,0.4154021816293985,0.3810141834839222,1323
noise,3,2,8,False,0.44485094435071076,0.39371381443774495,6308
noise,3,4,4,True,0.8511072215415721,0.7484478939667257,1660
noise,3,5,5,True,0.6664526705173367,0.5911280849047293,9318
noise,3,7,1,False,0.1990377686162368,0.2262532377274403,615
noise,3,7,2,False,0.4238148510840822,0.38030989123137854,3831
noise,3,7,0,False,0.16685831776245696,0.14320802744449854,2837
noise,3,1,1,True,0.6992820815315265,0.6133597912983618,1217
noise,3,6,5,False,0.4792207773582743,0.3699640724891283,5836
noise,3,7,7,True,0.6023554678325179,0.526349196829233,8936
noise,3,7,2,False,0.35774317487440077,0.3409413480653604,2764
noise,3,5,5,True,0.7293546341192197,0.6469951213787452,8019
noise,3,0,0,True,0.7442860893250477,0.653614296799204,1666
noise,3,1,4,False,0.3024279991585643,0.2850485823961895,520
noise,3,7,8,False,0.5115347797751599,0.4718696937064403,1267
noise,3,8,8,True,0.6984628568995553,0.6371980965105858,707
noise,3,8,8,True,0.73001478921717,0.6444616888403836,6277
noise,3,4,1,False,0.43413805722255966,0.37769511994892185,3535
noise,3,5,9,False,0.4060665514820261,0.3138861289485267,6744
noise,3,1,1,True,0.6600161713876481,0.5955772142196555,8167
noise,3,5,8,False,0.3839539909853068,0.35166494260958886,8391
noise,3,1,1,True,0.7025520617359927,0.6152224422259098,894
noise,3,7,2,False,0.3579068381846688,0.30545978255308376,4063
noise,3,7,7,True,0.6131965084129317,0.5555200722178031,8194
noise,3,0,0,True,0.7048119351908217,0.6089454163956358,4944
noise,3,9,4,False,0.33032323329814306,0.2950863060825019,5166
noise,3,7,7,True,0.5886739598404059,0.5142530940809802,5466
noise,3,3,1,False,0.4792232532177124,0.4313367995983655,2920
noise,3,4,4,True,0.5898213491186206,0.49337550653022494,4179
noise,3,0,0,True,0.5676544545529725,0.5087573236081735,1025
noise,3,9,4,False,0.3430300099665984,0.2921577413354481,4669
noise,3,1,8,False,0.2595687194198324,0.22191733736887442,4294
noise,3,9,9,True,0.7233785712951953,0.6475765865520711,3219
noise,3,6,2,False,0.414968317072729,0.34782250028990824,4000
noise,3,9,9,True,0.6078296147844297,0.5493240205869745,7839
noise,3,3,1,False,0.4349479930470339,0.3867331285841569,1993
noise,3,8,8,True,0.7987044397845486,0.660933238839465,2872
noise,3,4,5,False,0.3218833828583426,0.3158903924625212,8923
noise,3,3,3,True,0.7340065070209386,0.6451106055130676,9051
noise,3,3,7,False,0.5844366701766326,0.5196536869679351,9815
noise,3,9,6,False,0.22689199470491755,0.22800304171087513,1779
noise,3,4,6,False,0.3748045694074006,0.3635682988875165,3752
noise,3,4,4,True,0.6851629814495492,0.6014090721564394,1303
noise,3,6,6,True,0.6232057751813207,0.557070655354044,4078
noise,3,5,5,True,0.6785356443510756,0.5991790163107628,4067
noise,3,5,9,False,0.4802155438090083,0.4163258581036235,7337
noise,3,3,3,True,0.5824825797917056,0.4784414667650468,1516
noise,3,1,5,False,0.289438242808972,0.26532094756971036,1273
noise,3,9,9,True,0.6197758051943468,0.5693881910280859,1798
noise,3,4,2,False,0.4199882950874314,0.38365671009146984,7477
noise,3,9,8,False,0.49393808840390147,0.4134989113237874,8121
noise,3,4,5,False,0.6632956284679927,0.600751714310692,5621
noise,3,5,7,False,0.49027957889554175,0.4255482450240837,4922
noise,3,5,2,False,0.3187500079450515,0.24409698930339369,9701
noise,3,9,1,False,0.4106154744600804,0.38438122959471877,4715
noise,3,1,6,False,0.43809761950338094,0.36847536409601156,779
noise,3,5,4,False,0.3680609129656479,0.3634663434831589,6152
noise,3,1,1,True,0.755726735340368,0.6803231930512612,1696
noise,3,8,8,True,0.6038869645690879,0.5237479344104615,5219
noise,3,5,4,False,0.4753149621328,0.42820491472796923,1435
noise,3,9,8,False,0.3723612577569528,0.37998544040651194,9715
noise,3,2,2,True,0.6639675337596866,0.5993725444524733,6732
noise,3,1,1,True,0.7089544352874672,0.6223752704900389,9830
noise,3,6,8,False,0.2938482824391078,0.32255411995736705,8937
noise,3,1,1,True,0.6468534170350703,0.5671770246989396,3367
noise,3,3,5,False,0.4993921579006448,0.4511196305931248,9262
noise,3,3,5,False,0.43703364582863014,0.3677543351731504,3577
noise,3,2,2,True,0.6941693860108497,0.5715496007973244,7156
noise,3,1,1,True,0.7254015872687494,0.6258353033394699,172
noise,3,6,6,True,0.6135736405834004,0.5373057561832607,843
noise,3,7,7,True,0.8439817393453348,0.7389697501317318,5559
noise,3,3,0,False,0.3889517117807081,0.3172135340781169,6429
noise,3,2,4,False,0.3817853608994417,0.3527310432068844,1674
noise,3,1,5,False,0.30098203272502244,0.25422701733539554,7624
noise,3,6,6,True,0.6440468499658362,0.574614509658849,746
noise,3,8,6,False,0.36027669920859995,0.339933723984183,5059
noise,3,5,5,True,0.6082631999201199,0.5241135381310493,9485
noise,3,4,9,False,0.4717595493615181,0.3967192383119384,2287
noise,3,6,6,True,0.5736237764333694,0.5334531963160365,6723
noise,3,9,8,False,0.398836685662732,0.37146942469930616,1299
noise,3,9,4,False,0.3396750248955184,0.30676329783813877,9978
noise,3,1,1,True,0.6395287094656523,0.5879679583194015,7013
noise,3,4,8,False,0.6393343386074813,0.5600994222958694,823
noise,3,8,8,True,0.657368078584274,0.5613527225927399,2457
noise,3,6,6,True,0.5819194929192519,0.4895975276939089,7245
noise,3,8,7,False,0.5893155089267137,0.5137621998806338,3622
noise,3,9,4,False,0.5556162383886033,0.5027082121899447,6634
noise,3,1,1,True,0.7182856258948018,0.6533379663127379,6854
noise,3,6,6,True,0.6893609131455376,0.6014269804943964,6359
noise,3,5,5,True,0.6386786768527595,0.5821393738835591,4818
noise,3,2,4,False,0.31299149039980384,0.2767573782097926,4392
noise,3,6,2,False,0.41034205370891463,0.34815878527946037,3713
noise,3,1,1,True,0.5302444691858507,0.4395815341319653,8939
noise,3,4,4,True,0.6749002600205024,0.5785404217705897,9090
noise,3,4,1,False,0.44930005479739377,0.3715318980287916,1357
noise,3,3,1,False,0.5368497975432706,0.5115125605355839,5212
noise,3,6,6,True,0.8115319337615362,0.7135880722234926,3611
noise,3,9,0,False,0.4124383645219909,0.36366031286040607,6219
noise,3,9,9,True,0.6171117026485025,0.5739849824981386,4184
noise,3,7,7,True,0.6806415196546937,0.5674999443270595,3024
noise,3,3,4,False,0.3023079887951965,0.26921893375800215,5298
noise,3,9,5,False,0.4442791811095123,0.4326307797851227,7214
noise,3,9,9,True,0.7182158399900482,0.6226026538570476,6056
noise,3,8,5,False,0.5325611026209709,0.5166132127959159,9267
noise,3,8,4,False,0.361725123893111,0.33817845209797515,3323
noise,3,8,2,False,0.3702264188106883,0.3558109741617297,3731
noise,3,7,4,False,0.2958135129368577,0.2931393824654265,2312
noise,3,7,3,False,0.46372842746004095,0.40920121254599556,7831
noise,3,6,5,False,0.3776184156967752,0.3262114200503474,3114
noise,3,6,6,True,0.7032950942938858,0.6104920237521947,9838
noise,3,3,7,False,0.34331837333227183,0.28708196726615853,3128
noise,3,8,8,True,0.6912018859336226,0.6012023453789834,7928
noise,3,6,3,False,0.3097039500276937,0.2781602365386404,6421
noise,3,6,6,True,0.6928476829866239,0.6377052304450145,1056
noise,3,7,7,True,0.6544288966240772,0.5831300763450151,4330
noise,3,0,2,False,0.40338794241705284,0.4051321022102324,9154
noise,3,9,9,True,0.6982899065112822,0.5653555385817108,5174
noise,3,5,5,True,0.7403811782501885,0.6199831275120614,539
noise,3,9,9,True,0.6165205214485491,0.5319355366779593,4013
noise,3,1,8,False,0.4356299271936217,0.41513532739486253,3522
noise,3,2,2,True,0.5090662208365705,0.44551474370541794,9043
noise,3,9,9,True,0.6167451925131743,0.5098768769231731,5799
noise,3,6,3,False,0.5353237038192336,0.46512265952336923,3652
noise,3,6,9,False,0.35711811300646085,0.29459843090039345,7373
noise,3,4,5,False,0.3213170430616783,0.2602469712394304,8077
noise,3,5,5,True,0.7154319621702524,0.6630937241977924,7189
noise,3,5,4,False,0.5576759702300818,0.4819923973619564,9747
noise,3,1,2,False,0.5362818732118737,0.4743026494861429,6747
noise,3,5,0,False,0.42130492573334205,0.37125005992997906,1372
noise,3,5,6,False,0.49278085448741504,0.42883381382213387,2913
noise,3,3,3,True,0.5824352611953146,0.49325675137026476,7158
noise,3,3,7,False,0.4348942791379405,0.37844744518381646,5142
noise,3,7,5,False,0.4392373624737,0.39509646767312795,1431
noise,3,6,6,True,0.5058968435162379,0.47338502323008125,9483
noise,3,4,4,True,0.6263545088362423,0.5663500452418875,5671
noise,3,6,6,True,0.7583880444145781,0.6352484998032897,5592
noise,3,2,7,False,0.3498509638490362,0.33214396763641285,8838
noise,3,4,4,True,0.7120147085564864,0.6297212625035609,4819
noise,3,5,8,False,0.43428599273484103,0.37164867381234495,215
noise,3,2,6,False,0.41594266271624414,0.37219320523253885,3237
noise,3,1,1,True,0.5851865684105632,0.5238543268219766,429
noise,3,5,5,True,0.5928138302429707,0.5198328146629826,1022
noise,3,9,9,True,0.7599436218950827,0.6705569452939547,1996
noise,3,4,4,True,0.6722083917470967,0.5691181126465561,9402
noise,3,9,0,False,0.34429189727109927,0.34750475356536464,1162
noise,3,8,4,False,0.27680407220128367,0.21169776679152658,1869
noise,3,7,8,False,0.5130743578065433,0.46267022860212464,4156
noise,3,8,2,False,0.5582133438200901,0.49681661150728307,648
noise,3,4,4,True,0.6007718549706328,0.5385149445940722,8196
noise,3,7,8,False,0.4684996209692376,0.3990572707908867,7975
noise,3,1,1,True,0.686465239730453,0.6218793943375462,4389
noise,3,3,6,False,0.4565609463433593,0.40091719075828913,7681
noise,3,5,5,True,0.6467928602718798,0.5410496324496991,2507
noise,3,0,0,True,0.645428044096167,0.5417176297162228,7507
noise,3,7,8,False,0.5629628693983234,0.49601254036532666,5180
noise,3,9,8,False,0.5109633403385335,0.4173884088185237,4607
noise,3,1,1,True,0.6815918643010191,0.6303632043247147,821
noise,3,9,9,True,0.5451189821934952,0.4993295604753236,4964
noise,3,0,7,False,0.4733961151816307,0.45392358432140606,912
noise,3,1,0,False,0.3407584889574435,0.33907318539600495,3076
noise,3,7,4,False,0.5675137106842372,0.49034852478556973,122
noise,3,6,6,True,0.6293327108366765,0.5325462149581716,9857
noise,3,9,9,True,0.798232391427384,0.6399420790699927,9018
noise,3,4,9,False,0.4519534974742489,0.39103579035525227,6270
noise,3,5,7,False,0.39932333324688374,0.38973789037657025,133
noise,3,1,1,True,0.6895703027903882,0.5845777442218859,8358
noise,3,6,5,False,0.21382236975569377,0.19255059439506458,5824
noise,3,9,9,True,0.4630291015283327,0.39748333131742514,3101
noise,3,5,4,False,0.36861168187660137,0.3358198326672655,6065
noise,3,9,9,True,0.6489117045487509,0.5922966425507245,3026
noise,3,3,7,False,0.34171443617198743,0.274673058395899,2136
noise,3,9,2,False,0.46527706135637925,0.3835299825203105,2746
noise,3,5,5,True,0.636840200786958,0.5860465714544014,4302
noise,3,1,1,True,0.6563482418063668,0.587557343024448,8904
noise,3,3,3,True,0.6030507394172286,0.5224055172776751,3806
noise,3,4,4,True,0.7206565119908899,0.6616996904307846,9022
noise,3,0,4,False,0.4058932473202148,0.3327086824943845,9829
noise,3,8,2,False,0.14054992756009915,0.15309170824990492,9054
noise,3,2,2,True,0.6676799509875667,0.5811631961621517,9680
noise,3,6,5,False,0.3324337766914134,0.30969958690795923,7029
noise,3,9,9,True,0.6706557603447857,0.5373143540505624,2787
noise,3,4,5,False,0.3835358604201158,0.33579141415921143,2309
noise,3,6,2,False,0.35373828466744084,0.3304134762880522,3628
noise,3,5,5,True,0.5247656776521799,0.4597842216364563,3396
noise,3,7,4,False,0.3041317048001157,0.29861790453611536,9288
noise,3,0,7,False,0.5021789423933087,0.46628820117712816,5043
noise,3,3,3,True,0.5242961470984402,0.4414804525292623,9082
noise,3,6,8,False,0.3945426176763713,0.36684107805158916,6364
noise,3,0,0,True,0.7104803730604319,0.5990550639568023,8566
noise,3,8,8,True,0.8187914091854649,0.7120530066307403,8070
noise,3,6,0,False,0.4271020698336425,0.3911593243447486,3595
noise,3,0,0,True,0.7284417145031011,0.6174697987024242,2680
noise,3,0,0,True,0.7473468920940702,0.6659833819912474,7487
noise,3,1,1,True,0.7115696744748248,0.609727108380563,7776
noise,3,6,6,True,0.5894558693724701,0.5044235384183525,5750
noise,3,5,5,True,0.5848058655405991,0.5262180053803035,324
noise,3,4,4,True,0.6777757401827053,0.5743899202816312,323
noise,3,5,9,False,0.3992353740170425,0.33661335852722424,7323
noise,3,4,4,True,0.6252452940297035,0.5672816207258496,4617
noise,3,3,7,False,0.46204205894192263,0.4099068931391329,5525
noise,3,0,1,False,0.6170933130371833,0.5104469261755399,5275
noise,3,0,0,True,0.5185039404704771,0.47284117696766975,8098
noise,3,6,7,False,0.44271896281408624,0.3831790937471044,1469
noise,3,7,8,False,0.34768931333803765,0.2824756495461027,5211
noise,3,2,1,False,0.3498432525230505,0.2622204644213601,4152
noise,3,2,6,False,0.4733034284982522,0.43537620016416256,3315
noise,3,4,4,True,0.7895191211485343,0.6688928916540228,9831
noise,3,6,6,True,0.5808167542638301,0.4838173456982855,9903
noise,3,5,8,False,0.5033059947610042,0.4555981521545734,1225
noise,3,5,3,False,0.42387713303560326,0.39141139500643984,5595
noise,3,0,5,False,0.5039009815300727,0.42757377432866917,4711
noise,3,4,8,False,0.3224529933298443,0.3073378575224872,5027
noise,3,7,7,True,0.7683136892189628,0.7091644942583809,6101
noise,3,5,5,True,0.7671213000747248,0.6939863704829381,6345
noise,3,8,0,False,0.5397569664461904,0.497614563383201,9069
noise,3,6,6,True,0.7248351441409355,0.6373924549624458,545
noise,3,8,2,False,0.4115046599292087,0.35590459682924896,1394
noise,3,5,1,False,0.4034625459356685,0.3568254429873831,9957
noise,3,5,5,True,0.5739950630971365,0.5117106357058213,1103
noise,3,5,5,True,0.57876695845013,0.4818016755095125,6245
noise,3,2,8,False,0.49484336988378447,0.4202292262490876,8259
noise,3,4,8,False,0.38186130078102587,0.3110271028042203,4847
noise,3,1,7,False,0.2338116919862351,0.2184436706341281,4158
noise,3,4,4,True,0.7044613663424182,0.6154532398389662,1346
noise,3,1,1,True,0.8122487791500439,0.692357288968165,7926
noise,3,4,4,True,0.7046979668453128,0.6304032559261108,8385
noise,3,9,9,True,0.6205172556673233,0.5215476599986586,6580
noise,3,4,4,True,0.7241190366548909,0.6167044863531124,1124
noise,3,7,4,False,0.4591260155234129,0.4208676428931511,6906
noise,3,4,4,True,0.7430524419500834,0.6651708912600935,9367
noise,3,9,8,False,0.4794302181473764,0.4066011613710931,2004
noise,3,2,7,False,0.4369607960929964,0.39105752877391176,2563
noise,3,8,1,False,0.36244419950504614,0.3075014247637086,8407
noise,3,7,9,False,0.46725193014668615,0.40821734995313713,6334
noise,3,8,8,True,0.5498860614069254,0.48527990007891786,356
noise,3,1,3,False,0.35949994491126525,0.33178227715089414,5893
noise,3,8,8,True,0.5781476141722328,0.51277665231626,6534
noise,3,9,9,True,0.7285847841591145,0.6397603133460522,8548
noise,3,2,3,False,0.5580887816069647,0.4678054976237799,6852
noise,3,6,6,True,0.6507975920624608,0.5759434860392417,1800
noise,3,5,5,True,0.6664223795944593,0.5924803296792164,4131
noise,3,0,6,False,0.2766954012736159,0.2639697816843162,9122
noise,3,5,5,True,0.716760442463314,0.6098559725043992,4493
noise,3,6,6,True,0.7008026512256281,0.6289939658734561,5092
noise,3,2,2,True,0.7737358745688957,0.6463307961480249,9779
noise,3,3,3,True,0.6193442508990735,0.5328262501833315,1885
noise,3,5,7,False,0.4240922650655797,0.3699680436598594,4021
noise,3,9,2,False,0.4072871291680913,0.3359458785428116,50
noise,3,0,0,True,0.7411919490594827,0.6391989364704642,8542
noise,3,9,6,False,0.3748969186454204,0.33809199913550336,4183
noise,3,8,1,False,0.39682897835464814,0.3157891879647842,4734
noise,3,8,6,False,0.48194129389547036,0.41675633213573293,1701
noise,3,0,2,False,0.3426421632911322,0.27127782015219587,2443
noise,3,5,9,False,0.362595731659068,0.3640371475965467,7745
noise,3,3,4,False,0.4393326639760962,0.3926825887183614,5840
noise,3,9,4,False,0.5538485703349574,0.48828787046133393,2193
noise,3,7,7,True,0.7045120158144016,0.6184766816754241,5287
noise,3,6,6,True,0.7090305615722243,0.6297663899484073,1382
noise,3,0,0,True,0.5852195156569334,0.5319996853050839,646
noise,3,8,0,False,0.5695078023782976,0.4678105534452597,3185
noise,3,4,4,True,0.651707169346135,0.59515464589275,8799
noise,3,1,4,False,0.6222239218401349,0.5688068394444598,714
noise,3,8,8,True,0.5995670288378971,0.5233050422950617,2479
noise,3,9,6,False,0.46566163495368906,0.4084378158969717,6275
noise,3,4,4,True,0.547331618249807,0.4181766595798545,5460
noise,3,6,4,False,0.4162000135994722,0.3438901883155196,4813
noise,3,6,6,True,0.6931101106687271,0.6145205795936811,2758
noise,3,3,8,False,0.3589129624635663,0.3440883674202292,2500
noise,3,7,6,False,0.4150987983735577,0.38241071705985996,6215
noise,3,9,9,True,0.7193567341812829,0.6249389227385247,904
noise,3,9,6,False,0.46198838471634224,0.4462075810202598,2534
noise,3,6,3,False,0.6186603071691239,0.5609647722210981,8486
noise,3,3,2,False,0.4300274545802552,0.37264680801831884,6393
noise,3,9,0,False,0.271117143865497,0.2890917853247407,5500
noise,3,9,2,False,0.5844310621223416,0.48984305810985834,9658
noise,3,0,4,False,0.2979045721740231,0.2387820819371705,7302
noise,3,3,9,False,0.3640609074494576,0.3160296635895605,69
noise,3,5,4,False,0.44717431413509034,0.3799253634544151,1204
noise,3,5,6,False,0.4617175082263225,0.40016124970263617,77
noise,3,7,7,True,0.8368661730754563,0.7422980610421601,7244
noise,3,5,5,True,0.9096104290956866,0.78748927329924,891
noise,3,0,3,False,0.27192175387274653,0.24596755543943885,3118
noise,3,1,4,False,0.4821713063322561,0.4260219067065958,5271
noise,3,7,4,False,0.5383379884702886,0.4263407803402495,6788
noise,3,6,5,False,0.29781619557534866,0.237838556080685,6259
noise,3,6,5,False,0.5195659953047865,0.4489248707004801,4050
noise,3,4,4,True,0.6700049763688292,0.5676456538865501,6024
noise,3,2,9,False,0.3540929210088497,0.3113432331145999,393
noise,3,3,3,True,0.7301746052122735,0.6637309820225943,7426
noise,3,6,3,False,0.31287439808052714,0.27945424842058414,8538
noise,3,5,9,False,0.3604742413091208,0.294959740758293,6136
noise,3,1,1,True,0.6990895038058021,0.5933640824896383,1201
noise,3,3,9,False,0.40816974249837795,0.39615579930346634,7140
noise,3,8,0,False,0.31931720240096967,0.3170695014700045,589
noise,3,5,5,True,0.6585797415748663,0.586710329051614,6230
noise,3,8,3,False,0.2904652329134418,0.23064578656251888,4730
noise,3,5,8,False,0.471434005020635,0.4218550029696227,6950
noise,3,4,3,False,0.3222335940728236,0.29657249694491405,7973
noise,3,9,9,True,0.7628359710301374,0.6639213795434217,8488
noise,3,5,5,True,0.6864812999153723,0.5871088838158793,6778
noise,3,1,5,False,0.595023368280222,0.5135172421607938,8726
noise,3,4,4,True,0.6826576389029436,0.5824646949237606,7259
noise,3,6,6,True,0.5666696108783413,0.47376769007940966,9640
noise,3,3,7,False,0.3603393673284681,0.34860821893856275,2675
noise,3,4,8,False,0.47155322850373593,0.43346652012876946,7159
noise,3,8,7,False,0.5368789348308706,0.4656485057545738,9081
noise,3,4,3,False,0.2035916310412277,0.19509645255239894,6746
noise,3,3,3,True,0.5484815838205619,0.4890033640552883,5272
noise,3,1,1,True,0.6270545179935331,0.5948540114560243,7856
noise,3,4,8,False,0.22759788009696894,0.2259095717007377,496
noise,3,7,7,True,0.6876780314864197,0.6162217191380188,508
noise,3,2,2,True,0.6080243808201439,0.532580343958509,4492
noise,3,4,3,False,0.42588150199824554,0.36831079753030516,5940
noise,3,6,6,True,0.6152808556437107,0.5656429323503864,3817
noise,3,9,6,False,0.4554348115082065,0.41516503213329925,5250
noise,3,8,6,False,0.5147539437167653,0.4359500130781625,1355
noise,3,2,1,False,0.4226724335847263,0.3833488996338141,4709
noise,3,1,1,True,0.5860078502247251,0.5298543944594325,3914
noise,3,6,6,True,0.7302532849265281,0.5937986730616917,2852
noise,3,2,5,False,0.48955173474692115,0.4126712386831896,1572
noise,3,3,8,False,0.5232562169326784,0.4670230809135748,8926
noise,3,1,4,False,0.4052125315556154,0.32094142574569795,2436
noise,3,7,7,True,0.6972655990525934,0.5723531358769985,8643
noise,3,1,4,False,0.45356581594872364,0.39512170874852987,6636
noise,3,3,3,True,0.5331567138553155,0.47801409195891703,2690
noise,3,4,4,True,0.6804945963613296,0.6041760810451525,6611
noise,3,0,0,True,0.7209011913145341,0.6594140036711832,6188
noise,3,7,7,True,0.7963675335094019,0.6935576812407817,481
noise,3,6,6,True,0.6164967039882282,0.5315691413207836,7121
noise,3,5,5,True,0.6263637474776886,0.5212619936329304,4402
noise,3,1,6,False,0.3750315817320896,0.32608429214373547,4584
noise,3,0,1,False,0.5454139870140244,0.4927524751218553,4570
noise,3,0,0,True,0.6777614214098284,0.6061516522680965,5676
noise,3,6,6,True,0.7183446390373673,0.6308853233163322,3233
noise,3,7,9,False,0.35873645868921733,0.3308682885917291,8517
noise,3,7,7,True,0.7017482951437239,0.6370137220536571,1182
noise,3,8,8,True,0.6106227695819477,0.5355347910070547,1428
noise,3,3,1,False,0.4471362284872136,0.42241217096913625,3022
noise,3,0,2,False,0.3937213500238238,0.3351302107342633,5777
noise,3,2,8,False,0.5056576652032975,0.443343194531993,7152
noise,3,7,7,True,0.6476426025248504,0.5558795475489144,1181
noise,3,7,7,True,0.5680283382151501,0.5136781901176578,9777
noise,3,5,5,True,0.6822454379641418,0.5746189333376917,8544
noise,3,0,7,False,0.4229382697013692,0.36806221973609404,8412
noise,3,7,7,True,0.6835724095075416,0.5588430182649573,9446
noise,3,8,8,True,0.660662731733147,0.5884508436845721,7742
noise,3,2,2,True,0.7762721863241642,0.6997671638900492,3954
noise,3,8,1,False,0.36480746235447487,0.34330050202730555,2615
noise,3,6,6,True,0.7355652845049448,0.6564830440985987,9016
noise,3,8,8,True,0.7272205909476108,0.6499255102250682,3277
noise,3,6,1,False,0.43428852003024515,0.39813911859443846,5033
noise,3,0,8,False,0.4369843812327998,0.3987246364980014,7707
noise,3,6,4,False,0.6415950939276696,0.5739340989910917,5293
noise,3,1,0,False,0.20077814305791386,0.17254777900107562,9050
noise,3,2,2,True,0.7879668885860235,0.680767986427723,6137
noise,3,8,4,False,0.3934796392469943,0.3508625585741154,1274
noise,3,9,9,True,0.8214054556644806,0.7064805345408183,8929
noise,3,4,2,False,0.4349311852141904,0.353365314711365,2425
noise,3,2,2,True,0.5833063375778106,0.48611020720326026,6281
noise,3,3,7,False,0.43881306671883064,0.39259062901147557,1604
noise,3,2,8,False,0.41764225378449465,0.3881114338912588,977
noise,3,5,5,True,0.694586186928084,0.6055850970720655,834
noise,3,4,4,True,0.66101545389042,0.6321595730439409,1719
noise,3,0,7,False,0.49160544516995813,0.414469379791359,9271
noise,3,6,6,True,0.6456611145014339,0.5727107901675328,4258
noise,3,6,5,False,0.6067896078224071,0.5565952188620349,6988
noise,3,6,6,True,0.7213310630022323,0.6494449459752091,4881
noise,3,9,3,False,0.5043952299171172,0.456837282665042,812
noise,3,7,5,False,0.5031820744028015,0.46410984271922345,1171
noise,3,6,1,False,0.4230096952609888,0.3756661279249945,3832
noise,3,2,3,False,0.5341372104734421,0.5022742637988368,4230
noise,3,4,0,False,0.5770754612062102,0.5311773241523639,9339
noise,3,4,3,False,0.5008024012811949,0.4236374890748047,4352
noise,3,9,4,False,0.3629716658187635,0.3299572746986367,7413
noise,3,4,9,False,0.41603185617134,0.3376811451551019,994
noise,3,6,6,True,0.6035953696401533,0.5584918436588445,1923
noise,3,5,5,True,0.68841163552435,0.6046345190163323,7155
noise,3,0,0,True,0.6673223888625048,0.6091994874144694,3928
noise,3,9,8,False,0.3633191452892929,0.32163412340054237,6882
noise,3,6,5,False,0.5784206987377832,0.46953224395180954,7135
noise,3,2,2,True,0.7817935017103155,0.7322718272751679,6532
noise,3,0,4,False,0.3258668244367082,0.29460857171494675,1560
noise,3,9,9,True,0.6762061285692549,0.5697710368158306,7925
noise,3,3,0,False,0.3256449180375676,0.3147134260997503,5168
noise,3,0,6,False,0.5447344877119004,0.5187414601800012,1366
noise,3,6,2,False,0.5480832756513203,0.476822020814482,4849
noise,3,0,7,False,0.41259544655348307,0.3637212813559212,6106
noise,3,2,5,False,0.4696314395556781,0.41894764831655795,4057
noise,3,8,8,True,0.5327867197737104,0.44564929917661184,7420
noise,3,0,3,False,0.30080231740470453,0.25686862080237144,2952
noise,3,7,7,True,0.702036863708086,0.6473698514391735,940
noise,3,6,7,False,0.5574739965069977,0.4862087682729577,4412
noise,3,3,1,False,0.4554419405329709,0.38537450989252103,7167
noise,3,2,2,True,0.7309204265925396,0.6272415246763932,6889
noise,3,4,4,True,0.6651323160502367,0.6018189423893039,2791
noise,3,5,5,True,0.7239978999159005,0.5908802772260167,8307
noise,3,8,1,False,0.4297582240928469,0.3853874884259969,1281
noise,3,2,2,True,0.6817419162210283,0.6437250036887233,8493
noise,3,5,2,False,0.3858874506189638,0.3836255855718998,4423
noise,3,6,6,True,0.6663759365449566,0.5928836016795865,8975
noise,3,0,7,False,0.6332058985715885,0.5795538659867299,2883
noise,3,8,5,False,0.4437526746831351,0.41832629917659037,184
noise,3,9,9,True,0.7269731888591243,0.6304101704604738,5762
noise,3,0,8,False,0.3777590613925015,0.3545910782509124,1421
noise,3,2,2,True,0.8562758638362329,0.7786061446365451,1772
noise,3,7,5,False,0.41166994691021636,0.33964421001120126,2841
noise,3,8,8,True,0.6330965958876197,0.5646651240541087,8410
noise,3,1,2,False,0.4909534380719578,0.4395399313229352,7054
noise,3,9,9,True,0.7075054733192334,0.6184429420208326,4319
noise,3,3,1,False,0.4965029479709371,0.4373201718886041,3168
noise,3,2,2,True,0.7896012997789897,0.6907945042627499,5628
noise,3,3,5,False,0.6003665807476599,0.5316230375925006,9938
noise,3,6,6,True,0.7911070393063788,0.7098132892676856,7694
noise,3,2,2,True,0.818033349444649,0.7198586402924952,7623
noise,3,5,1,False,0.46938605738357286,0.4104206168825095,9247
noise,3,0,0,True,0.7173708064978507,0.6079667563733525,305
noise,3,1,8,False,0.40454797173122914,0.34941692561500404,4774
noise,3,7,8,False,0.3332288493096217,0.3034678439707591,9489
noise,3,3,3,True,0.7258361727318522,0.6178393320644279,3153
noise,3,7,0,False,0.34089898406863633,0.32368167823263333,7267
noise,3,7,7,True,0.727656778400271,0.6421093644536875,2337
noise,3,9,8,False,0.5181028098139595,0.4782579367430058,1176
noise,3,1,3,False,0.540357004602016,0.46152706949237304,8320
noise,3,9,9,True,0.7329318935988518,0.6213707562660591,6192
noise,3,8,8,True,0.5880521067791895,0.5375654352876644,4810
noise,3,4,7,False,0.3000999965053182,0.27268407616287155,7435
noise,3,1,2,False,0.7127815186233118,0.6168139482517773,4915
noise,3,1,1,True,0.6678698598435678,0.5966625907800807,212
noise,3,5,5,True,0.7899583958385983,0.6996936212357231,1742
noise,3,0,0,True,0.5966163760070727,0.49700864487134594,7343
noise,3,0,2,False,0.4143139852905081,0.3948597899586537,1527
noise,3,5,1,False,0.22662534424645803,0.19942340374118184,1568
noise,3,5,5,True,0.7803377001939039,0.7122874061196564,9477
noise,3,8,6,False,0.40881524054953416,0.3358219821958308,9884
noise,3,9,5,False,0.34841401245396136,0.31749988823547337,5919
noise,3,2,5,False,0.3614864009450586,0.31855101678453024,7247
noise,3,3,3,True,0.8020501302322667,0.657237917168743,2838
noise,3,1,1,True,0.6673664913630665,0.5954256772196397,7851
noise,3,2,2,True,0.6803801289437588,0.5548443690672948,4795
noise,3,4,2,False,0.4442536285003722,0.38678224700597585,7593
noise,3,9,9,True,0.6025969614783773,0.5492929268109444,9582
noise,3,8,8,True,0.6788078076171649,0.5813859169286894,347
noise,3,9,3,False,0.5446981248038683,0.4599187230529776,5360
noise,3,4,7,False,0.4643562193606736,0.4257099158678128,2659
noise,3,6,6,True,0.7383060992565211,0.6375698233574549,791
noise,3,7,7,True,0.711904355690961,0.6120175084435203,6296
noise,3,2,2,True,0.6568987273037639,0.5988637677515858,4778
noise,3,4,4,True,0.6877324074327514,0.5762269716147472,4653
noise,3,5,5,True,0.8102095939631544,0.6944860097592728,8179
noise,3,3,3,True,0.7142877717263441,0.6394735461887878,9437
noise,3,4,4,True,0.7267854898609011,0.6081287192715756,8347
noise,3,4,9,False,0.4538915358077564,0.4363147486313168,2583
noise,3,0,2,False,0.4285637707656176,0.3749422554494395,3601
noise,3,7,7,True,0.5862468072129724,0.5308003337592738,4274
noise,3,9,3,False,0.49778926289381736,0.4555695770201956,4539
noise,3,7,7,True,0.6809217426094745,0.5907377227388046,3419
noise,3,9,7,False,0.32152387233287594,0.27871504924601337,7235
noise,3,4,0,False,0.4480582278396642,0.3949902024246307,9219
noise,3,0,9,False,0.4847938481080224,0.44132845584162655,4097
noise,3,2,9,False,0.5371247065225062,0.4518275036649131,7731
noise,3,8,8,True,0.6750991871782475,0.5647691373268883,9455
noise,3,1,1,True,0.6181661451857376,0.5701252778429495,6367
noise,3,5,9,False,0.5146772317500743,0.4377785455789052,6122
noise,3,0,0,True,0.6457501864507261,0.5709693361236853,4649
noise,3,3,0,False,0.4612003219595053,0.4029761894875974,9439
noise,3,1,9,False,0.35788868057961776,0.31604806626820686,9802
noise,3,1,1,True,0.7325931325008262,0.6663119570534551,4613
noise,3,1,7,False,0.2590288885743328,0.23347117153303243,2514
noise,3,5,2,False,0.5016737174150325,0.43428613723842013,6680
noise,3,6,1,False,0.42177089618480074,0.3681109490315828,1526
noise,3,2,1,False,0.5165387330726293,0.44398875473018484,3008
noise,3,8,1,False,0.34194556296087025,0.29225191466423883,9041
noise,3,3,3,True,0.6607488741230539,0.5666476057462783,241
noise,3,7,1,False,0.4260630089731279,0.410417759884931,5156
noise,3,5,5,True,0.6627149101018037,0.5925374501277416,7865
noise,3,7,7,True,0.8747622765332567,0.7516440040760747,4292
noise,3,9,2,False,0.4836215088084354,0.44571139517954655,7637
noise,3,9,9,True,0.6881246933013103,0.5681621132783663,2608
noise,3,5,5,True,0.7325094967593897,0.6651466392797947,2684
noise,3,9,9,True,0.5930069720728852,0.5449590416584909,5153
noise,3,7,8,False,0.5028219399685627,0.4871253292537511,68
noise,3,2,8,False,0.46001307775090367,0.42624214486984124,5424
noise,3,9,9,True,0.7307570560887094,0.6448881885527065,7581
noise,3,1,3,False,0.567318939624856,0.5230439063784906,2069
noise,3,4,4,True,0.651511525491118,0.5562686080399784,7735
noise,3,1,4,False,0.4809585681412661,0.4159064530860332,1192
noise,3,7,4,False,0.4266022347176476,0.3763270031409317,4310
noise,3,8,8,True,0.6628995751083108,0.605842269460072,902
noise,3,8,1,False,0.5506625832078896,0.46594562867106154,3927
noise,3,1,9,False,0.6281879363402042,0.5297185119377804,9603
noise,3,2,2,True,0.6883605659654729,0.6048372426347923,424
noise,3,3,3,True,0.7336429038533775,0.6529470782168881,4534
noise,3,1,2,False,0.4519116912646811,0.38506332605617744,7144
noise,3,5,5,True,0.6546489935382067,0.5848600035629143,2580
noise,3,0,5,False,0.4447177729033488,0.4203780938088546,8522
noise,3,6,7,False,0.3866922008538842,0.3676976045954721,7904
noise,3,5,5,True,0.788543046035298,0.6923274445005682,9766
noise,3,5,5,True,0.6443397795220814,0.5608768576159897,2775
noise,3,9,9,True,0.5607264140604078,0.526329924664295,2810
noise,3,7,7,True,0.6156096588020148,0.5385762898715416,7181
noise,3,2,3,False,0.39797070999819123,0.37208219589076663,9333
noise,3,5,3,False,0.34161966067466226,0.3445423411571744,8099
noise,3,8,8,True,0.723678955799632,0.6468324740222859,2105
noise,3,8,9,False,0.41556875645779157,0.3482916183309826,3211
noise,3,6,6,True,0.6949862872283903,0.580957888517966,9321
noise,3,0,0,True,0.6720594140706059,0.580297913558753,3131
noise,3,4,3,False,0.4166953307041636,0.3833810135677036,4368
noise,3,8,8,True,0.6881879984046222,0.6088555159808091,8682
noise,3,0,6,False,0.2859617212318267,0.30220910435632614,5938
noise,3,5,5,True,0.7372675520661638,0.6503785450114674,1898
noise,3,5,0,False,0.4925297610837405,0.42710147258616676,6239
noise,3,2,1,False,0.3560257056551777,0.29495500774470323,3099
noise,3,3,3,True,0.6295719195682314,0.5737448791909436,3962
noise,3,9,3,False,0.36097090589913894,0.32170404543010306,7908
noise,3,5,5,True,0.713555513080712,0.5913993907539505,784
noise,3,9,9,True,0.460263906726096,0.406669532775487,3019
noise,3,4,4,True,0.6903394349022544,0.581873757444376,211
noise,3,8,2,False,0.3171434851551351,0.2760592121748685,2954
noise,3,6,0,False,0.4973158927253532,0.43784234834540353,845
noise,3,9,5,False,0.5526219762257678,0.46662511882520286,6502
noise,3,3,1,False,0.22895713136132692,0.19986107827800076,7583
noise,3,3,3,True,0.7100655377679134,0.6036733104204599,9118
noise,3,0,5,False,0.5202856974774988,0.44289705892946923,8079
noise,3,2,5,False,0.5769796340625739,0.4852722786105566,6422
noise,3,1,0,False,0.20708210282952635,0.18136449611303496,9239
noise,3,1,7,False,0.5015436501278834,0.4234181337732218,62
noise,3,3,1,False,0.583787988644878,0.5229514726676632,797
noise,3,8,8,True,0.6318417619849858,0.5560814987578437,1855
noise,3,3,7,False,0.5779667826893211,0.5301660697857387,2297
noise,3,8,0,False,0.4022005719119994,0.39460455393395155,4870
noise,3,8,7,False,0.45146370905731203,0.4122906529771506,7573
noise,3,9,9,True,0.6226159349655908,0.5532152852134183,1512
noise,3,5,5,True,0.8304214305110207,0.7356649613802655,6516
noise,3,8,5,False,0.5034452117615467,0.45226020633735786,9336
noise,3,4,7,False,0.5924709355729824,0.5196042821455669,7418
noise,3,6,4,False,0.5640607369110225,0.4938651102474212,6420
noise,3,8,9,False,0.4190849955782765,0.35078884696029444,8724
noise,3,1,0,False,0.7308378615181897,0.6529905733765581,9324
noise,3,0,6,False,0.5550792648473701,0.486191478923098,627
noise,3,1,1,True,0.7490978240577573,0.6807235299349065,2097
noise,3,7,7,True,0.6916850867430807,0.621235041803325,4521
noise,3,4,0,False,0.26699672707723654,0.2294281855701315,2253
noise,3,2,2,True,0.6437491577728065,0.5871206050448606,9340
noise,3,7,7,True,0.6894547464713067,0.5498216953705392,7006
noise,3,0,1,False,0.5577302655890228,0.5276752406498256,850
noise,3,1,1,True,0.786614523959292,0.6568534398104049,3433
noise,3,4,6,False,0.35866268166315424,0.3297655229970985,7209
noise,3,9,9,True,0.6707003158652,0.5936435918083705,5145
noise,3,7,4,False,0.39422535970721145,0.3725658929879647,6801
noise,3,6,6,True,0.6287229095622269,0.5428405369818046,5872
noise,3,7,3,False,0.33212022375641703,0.25439182075571337,5159
noise,3,3,5,False,0.45496863861162434,0.3951775845922696,4651
noise,3,4,4,True,0.6152353521671929,0.5335668032921208,9276
noise,3,8,8,True,0.6801263421740903,0.5521235505156307,7779
noise,3,7,7,True,0.6847335592815292,0.5979309575685146,4726
noise,3,5,5,True,0.6986690813100489,0.5873516893402506,5267
noise,3,0,0,True,0.5334002878511426,0.48137194673534023,600
noise,3,7,7,True,0.596021384023121,0.5166965817031225,2703
noise,3,3,9,False,0.4254495577154643,0.4158540217685393,4228
noise,3,3,3,True,0.6726307541321397,0.5816125678755091,5030
noise,3,6,6,True,0.5979221304087752,0.5318416361742828,3063
noise,3,3,3,True,0.6303007105258602,0.5464941738177911,5596
noise,3,5,5,True,0.5744575580871324,0.4708235606048543,9929
noise,3,0,7,False,0.2937166270215537,0.26056487286557073,9641
noise,3,1,4,False,0.4554208805989529,0.41717601733253956,4484
noise,3,5,2,False,0.34146903046499877,0.3172884720085482,3001
noise,3,9,8,False,0.6889606059597464,0.594751160309227,8738
noise,3,7,7,True,0.6820183425179482,0.5655804688019367,907
noise,3,4,4,True,0.6458446456255545,0.5768571205363872,6919
noise,3,9,4,False,0.29721325241305796,0.276020996260369,3779
noise,3,2,2,True,0.6333434699604124,0.5702101665434025,3053
noise,3,8,1,False,0.4946274505681789,0.42995108907825963,6140
noise,3,4,3,False,0.28375078022825095,0.22250066733782217,1753
noise,3,0,9,False,0.28688861552579326,0.2695305268584582,4386
noise,3,0,5,False,0.42088312651678783,0.3725678022378,7328
noise,3,9,3,False,0.4333416669543575,0.4111740923792061,8030
noise,3,6,6,True,0.6245348612491929,0.5464292927107423,8001
noise,3,1,1,True,0.6212179294943485,0.5421259022864062,3398
noise,3,9,7,False,0.5120146546131086,0.45855754585846187,3639
noise,3,0,1,False,0.33381852870235734,0.28680712802098113,7464
noise,3,3,3,True,0.6502401007566228,0.554801371220658,9561
noise,3,7,7,True,0.8177216915915826,0.7081055325260863,2979
noise,3,0,0,True,0.7162184437906146,0.6053775510566229,1933
noise,3,9,2,False,0.5381998051925538,0.46788792510435145,4180
noise,3,6,6,True,0.615124414908216,0.5766469798209576,7800
noise,3,9,9,True,0.7761210137267096,0.6955555362022305,428
noise,3,8,8,True,0.6865597616711736,0.6047365562484907,4210
noise,3,8,3,False,0.2180997904077164,0.23141836706565733,1448
noise,3,2,8,False,0.40240258419305225,0.3405442746039615,6325
noise,3,2,8,False,0.40924771191303866,0.41266935252368275,9179
noise,3,2,6,False,0.31139168760561736,0.2704728841135802,7821
noise,3,1,1,True,0.7407180460505556,0.6846864570531559,4168
noise,3,6,4,False,0.5723453857295929,0.5414816388257468,205
noise,3,0,6,False,0.5075839780302813,0.411381785189795,6601
noise,3,4,9,False,0.2938393125278377,0.2941052585114983,2241
noise,3,5,4,False,0.37576519488810955,0.3287222328458396,6500
noise,3,5,6,False,0.4606002691656404,0.3951508596444329,8152
noise,3,4,4,True,0.694750209159798,0.6160304401891281,3443
noise,3,2,2,True,0.5630586353457114,0.47344153354875956,8976
noise,3,1,8,False,0.3861754216217469,0.35328905013681045,9573
noise,3,9,9,True,0.6242965089705532,0.5268361429790188,1319
noise,3,4,3,False,0.538140130251874,0.4759606962993293,3245
noise,3,5,5,True,0.6973406145086116,0.6344467739141229,9487
noise,3,5,1,False,0.46605510946343115,0.41887720175256554,1614
noise,3,3,9,False,0.41935882471222496,0.3642591692597683,346
noise,3,7,1,False,0.319176450751395,0.29712820535544415,8755
noise,3,3,6,False,0.3902925486749957,0.31861906153364833,4095
noise,3,4,9,False,0.2935765812002361,0.24776287833628,8978
noise,3,8,7,False,0.5363055237153096,0.4622542939478729,5870
noise,3,3,8,False,0.5752472042655303,0.5196971285480633,6907
noise,3,6,8,False,0.378942691842591,0.34521726314263096,2406
noise,3,6,1,False,0.3550920687455687,0.32753158752376027,4426
noise,3,0,1,False,0.5254594437648576,0.4610928762219203,2692
noise,3,6,6,True,0.6284531815921924,0.5334232114333123,1109
noise,3,8,8,True,0.618588650682653,0.5705626918116418,8543
noise,3,2,1,False,0.405195533124735,0.34546033406667154,9381
noise,3,9,9,True,0.7771617667958143,0.6839682807705585,9327
noise,3,0,5,False,0.34292237263450814,0.30424192367625696,7220
noise,3,1,1,True,0.5744624951271942,0.5145529841988081,2316
noise,3,9,9,True,0.5607453546165457,0.4795238117197252,5237
noise,3,8,0,False,0.3659739254643625,0.34713137986244913,5847
noise,3,7,7,True,0.620848005224019,0.5702863627571348,6394
noise,3,6,2,False,0.27109377177746413,0.2652561676607719,7692
noise,3,2,7,False,0.21435467300233577,0.20035397857145837,4232
noise,3,4,4,True,0.6490091171067266,0.5579552446186439,9565
noise,3,5,5,True,0.7393217376673574,0.699865712694445,9186
noise,3,0,0,True,0.6902365638618371,0.5818685883873221,1333
noise,3,5,0,False,0.6171837925083661,0.5572308146665138,5736
noise,3,0,0,True,0.5448091579638608,0.48474348203081413,7414
noise,3,1,7,False,0.6539052995582627,0.5695687557809489,2285
noise,3,1,0,False,0.5137574529387576,0.4553970937926243,9494
noise,3,1,1,True,0.5906540114373356,0.5068516036545093,7148
noise,3,0,8,False,0.1618160260187726,0.16108473298086168,7231
noise,3,9,9,True,0.7408054837316056,0.651021150891066,1754
noise,3,8,1,False,0.4231295874881146,0.42821321382340083,8085
noise,3,5,5,True,0.7280665755017364,0.6552730334781511,7968
noise,3,3,6,False,0.3971163823495551,0.36286658043965,4614
noise,3,1,1,True,0.7617710385263051,0.6740165614135519,4655
noise,3,9,8,False,0.3772973335578827,0.3724934866341152,9564
noise,3,7,7,True,0.5825067614453403,0.4907222159337338,7799
noise,3,7,3,False,0.3845624632625789,0.3382234388979567,1564
noise,3,4,5,False,0.3839582142657393,0.3032217055723038,5921
noise,3,0,5,False,0.2680612911942354,0.2540275743583381,94
noise,3,6,8,False,0.42912004817782756,0.39671551596203947,8552
noise,3,4,4,True,0.6230898321416637,0.5247143562757174,8122
noise,3,2,2,True,0.6593775009171102,0.6041724761395578,1262
noise,3,3,3,True,0.6414907595023503,0.545889545724502,6771
noise,3,0,1,False,0.39042959095042434,0.3400157901275294,1495
noise,3,8,8,True,0.7370390662622536,0.6438745246353162,6333
noise,3,1,1,True,0.5183350622491075,0.4874687301669377,2320
noise,3,8,0,False,0.37594251838669246,0.3173871842670706,4166
noise,3,9,9,True,0.7235942460967894,0.6358800516895846,938
noise,3,0,3,False,0.24147381977743473,0.235749501906668,1657
noise,3,6,6,True,0.5853166244773288,0.5238885340793191,738
noise,3,0,0,True,0.7147761560242936,0.6346677532819837,1610
noise,3,8,9,False,0.4724451744874726,0.43180840275783056,8963
noise,3,5,3,False,0.1,0.1,6409
noise,3,0,4,False,0.3940588301524224,0.3837056013661655,1067
noise,3,7,7,True,0.7399963405051398,0.6417739014659203,8896
noise,3,7,7,True,0.8078436344776699,0.6967901252463713,5846
noise,3,9,9,True,0.5991087757248349,0.5511949693923848,7317
noise,3,4,4,True,0.6731401659160028,0.574557803691063,1470
noise,3,9,4,False,0.29968888028599877,0.2761411120570794,8582
noise,3,6,6,True,0.6792286971970549,0.5778877001375919,7237
noise,3,5,3,False,0.39377388609805125,0.4000925194922439,4039
noise,3,3,1,False,0.6005371066900567,0.5716296310210839,8249
noise,3,2,2,True,0.5916953090941681,0.515736193101312,7200
noise,3,6,4,False,0.47068080189166484,0.42547582507792575,858
noise,3,7,7,True,0.5317801607211364,0.4671171327139136,869
noise,3,0,2,False,0.5606955577781809,0.4846192343432858,7117
noise,3,4,4,True,0.6032230944786059,0.5301322602889323,8961
noise,3,0,7,False,0.5642891692514622,0.4938337651592937,48
noise,3,3,3,True,0.7163163544463522,0.5934555531307601,7388
noise,3,7,7,True,0.6829455191852161,0.6007641577387455,8418
noise,3,6,6,True,0.6937256623979178,0.6038209555879772,8442
noise,3,1,1,True,0.7004838469919598,0.6166552790758365,5703
noise,3,7,6,False,0.5216734307239173,0.45687206056004004,5508
noise,3,0,0,True,0.6091872388547181,0.5256023657569395,287
noise,3,0,1,False,0.23427814923721002,0.23163462805714252,7645
noise,3,9,7,False,0.5010386039371324,0.4515455014207307,3018
noise,3,0,0,True,0.6599068761560787,0.6038417907313807,1044
noise,3,2,2,True,0.704345578594126,0.6235883370944537,7270
noise,3,1,1,True,0.7581320053732128,0.6554600735309282,5853
noise,3,5,3,False,0.2782231516934387,0.2638250494631116,5874
noise,3,5,5,True,0.6051293024706271,0.48974764391525366,6897
noise,3,8,6,False,0.6354317740207278,0.5971906056922344,5763
noise,3,9,9,True,0.6084850235296542,0.5376998728757574,8392
noise,3,7,7,True,0.562440771077878,0.5367637732987114,5261
noise,3,4,4,True,0.6115702238111361,0.5174477890458531,7161
noise,3,0,4,False,0.5062613219008874,0.422969215963473,4963
noise,3,9,1,False,0.35551566923422717,0.3245049847023794,5154
noise,3,5,2,False,0.44370147961227485,0.39939695252576685,4043
noise,3,2,2,True,0.7086465241665749,0.6241144410303276,1491
noise,3,5,5,True,0.8227333826651761,0.7180398993304093,2186
noise,3,3,9,False,0.5414050340638086,0.4626319357357095,7911
noise,3,3,0,False,0.14301163815154327,0.10685277654724135,4092
noise,3,4,7,False,0.33437954478038234,0.3048856241963387,2252
noise,3,7,7,True,0.5840392573336567,0.4857815287276405,6734
noise,3,1,3,False,0.3184712937462305,0.2581604737295214,7635
noise,3,9,9,True,0.6690504375457601,0.5760802359445313,7932
noise,3,0,9,False,0.34743815122493227,0.31893560824776007,1621
noise,3,1,1,True,0.589908606042332,0.556177499881108,5580
noise,3,6,1,False,0.3674715317188561,0.34693598802610354,7132
noise,3,1,1,True,0.5895682267042198,0.5447973444411685,7917
noise,3,7,5,False,0.4241464624784829,0.38859772685757193,5134
noise,3,7,6,False,0.45430881752521307,0.4084995692753058,9593
noise,3,4,9,False,0.37314028860345283,0.38228505161005677,1152
noise,3,4,7,False,0.5571743822473673,0.4621411126324143,6474
noise,3,9,9,True,0.6517528077345193,0.5607252802464564,4666
noise,3,7,6,False,0.332848633036512,0.291217742689387,4266
noise,3,6,3,False,0.3075462677650166,0.29428546802743055,6938
noise,3,1,7,False,0.39870301967413385,0.334322031569292,8446
noise,3,5,5,True,0.5656846730368841,0.5111005642328835,1380
noise,3,0,0,True,0.6239501227880635,0.556950601005242,6040
noise,3,2,2,True,0.722451584782684,0.6453507957642174,6669
noise,3,6,5,False,0.42945569100143133,0.3959417982881186,9655
noise,3,4,4,True,0.6982311936826683,0.6392629073629199,2452
noise,3,9,9,True,0.7661148840796337,0.6652134622089411,2556
noise,3,9,2,False,0.3501773760574141,0.3232539278386332,1302
noise,3,0,4,False,0.4936369528764687,0.41986042423374026,4359
noise,3,8,9,False,0.4970021990895971,0.4181559690208062,3985
noise,3,8,8,True,0.6491560383366606,0.6020792082782335,7592
noise,3,1,1,True,0.7515878957808052,0.6376073356665429,7740
noise,3,3,7,False,0.47360351912265714,0.4303892327933163,8985
noise,3,9,9,True,0.5118353264597901,0.4606808834809713,8502
noise,3,0,5,False,0.26834499082624463,0.26659286008905336,9214
noise,3,0,0,True,0.5722969666951714,0.4682884087189141,8987
noise,3,5,0,False,0.3563007101978794,0.3356797435191211,2631
noise,3,9,9,True,0.7403451986716525,0.6431327787426007,2616
noise,3,2,4,False,0.38478836566116986,0.3300719284427463,3141
noise,3,7,5,False,0.5482918734206864,0.47603174217237565,5450
noise,3,6,6,True,0.7383325332293104,0.6633180689857339,6565
noise,3,1,1,True,0.7887700254152595,0.700079331949472,1725
noise,3,2,7,False,0.44692328900921235,0.39232632649772053,4187
noise,3,6,0,False,0.47957972033551,0.3998606130037979,2831
noise,3,4,4,True,0.6503449657806326,0.5464223289753048,1683
noise,3,2,2,True,0.7130047105763979,0.6361146071884315,4966
noise,3,2,0,False,0.3294498101147566,0.26947749008445526,955
noise,3,5,0,False,0.3592819074442296,0.318026531562709,8981
noise,3,8,7,False,0.560135907663633,0.5447369640616861,7376
noise,3,4,4,True,0.6659037679033637,0.590209419485261,7716
noise,3,9,2,False,0.3120122436673175,0.29505539119712,4405
noise,3,6,6,True,0.7418173111005277,0.624324008998122,7262
noise,3,4,4,True,0.5672299904308122,0.4725994587427415,4620
noise,3,7,5,False,0.4044899460699317,0.374732894900203,7741
noise,3,4,3,False,0.36639571810477733,0.3207893206111636,8762
noise,3,7,4,False,0.5605691622806278,0.5149562175698071,3478
noise,3,9,9,True,0.6213759367515876,0.5460322109913399,7730
noise,3,7,7,True,0.8397179641111796,0.7998875252055053,5121
noise,3,1,0,False,0.44242582061333235,0.3816155512150655,7553
noise,3,0,0,True,0.5723829059652386,0.5093081006542414,4540
noise,3,8,5,False,0.4308553697840528,0.3653441510646955,1907
noise,3,8,4,False,0.5262316821786842,0.4849385300649302,9739
noise,3,5,5,True,0.5163580782036724,0.46471461435060724,9359
noise,3,2,9,False,0.30521850322805577,0.25721193067556086,8199
noise,3,8,7,False,0.2681398762611271,0.2385731969396895,5439
noise,3,4,0,False,0.4262134580041522,0.40671813477353996,1032
noise,3,2,2,True,0.604984796951811,0.5562712595164885,2901
noise,3,3,0,False,0.4559596454283688,0.3762777858288006,7956
noise,3,2,3,False,0.4880296076079806,0.42250577359213937,4693
noise,3,2,1,False,0.2839750979093478,0.2948067683488849,970
noise,3,3,3,True,0.700561003256367,0.6091332967540175,4157
noise,3,6,6,True,0.6468214937255689,0.5704667199577187,2207
noise,3,0,7,False,0.4057511950754042,0.3824271541472951,5515
noise,3,3,5,False,0.20357805591567285,0.1633981134023535,867
noise,4,2,3,False,0.43637021746737037,0.3958287062038278,5256
noise,4,2,0,False,0.5307794440842013,0.46888702996130494,5236
noise,4,2,1,False,0.4664571995073916,0.41318960402521676,1180
noise,4,3,1,False,0.3931716081861316,0.3564089364293169,4903
noise,4,6,0,False,0.2958471557264033,0.28190589216505746,9677
noise,4,3,3,True,0.5817204951949374,0.5273734315183086,9901
noise,4,7,8,False,0.4657021260467329,0.443062845055855,1130
noise,4,4,0,False,0.1318513232976585,0.13192739497326206,3455
noise,4,7,7,True,0.5235223816055183,0.49507804874999867,1859
noise,4,4,2,False,0.43341159197442664,0.40455431876791387,2854
noise,4,3,1,False,0.24617196178154963,0.2230435398909277,2349
noise,4,5,1,False,0.40233882842455365,0.3236405295920041,9953
noise,4,6,4,False,0.39769892707656895,0.35475533330102327,1756
noise,4,4,5,False,0.21456675697375077,0.2285512995254946,5947
noise,4,9,5,False,0.36869781101429333,0.3128878767595051,7664
noise,4,5,6,False,0.298255473199848,0.2701664051691219,9459
noise,4,2,9,False,0.4016098675883533,0.35967276563653583,239
noise,4,0,0,True,0.6245409877048635,0.564702371385758,3805
noise,4,3,3,True,0.7370816754872839,0.6337631932085254,870
noise,4,0,1,False,0.36725923242430963,0.3097826725915574,1188
noise,4,0,6,False,0.3888871272422572,0.3569541011803933,405
noise,4,3,2,False,0.24239349110839956,0.20616672706138758,2227
noise,4,2,2,True,0.5902061475525193,0.47996511837679917,3284
noise,4,8,8,True,0.6978422797727355,0.6449733762953824,9329
noise,4,7,9,False,0.46315387534870495,0.42722140728915026,3838
noise,4,7,7,True,0.6822278749135537,0.6325614493848645,3147
noise,4,5,9,False,0.428040135011987,0.39631436982049967,1399
noise,4,1,1,True,0.6469094652733617,0.5784803439162064,8258
noise,4,8,9,False,0.3270022535199651,0.3003426281603775,5936
noise,4,4,1,False,0.30509926477891497,0.2706138094308322,4436
noise,4,4,4,True,0.6481472890151881,0.5761673273010118,2771
noise,4,6,5,False,0.1997763592161796,0.17374525564627064,4121
noise,4,1,1,True,0.6250582963602581,0.524914968456635,9464
noise,4,4,5,False,0.4221103008968112,0.367149239423868,5934
noise,4,6,1,False,0.2204859869076172,0.22824293469850251,4699
noise,4,6,4,False,0.2525087434989941,0.20498429823563996,1323
noise,4,5,6,False,0.349828012289504,0.2880234774300764,6308
noise,4,9,9,True,0.7430825589506966,0.6584463583623485,1660
noise,4,9,9,True,0.7318316855495993,0.6287553586284261,9318
noise,4,0,5,False,0.3660461305001495,0.3358491118283164,615
noise,4,0,2,False,0.28015313208278003,0.2729273109079519,3831
noise,4,5,4,False,0.4571633009743079,0.4128194555133193,2837
noise,4,8,3,False,0.4328791384838782,0.37030235613772755,1217
noise,4,5,0,False,0.21890165624261007,0.22672508397679067,5836
noise,4,2,1,False,0.38522666446600323,0.35728511844817296,8936
noise,4,5,5,True,0.6016488908595353,0.5269381143143965,2764
noise,4,9,7,False,0.2858562207199832,0.2575461313340171,8019
noise,4,1,4,False,0.546951466131251,0.48738859700110315,1666
noise,4,4,0,False,0.3724271388451788,0.32532339401323596,520
noise,4,6,9,False,0.3382461511486053,0.2698851345819133,1267
noise,4,3,8,False,0.368495122529562,0.34322400907536116,707
noise,4,0,8,False,0.4474240262829294,0.4091252827379135,6277
noise,4,6,5,False,0.2898395524046556,0.21534230023002277,3535
noise,4,7,6,False,0.3069150030558998,0.28609127545065993,6744
noise,4,6,1,False,0.4256671458146328,0.41194674472023207,8167
noise,4,6,5,False,0.20836107095096307,0.1695541432448478,8391
noise,4,6,6,True,0.5446909980090113,0.4765215224898454,894
noise,4,3,2,False,0.19948202651764396,0.1809200762573162,4063
noise,4,0,0,True,0.5538459104361071,0.5189772625581087,8194
noise,4,9,9,True,0.547725585826246,0.5029856888354484,4944
noise,4,2,7,False,0.25437483380656567,0.21365028580533224,5166
noise,4,8,8,True,0.6402709914728419,0.5660727132190861,5466
noise,4,5,6,False,0.4644457873834721,0.4558323619215018,2920
noise,4,5,7,False,0.47513222997781046,0.40636823749831613,4179
noise,4,0,6,False,0.21510117164615944,0.1976129202260489,1025
noise,4,9,7,False,0.2548943841798337,0.24193037262261102,4669
noise,4,5,4,False,0.3939872568831132,0.33768807735626105,4294
noise,4,8,1,False,0.4315317490179348,0.4170660483650995,3219
noise,4,7,7,True,0.6071746115050363,0.5216450537736104,4000
noise,4,1,0,False,0.3021078617456078,0.24401097990128273,7839
noise,4,9,7,False,0.24686523539413646,0.21433580930669022,1993
noise,4,5,0,False,0.5258245290581541,0.4750112514231544,2872
noise,4,1,5,False,0.3125044200946483,0.264665274565366,8923
noise,4,5,0,False,0.3631292303612765,0.32970383358442706,9051
noise,4,6,6,True,0.6980213127436882,0.6195691246349683,9815
noise,4,6,6,True,0.7191761950231058,0.602121084928047,1779
noise,4,3,0,False,0.26475334353675906,0.22876629765436074,3752
noise,4,9,7,False,0.47682608342261534,0.4272815880999844,1303
noise,4,2,4,False,0.23212792843783084,0.2263569823722265,4078
noise,4,4,8,False,0.47657202577777236,0.40931054151575375,4067
noise,4,8,0,False,0.1884700414895253,0.17823498147105707,7337
noise,4,0,9,False,0.34954443481318953,0.30643404459629586,1516
noise,4,4,4,True,0.5202915666079555,0.4718048350327741,1273
noise,4,4,8,False,0.4297256108245655,0.39065504078419283,1798
noise,4,7,7,True,0.5986214472267101,0.51635856983879,7477
noise,4,7,0,False,0.2551584858375827,0.24145358998586847,8121
noise,4,7,9,False,0.2865198755831642,0.2502899268098356,5621
noise,4,3,3,True,0.6867406719935982,0.607876810281688,4922
noise,4,4,4,True,0.468106669980601,0.42231656039040266,9701
noise,4,0,1,False,0.4490249247000564,0.4440921165664181,4715
noise,4,8,3,False,0.36737938124807407,0.32054722921878076,779
noise,4,3,3,True,0.6275097230806619,0.5455578948792927,6152
noise,4,4,1,False,0.43666616304754313,0.3732216065825692,1696
noise,4,6,9,False,0.38593530344559696,0.3223885339729735,5219
noise,4,7,1,False,0.3430039998911956,0.2974241900356679,1435
noise,4,0,6,False,0.21859929434585984,0.21411141409840564,9715
noise,4,7,1,False,0.45539082973195755,0.41683143589915006,6732
noise,4,3,0,False,0.40400263116393836,0.3643158333830942,9830
noise,4,4,7,False,0.29937379508521467,0.2635524282118342,8937
noise,4,1,6,False,0.4779252734128051,0.4113689826822682,3367
noise,4,7,6,False,0.38438124990666245,0.3233874522114226,9262
noise,4,4,4,True,0.6687853653382967,0.5723298085182921,3577
noise,4,1,9,False,0.4483895576244835,0.3702285627981655,7156
noise,4,1,7,False,0.42687066203052987,0.40499722896346363,172
noise,4,7,7,True,0.7666509547938178,0.7033963413011861,843
noise,4,1,5,False,0.3411414946455003,0.26625301537867674,5559
noise,4,5,4,False,0.5583664154234529,0.4953967258669472,6429
noise,4,6,6,True,0.6323395783332019,0.5579424806903421,1674
noise,4,9,4,False,0.434597183899408,0.3885837821062994,7624
noise,4,1,5,False,0.3516140833627673,0.30201708443409203,746
noise,4,2,8,False,0.4054713627463171,0.38010093750948337,5059
noise,4,1,5,False,0.4833423318370273,0.4340505280930444,9485
noise,4,8,8,True,0.6844368055830585,0.6174537198248764,2287
noise,4,5,4,False,0.4201836342133664,0.35740584949310533,6723
noise,4,9,1,False,0.38655572805097727,0.31590871275017207,1299
noise,4,0,1,False,0.29586985057216825,0.2751874835779834,9978
noise,4,7,1,False,0.4858098998719208,0.40867954037476767,7013
noise,4,0,0,True,0.7042953419733127,0.6347430327939932,823
noise,4,1,1,True,0.6543954881612745,0.5287037386495467,2457
noise,4,4,3,False,0.470359377723808,0.40543467316719295,7245
noise,4,3,3,True,0.6703023264422971,0.5724385405228912,3622
noise,4,3,4,False,0.35710657371148674,0.31189305481812046,6634
noise,4,0,8,False,0.31707761654438843,0.28973795550199427,6854
noise,4,5,5,True,0.7683842444481334,0.6760513225009412,6359
noise,4,3,3,True,0.5043223475272887,0.4564687474444893,4818
noise,4,9,0,False,0.4358483116961044,0.4005707922274814,4392
noise,4,7,7,True,0.52838229132296,0.46069443561108075,3713
noise,4,4,0,False,0.32247508525868274,0.3312779097040095,8939
noise,4,7,7,True,0.6590288684592822,0.6029163448695296,9090
noise,4,5,0,False,0.28547653502765347,0.2514152904602782,1357
noise,4,4,6,False,0.2190985913943239,0.19849632884233576,5212
noise,4,9,6,False,0.4456099136668689,0.3871074707628335,3611
noise,4,5,7,False,0.14505920592125401,0.14556629731027748,6219
noise,4,4,8,False,0.509181682633064,0.42836567363524736,4184
noise,4,5,1,False,0.37017538765263663,0.31385833028626214,3024
noise,4,7,7,True,0.7177687176677828,0.5817560851093279,5298
noise,4,7,7,True,0.7120510621409378,0.6122702002443337,7214
noise,4,5,5,True,0.4902746044046119,0.4530285974234002,6056
noise,4,1,6,False,0.39828829527035425,0.35050303057681176,9267
noise,4,6,7,False,0.2273085829007742,0.20628905663606475,3323
noise,4,4,4,True,0.5474963774559483,0.48593510371466625,3731
noise,4,9,4,False,0.32951758485464255,0.2750451984705436,2312
noise,4,9,5,False,0.31246358597879054,0.2810997723348567,7831
noise,4,0,0,True,0.6813447187162612,0.6119496008187986,3114
noise,4,9,9,True,0.7177654711153603,0.6312319137802959,9838
noise,4,9,9,True,0.5525225721971472,0.5042074809928093,3128
noise,4,9,9,True,0.6129206218213334,0.5612651666735066,7928
noise,4,4,9,False,0.35701905373390697,0.3317179909065771,6421
noise,4,2,9,False,0.2964672867468589,0.2527298532512289,1056
noise,4,6,3,False,0.3762987475546794,0.3279712281490723,4330
noise,4,8,0,False,0.28217103147298683,0.29347515381137146,9154
noise,4,4,4,True,0.7150793483077564,0.629100816328163,5174
noise,4,9,7,False,0.31809994902289374,0.2890040884649076,539
noise,4,2,1,False,0.3893360944027211,0.3287364934348338,4013
noise,4,8,8,True,0.5018261828540626,0.43972303231364673,3522
noise,4,0,8,False,0.410630160576872,0.3783631082133969,9043
noise,4,8,8,True,0.730041688708897,0.6358323496124918,5799
noise,4,9,7,False,0.3020247333190532,0.2613334586241823,3652
noise,4,7,9,False,0.3791282897257473,0.3315113230079368,7373
noise,4,6,2,False,0.2682816056609162,0.2668758711721007,8077
noise,4,4,9,False,0.41691578157793535,0.3827340305945298,7189
noise,4,8,7,False,0.33145348120351587,0.3074162635602332,9747
noise,4,1,9,False,0.3804519409699535,0.34720179260343376,6747
noise,4,2,4,False,0.38200240049452616,0.31604144123564276,1372
noise,4,1,1,True,0.6649507329756442,0.585655104764283,2913
noise,4,2,1,False,0.3981583701562779,0.3747947641774387,7158
noise,4,5,2,False,0.3673218953069772,0.3220051801865257,5142
noise,4,3,8,False,0.2907629180139545,0.2816970415590778,1431
noise,4,4,9,False,0.44023851549305043,0.4001072725395174,9483
noise,4,2,2,True,0.7431329266317115,0.6632164444880888,5671
noise,4,3,8,False,0.207451985407355,0.19235291732739337,5592
noise,4,4,4,True,0.5680532105120286,0.5155769401595742,8838
noise,4,2,2,True,0.5165224272915971,0.42475043092944476,4819
noise,4,9,6,False,0.27814943023473143,0.25208993010298925,215
noise,4,8,8,True,0.5705746088226178,0.5142487147207755,3237
noise,4,8,5,False,0.35285171633508977,0.32084994940974537,429
noise,4,0,5,False,0.35440921057241803,0.33816030210663606,1022
noise,4,4,3,False,0.4834641869715455,0.4228025824218908,1996
noise,4,7,7,True,0.623013612204842,0.5336124649140145,9402
noise,4,3,3,True,0.5886497241726382,0.4825707655634952,1162
noise,4,2,5,False,0.3567164679808792,0.3127496677762894,1869
noise,4,6,6,True,0.657540274613425,0.5842467323578105,4156
noise,4,0,4,False,0.3727836266537855,0.3470862529306999,648
noise,4,6,2,False,0.1873976428234809,0.14630428476683835,8196
noise,4,4,4,True,0.641853711092648,0.5840821569552834,7975
noise,4,6,8,False,0.30757241203622104,0.25694813380819365,4389
noise,4,6,6,True,0.7165179959603725,0.6216173337404233,7681
noise,4,5,5,True,0.6325491070767951,0.5412904133821251,2507
noise,4,5,0,False,0.2744262572958917,0.2566073163781557,7507
noise,4,0,0,True,0.5284460561265975,0.4660606420584447,5180
noise,4,9,9,True,0.5559774355194297,0.501140191298912,4607
noise,4,0,8,False,0.4042720876831501,0.3955073668211653,821
noise,4,9,6,False,0.26159948862762844,0.24531661479361913,4964
noise,4,9,6,False,0.20020086398086578,0.173637141611051,912
noise,4,7,9,False,0.4139059643213033,0.37604145022421887,3076
noise,4,7,9,False,0.5033123941539729,0.4817183199656245,122
noise,4,0,4,False,0.3254698384624314,0.30477616796964585,9857
noise,4,9,2,False,0.24553135155159672,0.24261552100005704,9018
noise,4,5,5,True,0.6296460338884133,0.5183275998071869,6270
noise,4,3,4,False,0.39940625733847307,0.3622328907168496,133
noise,4,6,1,False,0.33668568432233664,0.29582247667547307,8358
noise,4,5,5,True,0.5953457571033761,0.5074413962964214,5824
noise,4,3,0,False,0.45249707194042876,0.3991761646041859,3101
noise,4,3,0,False,0.37843380662042514,0.33884141525330436,6065
noise,4,1,2,False,0.16456771003706377,0.14239471549166477,3026
noise,4,9,9,True,0.5458985652337643,0.48278305565287427,2136
noise,4,6,4,False,0.30519776736543336,0.27094836030464065,2746
noise,4,2,2,True,0.6743062476130894,0.6022090879614483,4302
noise,4,7,1,False,0.3790821271864925,0.3417713049249301,8904
noise,4,6,8,False,0.381144208103523,0.3464910440649805,3806
noise,4,1,6,False,0.19259251318447812,0.19829139558053965,9022
noise,4,1,3,False,0.44045980620611513,0.4004899524719821,9829
noise,4,2,9,False,0.3616123706326332,0.32224882718555564,9054
noise,4,1,8,False,0.3957641413508611,0.3096610211479039,9680
noise,4,8,8,True,0.6013842258704053,0.5364511518657447,7029
noise,4,1,1,True,0.5996912486847537,0.5064990953368997,2787
noise,4,8,8,True,0.6516856331664992,0.5672080316975184,2309
noise,4,5,2,False,0.3458206442912827,0.3163684873527859,3628
noise,4,1,1,True,0.597119848673024,0.5492124518478946,3396
noise,4,8,0,False,0.2706067564718825,0.28186219903010457,9288
noise,4,1,5,False,0.5038246606930891,0.4248265958516974,5043
noise,4,9,4,False,0.2696015975632442,0.21784410040150828,9082
noise,4,0,0,True,0.6209122130755985,0.5492897244979952,6364
noise,4,6,5,False,0.26481662366159014,0.2449426851931095,8566
noise,4,3,3,True,0.54724908113319,0.45612420140472953,8070
noise,4,5,5,True,0.6594258248204742,0.5751798910588014,3595
noise,4,8,3,False,0.4315022383666548,0.3937277215265917,2680
noise,4,7,3,False,0.35594749328743325,0.29295233485073974,7487
noise,4,2,2,True,0.6803468637950849,0.573403126383204,7776
noise,4,0,0,True,0.5849728199771852,0.49934369827336234,5750
noise,4,2,6,False,0.6107583296192893,0.5298993751963276,324
noise,4,8,1,False,0.3673024225615013,0.3410864892927854,323
noise,4,5,5,True,0.6314206590067232,0.5451779466842095,7323
noise,4,7,7,True,0.43490007239104345,0.385771398052877,4617
noise,4,4,2,False,0.4289586656529827,0.42453842240983447,5525
noise,4,5,5,True,0.5366644508898047,0.4520385776027591,5275
noise,4,0,8,False,0.28916454620963944,0.24772999633216775,8098
noise,4,0,1,False,0.3580158152960017,0.3328752204874197,1469
noise,4,7,2,False,0.4802594230762175,0.44298137343744004,5211
noise,4,2,9,False,0.36999601198230264,0.33779262765787715,4152
noise,4,3,5,False,0.5063225304342486,0.481553502244418,3315
noise,4,3,3,True,0.6653090371019871,0.5868618002341288,9831
noise,4,6,2,False,0.337121522573649,0.2620312205174055,9903
noise,4,9,9,True,0.5817340090040699,0.5114138214024065,1225
noise,4,7,2,False,0.33733291612036465,0.2903133062203598,5595
noise,4,6,6,True,0.5551734540871301,0.5145736709511728,4711
noise,4,8,3,False,0.36598934763794694,0.3453834267765555,5027
noise,4,5,5,True,0.5679389512309596,0.46595429301710345,6101
noise,4,1,7,False,0.446341997614972,0.421397059244477,6345
noise,4,4,2,False,0.4130858553415885,0.38491033241632516,9069
noise,4,9,9,True,0.6916152111573955,0.5963836869017697,545
noise,4,7,8,False,0.4119883474992012,0.36362125748700647,1394
noise,4,3,3,True,0.7379911670366379,0.6701360328038727,9957
noise,4,3,5,False,0.2110120439328988,0.1549299990274649,1103
noise,4,9,9,True,0.5307275593636951,0.47502638555993476,6245
noise,4,0,4,False,0.5432003285055733,0.498588471932238,8259
noise,4,9,7,False,0.24254100039155596,0.21938558971858188,4847
noise,4,6,2,False,0.46011000918459155,0.41905170406973863,4158
noise,4,8,0,False,0.4734717244566627,0.4195140565193197,1346
noise,4,3,4,False,0.2123153845091136,0.17978729143850822,7926
noise,4,6,5,False,0.4312361714418191,0.36537014537726115,8385
noise,4,3,3,True,0.6033525139051203,0.5420882221669345,6580
noise,4,0,2,False,0.35395542034901467,0.30314797278589944,1124
noise,4,4,4,True,0.6002463692995974,0.49471779513674263,6906
noise,4,9,0,False,0.4912689091434631,0.43502654660637363,9367
noise,4,2,2,True,0.5707014658561242,0.48983461755833535,2004
noise,4,1,5,False,0.31366864653493676,0.257636187049902,2563
noise,4,9,4,False,0.315362448665779,0.2844930300272699,8407
noise,4,9,2,False,0.32590100441109104,0.30736138855116735,6334
noise,4,8,8,True,0.6621250612575583,0.578209303352753,356
noise,4,9,9,True,0.723579021618557,0.6087173512544585,5893
noise,4,9,1,False,0.3717669624703419,0.34063798934786166,6534
noise,4,9,0,False,0.4004381419982511,0.37607554834004253,8548
noise,4,9,3,False,0.4804039057842806,0.467604003182577,6852
noise,4,7,6,False,0.38409788995417565,0.370320087066363,1800
noise,4,3,3,True,0.7178277632972513,0.6050464309986898,4131
noise,4,4,6,False,0.25889600061850415,0.25222325528762046,9122
noise,4,3,9,False,0.3894486880806602,0.3511618632817131,4493
noise,4,5,5,True,0.7002757045380773,0.5871923656399801,5092
noise,4,6,8,False,0.3515682755985825,0.31950893849523454,9779
noise,4,2,2,True,0.5871518374502996,0.5524525957908965,1885
noise,4,0,0,True,0.588773430674679,0.5393747002878606,4021
noise,4,6,6,True,0.6193721419877796,0.5211973245648799,50
noise,4,9,6,False,0.34294818967552987,0.3067803055618991,8542
noise,4,8,9,False,0.2798618195956568,0.2627160352624452,4183
noise,4,0,0,True,0.6109165793199168,0.49968102038914636,4734
noise,4,5,7,False,0.44482598251254296,0.3591933298618698,1701
noise,4,5,6,False,0.31764137616032795,0.288087726618452,2443
noise,4,4,0,False,0.22539572075625383,0.20993986364149614,7745
noise,4,6,6,True,0.5277304420725601,0.42679449709242107,5840
noise,4,4,4,True,0.749084218674645,0.6594810563876008,2193
noise,4,9,9,True,0.6276170443316342,0.5702137417518575,5287
noise,4,9,6,False,0.40911630852094516,0.35838282886571315,1382
noise,4,6,8,False,0.3603218375537778,0.32246979764453465,646
noise,4,4,4,True,0.6104043944968529,0.5452719696560099,3185
noise,4,5,0,False,0.39904879966067264,0.36297206523745285,8799
noise,4,9,9,True,0.5615453547850241,0.45894110152396617,714
noise,4,3,3,True,0.6451601494827495,0.5452837032180647,2479
noise,4,8,8,True,0.5389288864850168,0.4651724847884921,6275
noise,4,5,5,True,0.5638474829863414,0.4770538195226664,5460
noise,4,0,0,True,0.5657697516950649,0.5252436589003479,4813
noise,4,7,7,True,0.586620236503821,0.5263167197935954,2758
noise,4,2,5,False,0.4381877593537291,0.3652650873347378,2500
noise,4,5,6,False,0.40528414508923166,0.35520480816995686,6215
noise,4,9,0,False,0.36803351052398087,0.3504363266863903,904
noise,4,7,6,False,0.30305937578035574,0.25967568158553544,2534
noise,4,6,2,False,0.49308567282298166,0.45115449898641957,8486
noise,4,0,6,False,0.356067414981836,0.3453208965457737,6393
noise,4,8,1,False,0.20341829903754471,0.21222837347484436,5500
noise,4,3,3,True,0.7544137983501505,0.6598598114893045,9658
noise,4,0,3,False,0.38192849929671746,0.3646597243485156,7302
noise,4,9,9,True,0.7390261611148468,0.6327274766159134,69
noise,4,1,9,False,0.41725486234558246,0.419384259752667,1204
noise,4,3,7,False,0.5991622746205688,0.5291049242561743,77
noise,4,1,2,False,0.32900297282077723,0.31758841013985856,7244
noise,4,6,1,False,0.3616093241321219,0.3151277483320013,891
noise,4,8,3,False,0.43198306439597917,0.3921738954016121,3118
noise,4,5,5,True,0.6018601664530799,0.5374504110983455,5271
noise,4,8,4,False,0.4402637708830291,0.3706475317652744,6788
noise,4,9,9,True,0.4103557198678922,0.3446334944894732,6259
noise,4,8,3,False,0.35272167441743235,0.31072337212636664,4050
noise,4,1,9,False,0.34970075313335425,0.3343522910402709,6024
noise,4,2,5,False,0.3460784786511862,0.2725381539766079,393
noise,4,2,8,False,0.27230730514915535,0.23920422498292815,7426
noise,4,6,6,True,0.5276686436732791,0.489715799579611,8538
noise,4,8,8,True,0.5353048555701446,0.4453665393658692,6136
noise,4,3,1,False,0.38002744000719857,0.3631013372712338,1201
noise,4,6,6,True,0.6797889673290647,0.5702647626983516,7140
noise,4,1,1,True,0.5777835283674563,0.4877851668306498,589
noise,4,5,4,False,0.5030960798903887,0.4396872323493108,6230
noise,4,7,6,False,0.37951038552133676,0.375053009060755,4730
noise,4,3,3,True,0.4936755519513273,0.4218240752303819,6950
noise,4,1,1,True,0.4868571201371794,0.3941692963493579,7973
noise,4,4,1,False,0.309399180607351,0.24995058256666583,8488
noise,4,7,8,False,0.34584424634400585,0.3276065731978552,6778
noise,4,9,8,False,0.33164576185771877,0.2698040918772153,8726
noise,4,6,6,True,0.49718461089206245,0.46136621076787643,7259
noise,4,6,7,False,0.3706652042269184,0.33146124001489274,9640
noise,4,4,4,True,0.6759159397752573,0.5888831242766699,2675
noise,4,9,9,True,0.6940686717532318,0.6109044559094362,7159
noise,4,8,3,False,0.20740833009239135,0.17527867386059723,9081
noise,4,9,4,False,0.3415396811349582,0.3080661673946183,6746
noise,4,8,8,True,0.6320872771559765,0.5284127256478389,5272
noise,4,5,2,False,0.5408448200385939,0.5016959156258861,7856
noise,4,9,7,False,0.49484520608444754,0.415072520573567,496
noise,4,6,6,True,0.6231801683123772,0.5534807557639945,508
noise,4,6,6,True,0.5098705416030653,0.4276949543173933,4492
noise,4,6,3,False,0.3819310314122081,0.3289772849705487,5940
noise,4,1,4,False,0.33695626472352097,0.29393618433179663,3817
noise,4,8,5,False,0.3433311475118783,0.3664584350035236,5250
noise,4,3,0,False,0.32460502567078037,0.290625350085459,1355
noise,4,6,7,False,0.5472708486883305,0.46374962544427684,4709
noise,4,8,8,True,0.616376003101982,0.5300284904012071,3914
noise,4,1,7,False,0.3940937143599268,0.3198862061701872,2852
noise,4,3,3,True,0.49419200368898786,0.4318074847065385,1572
noise,4,9,1,False,0.44235683833998557,0.4280250458771651,8926
noise,4,3,9,False,0.4784254807252436,0.42838244923605756,2436
noise,4,6,6,True,0.6559807452432519,0.5906516524513011,8643
noise,4,5,8,False,0.30881132499115804,0.25929075344638225,6636
noise,4,8,2,False,0.40515035201263794,0.3553109558259081,2690
noise,4,5,8,False,0.3619460694412447,0.3267322117301814,6611
noise,4,4,4,True,0.6157806041221183,0.5239073768952756,6188
noise,4,0,0,True,0.5313655853924891,0.47466088231823744,481
noise,4,4,2,False,0.5463265387051521,0.49168612620315466,7121
noise,4,5,4,False,0.29302598678609904,0.27492904978491495,4402
noise,4,6,4,False,0.6291574713048216,0.5467621850623314,4584
noise,4,7,7,True,0.5812730077522086,0.5309002826024284,4570
noise,4,7,4,False,0.4432115287384322,0.3865774506572978,5676
noise,4,4,4,True,0.6654897783736866,0.5736898958620881,3233
noise,4,0,0,True,0.5507124568326747,0.5119363684497826,8517
noise,4,2,6,False,0.4203938430680615,0.3501954406138407,1182
noise,4,4,6,False,0.14803895973270734,0.10677373735709164,1428
noise,4,9,5,False,0.21953996927787758,0.18425264756143409,3022
noise,4,7,1,False,0.3957627926415497,0.359143212278878,5777
noise,4,8,8,True,0.6761873437139183,0.6154310624461343,7152
noise,4,9,2,False,0.3083521790449169,0.2638889820245471,1181
noise,4,1,1,True,0.4875367101767031,0.46570295405600604,9777
noise,4,0,3,False,0.2716220711580675,0.24642270756988366,8544
noise,4,5,5,True,0.578726228676065,0.5046067034306915,8412
noise,4,2,4,False,0.2952970211983044,0.24900370520216758,9446
noise,4,8,6,False,0.4110169257879728,0.4033914902924895,7742
noise,4,4,7,False,0.1880541800178991,0.1718402754548345,3954
noise,4,0,0,True,0.6339372968328031,0.5272069417840484,2615
noise,4,2,1,False,0.18772347793373134,0.22371832962028088,9016
noise,4,3,0,False,0.3287124524758105,0.3022789864814859,3277
noise,4,0,0,True,0.6501204442563522,0.583578986629985,5033
noise,4,3,5,False,0.4340896495247111,0.41760740651281886,7707
noise,4,5,6,False,0.287240166723253,0.27144339336385387,5293
noise,4,8,2,False,0.41333219529159293,0.38583015313874314,9050
noise,4,6,7,False,0.3414836577755061,0.3063476105557413,6137
noise,4,0,9,False,0.4961084973078408,0.45136686846036916,1274
noise,4,4,3,False,0.3470037138526051,0.30927000048358183,8929
noise,4,7,7,True,0.5746543274802797,0.5030519766414163,2425
noise,4,3,9,False,0.4494681008710973,0.39944222087111164,6281
noise,4,5,8,False,0.31409008007609107,0.27404026514375374,1604
noise,4,9,7,False,0.3325800047850566,0.3077805607740165,977
noise,4,1,7,False,0.3935923472240501,0.35959039864474474,834
noise,4,4,8,False,0.21752920869252632,0.21627815938653916,1719
noise,4,6,4,False,0.3674653574878649,0.34013768416539464,9271
noise,4,7,9,False,0.4134496994885517,0.4064331055975895,4258
noise,4,8,8,True,0.6560498886723183,0.5936950001642018,6988
noise,4,2,8,False,0.3001068748966579,0.2659458058538673,4881
noise,4,4,1,False,0.45919319635212447,0.4143756469758241,812
noise,4,8,7,False,0.2602504050754056,0.26446680659729505,1171
noise,4,8,0,False,0.2974478367621666,0.248831197467531,3832
noise,4,8,1,False,0.34639985644728555,0.34972471384251613,4230
noise,4,6,4,False,0.38954683592718486,0.33062202186311074,9339
noise,4,2,7,False,0.32754566816440084,0.31141932580449616,4352
noise,4,3,3,True,0.6594971987539664,0.5757046277453612,7413
noise,4,6,3,False,0.3895286213601152,0.34508068015780907,994
noise,4,2,2,True,0.6814084841806297,0.5681389540805787,1923
noise,4,6,3,False,0.38601361591231714,0.3612615754238826,7155
noise,4,5,8,False,0.43329059309617,0.35752984042963104,3928
noise,4,4,7,False,0.3840774893141017,0.312610461259752,6882
noise,4,3,8,False,0.1790483166850918,0.19038512955045955,7135
noise,4,7,8,False,0.46895088640288707,0.44940036535831557,6532
noise,4,4,2,False,0.3719675208076098,0.3178274773618485,1560
noise,4,3,5,False,0.4284852807221746,0.39927467308695314,7925
noise,4,3,3,True,0.696254621096827,0.6227469550002566,5168
noise,4,4,4,True,0.5071244467436884,0.44422540582990555,1366
noise,4,6,5,False,0.13210903801256635,0.1540090199427659,4849
noise,4,9,7,False,0.265563221064223,0.23745629429905826,6106
noise,4,3,7,False,0.41172942368575505,0.37532069303927235,4057
noise,4,1,1,True,0.6539503748925097,0.5457824209917801,7420
noise,4,9,9,True,0.6462746898671625,0.5401128937840667,2952
noise,4,1,2,False,0.2547772590625836,0.2549415694989716,940
noise,4,9,7,False,0.28158758563563524,0.26537355202175816,4412
noise,4,1,1,True,0.6173232526384254,0.5368756272239031,7167
noise,4,3,3,True,0.5290925378525809,0.5028855611939833,6889
noise,4,9,9,True,0.6611037988982313,0.6148845425001381,2791
noise,4,1,6,False,0.5476037525824629,0.48924654969029613,8307
noise,4,1,3,False,0.5734722069869885,0.47333827357427594,1281
noise,4,6,0,False,0.39807014874844443,0.351127646676171,8493
noise,4,1,0,False,0.3258475182401505,0.27531875390421257,4423
noise,4,0,7,False,0.3956346266151536,0.3530797044391397,8975
noise,4,6,6,True,0.6480678856856329,0.5471317595012373,2883
noise,4,9,9,True,0.5661084023032742,0.47226762346925094,184
noise,4,7,4,False,0.24987967621738388,0.18214545991026526,5762
noise,4,9,4,False,0.33160635059693366,0.30021054427741306,1421
noise,4,5,7,False,0.2827692222467633,0.20937857657416697,1772
noise,4,6,5,False,0.484088647865036,0.42007053751025847,2841
noise,4,9,6,False,0.29835704862706847,0.2824914307982941,8410
noise,4,5,5,True,0.6078626776801368,0.5172413622840351,7054
noise,4,0,5,False,0.4583040520607843,0.3828618739916772,4319
noise,4,2,9,False,0.48798423103458394,0.4284296572282223,3168
noise,4,6,0,False,0.3808559281854721,0.32215542838814026,5628
noise,4,8,8,True,0.6621979891524011,0.5815814492393884,9938
noise,4,6,3,False,0.2583009372496524,0.21389919935196916,7694
noise,4,4,3,False,0.4623056646923904,0.40586993646487135,7623
noise,4,3,7,False,0.48635232422972674,0.42147106115846855,9247
noise,4,6,7,False,0.17296469275808793,0.16178955653414281,305
noise,4,8,8,True,0.6285774804664955,0.581993890276865,4774
noise,4,2,2,True,0.628533032775406,0.5532492953574383,9489
noise,4,5,2,False,0.41946308881352734,0.38163250793667874,3153
noise,4,4,4,True,0.6324766452919605,0.5401092868211935,7267
noise,4,2,0,False,0.35396241538894235,0.32033318145846795,2337
noise,4,4,2,False,0.3393482021723136,0.2979499030423079,1176
noise,4,0,9,False,0.2607436667976444,0.23722523759216488,8320
noise,4,5,5,True,0.6031160746610648,0.540627574879216,6192
noise,4,1,1,True,0.6035050119568477,0.5179745833583819,4810
noise,4,4,8,False,0.22905776786756085,0.2017381939672589,7435
noise,4,8,8,True,0.6455368823309264,0.5539780565956498,4915
noise,4,1,1,True,0.5963743423216097,0.5118037981052286,212
noise,4,2,1,False,0.30754094496979817,0.27987450783580076,1742
noise,4,7,7,True,0.529273015173624,0.45760242439112797,7343
noise,4,9,9,True,0.6217478766726915,0.5734448224433593,1527
noise,4,9,9,True,0.7341653857125895,0.6926238320795844,1568
noise,4,1,3,False,0.34807855205826366,0.2995079235457779,9477
noise,4,2,2,True,0.7574401301573421,0.6647041677978347,9884
noise,4,9,5,False,0.3616765430296069,0.3431852130962706,5919
noise,4,5,3,False,0.4995154931756322,0.4342731879588078,7247
noise,4,8,7,False,0.22286613080576922,0.18454838839878918,2838
noise,4,0,6,False,0.5256366971419144,0.4965546587999224,7851
noise,4,1,1,True,0.4515555143114869,0.41254533304086793,4795
noise,4,2,2,True,0.6804139886578521,0.5997256994186354,7593
noise,4,0,5,False,0.47830256847701136,0.4505676312080784,9582
noise,4,8,3,False,0.32775271479256873,0.3089944710501581,347
noise,4,8,6,False,0.3885678375326975,0.34432396118358094,5360
noise,4,3,1,False,0.30585854924582667,0.25544714954388226,2659
noise,4,0,3,False,0.4566475163885293,0.3932837540417636,791
noise,4,1,3,False,0.2892744394764332,0.2849797376617385,6296
noise,4,2,0,False,0.35486322109982593,0.33027545103105105,4778
noise,4,7,5,False,0.4279138818325196,0.3749934671700882,4653
noise,4,8,9,False,0.4648189641488182,0.44542738341640437,8179
noise,4,5,0,False,0.27788449582311175,0.24805739572182875,9437
noise,4,9,4,False,0.43531382351203657,0.40476710919985426,8347
noise,4,9,0,False,0.26180149188738205,0.24193204905000942,2583
noise,4,7,3,False,0.14496691743910706,0.176880940571696,3601
noise,4,0,9,False,0.28519363527692126,0.2724754997266096,4274
noise,4,8,0,False,0.4434659976076317,0.39286928759074824,4539
noise,4,9,7,False,0.3587783121022153,0.3163855357115462,3419
noise,4,5,5,True,0.6815674084833421,0.5940248471895972,7235
noise,4,5,6,False,0.3655478323491008,0.31120771207388886,9219
noise,4,7,7,True,0.6021272045013242,0.4994740610753532,4097
noise,4,5,7,False,0.4221898548864326,0.3800360844556513,7731
noise,4,3,3,True,0.6484373677602596,0.5555013923289331,9455
noise,4,6,2,False,0.34976470431654816,0.3015764943161582,6367
noise,4,7,6,False,0.3724277271541524,0.32978676335008245,6122
noise,4,1,1,True,0.6237018209236546,0.5461910165530518,4649
noise,4,6,4,False,0.22209175787653643,0.20392551442675408,9439
noise,4,1,0,False,0.323529158101761,0.32476569142266587,9802
noise,4,5,5,True,0.5813158677292679,0.5223660769281057,4613
noise,4,1,1,True,0.6720545312812358,0.6284026631556563,2514
noise,4,9,8,False,0.3043651518656755,0.26493057168853384,6680
noise,4,6,4,False,0.30026654070328757,0.28590097246035934,1526
noise,4,4,8,False,0.320482367852073,0.279741761861665,3008
noise,4,5,5,True,0.4716080557764737,0.4046442102515048,9041
noise,4,6,6,True,0.6045872261104602,0.5718099947220187,241
noise,4,1,3,False,0.13796031135558798,0.11690329926434345,5156
noise,4,5,5,True,0.6514555393918795,0.5241025284186458,7865
noise,4,7,5,False,0.348884833880652,0.29739312261525713,4292
noise,4,2,2,True,0.58503641481537,0.47211447935811707,7637
noise,4,4,6,False,0.47855433372609885,0.40274469364574733,2608
noise,4,3,8,False,0.2844873924183425,0.2396409671385907,2684
noise,4,1,8,False,0.4544304677897247,0.40197153291829696,5153
noise,4,9,9,True,0.76250611182268,0.6221382625036703,68
noise,4,5,6,False,0.3727599232767255,0.3557649793068393,5424
noise,4,3,2,False,0.3357483230664017,0.2628706893382831,7581
noise,4,3,6,False,0.36462794680073884,0.3223787383275504,2069
noise,4,6,6,True,0.591986683070643,0.5117055843902936,7735
noise,4,1,1,True,0.6073687557534139,0.5477704495884277,1192
noise,4,5,7,False,0.5186287265514781,0.46286528306677055,4310
noise,4,2,6,False,0.2628143129183621,0.26212962440582305,902
noise,4,8,3,False,0.3789645521663223,0.32989080350181343,3927
noise,4,7,2,False,0.4455873121079013,0.3844542806983548,9603
noise,4,7,9,False,0.330325927183455,0.3040328578070004,424
noise,4,1,3,False,0.4960392921556657,0.45721743592287195,4534
noise,4,0,5,False,0.31703116585812846,0.30097787290105027,7144
noise,4,4,4,True,0.4307340168771142,0.387560198614899,2580
noise,4,3,3,True,0.6178119270343562,0.5447933880245588,8522
noise,4,7,0,False,0.3726590357069789,0.33103439787492267,7904
noise,4,7,3,False,0.360302294549897,0.32945555365705115,9766
noise,4,3,2,False,0.42359012448448663,0.4157502947013978,2775
noise,4,1,1,True,0.5795234017594088,0.5027434238643599,2810
noise,4,3,3,True,0.7120195621665977,0.6129268246132996,7181
noise,4,5,6,False,0.4062492117899981,0.3514907127024349,9333
noise,4,2,3,False,0.49971904900745634,0.44754864681878614,8099
noise,4,3,9,False,0.42290102476309843,0.3320309656666946,2105
noise,4,2,2,True,0.5597545032782727,0.48809009372384504,3211
noise,4,0,1,False,0.4155307471221953,0.38581407207886553,9321
noise,4,6,2,False,0.41192928558543684,0.3546152768703769,3131
noise,4,9,4,False,0.42792928806699193,0.3824739874532201,4368
noise,4,9,9,True,0.6398999873655141,0.6011016985268163,8682
noise,4,9,4,False,0.4837570066117186,0.4328254531195357,5938
noise,4,6,6,True,0.6649640664345792,0.5354349240436505,1898
noise,4,7,3,False,0.4400581887610071,0.3608517731157099,6239
noise,4,0,0,True,0.463431764969611,0.40389693519571973,3099
noise,4,2,1,False,0.34059649841110723,0.28843050548519467,3962
noise,4,7,7,True,0.5153456967824174,0.4551115063810676,7908
noise,4,9,1,False,0.20598390897397212,0.184194802182241,784
noise,4,9,1,False,0.3235532779886901,0.3133417169470126,3019
noise,4,6,6,True,0.6482502772553984,0.5441861067235577,211
noise,4,1,1,True,0.6135810736747037,0.5323939249799615,2954
noise,4,9,6,False,0.4314341252761957,0.38606417623027006,845
noise,4,3,4,False,0.30190436765438433,0.278441401376266,6502
noise,4,0,4,False,0.3683462602751236,0.33103042640541513,7583
noise,4,7,2,False,0.25300480417209326,0.18182861507911685,9118
noise,4,1,1,True,0.5378063014980853,0.4738011978335338,8079
noise,4,3,7,False,0.4108135391469566,0.36117642081740803,6422
noise,4,6,6,True,0.7660787952240843,0.6834491709987287,9239
noise,4,9,4,False,0.28481137034020115,0.271549070960559,62
noise,4,9,1,False,0.23328297325926442,0.21810741749024107,797
noise,4,1,4,False,0.41092147968178516,0.37054654029763257,1855
noise,4,1,1,True,0.627217618283231,0.5751826375253396,2297
noise,4,8,8,True,0.7472076541232141,0.6731324281466458,4870
noise,4,3,4,False,0.34717184618586805,0.31560270930321105,7573
noise,4,0,0,True,0.6951970599311476,0.6488258666939956,1512
noise,4,5,4,False,0.39428514920114055,0.33757845032982964,6516
noise,4,6,4,False,0.3104422506186457,0.2551670508639843,9336
noise,4,9,9,True,0.5553410664565606,0.4868231463503106,7418
noise,4,4,7,False,0.3541004804963131,0.30850921117934643,6420
noise,4,7,8,False,0.34102651020002683,0.2555657074806609,8724
noise,4,5,8,False,0.5660682225049318,0.4831103729293644,9324
noise,4,9,8,False,0.32161053276289187,0.29524065592455356,627
noise,4,4,4,True,0.5853774545095786,0.5114102814180347,2097
noise,4,6,6,True,0.5468288198170101,0.46427526861057417,4521
noise,4,9,7,False,0.5000524290614192,0.44089107509332776,2253
noise,4,8,4,False,0.2788815408253865,0.2545107592864413,9340
noise,4,4,3,False,0.4939647829141671,0.4491715531542689,7006
noise,4,5,7,False,0.3452604425679159,0.2956413632721566,850
noise,4,5,0,False,0.6101345229646402,0.5510914803302733,3433
noise,4,1,9,False,0.39626022192261495,0.33000832914903583,7209
noise,4,2,2,True,0.59647471869498,0.5119359725067395,5145
noise,4,7,8,False,0.34028413273571145,0.3382213768573689,6801
noise,4,0,4,False,0.49362693573282534,0.4141053400209579,5872
noise,4,6,0,False,0.3681541154411227,0.31475565187233817,5159
noise,4,4,6,False,0.3540374592402895,0.2908696191423597,4651
noise,4,4,4,True,0.5943911351322373,0.5036871371961635,9276
noise,4,8,1,False,0.3255002309332446,0.2944424594538333,7779
noise,4,2,1,False,0.3389266824217063,0.31721852591530936,4726
noise,4,7,2,False,0.26553254900684503,0.24032990398544482,5267
noise,4,7,8,False,0.532882078096639,0.4614559693977298,600
noise,4,9,6,False,0.2377388720752468,0.19222256354156034,2703
noise,4,8,4,False,0.37694666597634885,0.32086205697625764,4228
noise,4,5,9,False,0.4079884548081933,0.3308694706125453,5030
noise,4,3,7,False,0.3586348880081538,0.3345708473046215,3063
noise,4,7,2,False,0.23461372045101764,0.23054312635630925,5596
noise,4,9,8,False,0.26012359722888667,0.23529610565792275,9929
noise,4,2,9,False,0.41225169183566185,0.37424295773800464,9641
noise,4,3,7,False,0.28201206914038457,0.2722349102362715,4484
noise,4,4,4,True,0.5316782584240568,0.4689506974140991,3001
noise,4,1,4,False,0.39869783227890987,0.3817653711169219,8738
noise,4,3,3,True,0.6299620720504687,0.5299919073180644,907
noise,4,1,2,False,0.42312192735702514,0.36768023369246905,6919
noise,4,7,7,True,0.6784242866656629,0.5823058003048613,3779
noise,4,4,4,True,0.6886594305598451,0.6133052778564585,3053
noise,4,6,8,False,0.36522381830170747,0.2967574189699298,6140
noise,4,0,0,True,0.7385121609529224,0.6716948289522751,1753
noise,4,5,5,True,0.6777349838861194,0.6023102239131025,4386
noise,4,7,9,False,0.33400759512453365,0.33391234530821307,7328
noise,4,6,6,True,0.6310631699566087,0.5505922701954231,8030
noise,4,7,7,True,0.5990614066830001,0.5131958097008751,8001
noise,4,1,1,True,0.6141791347893101,0.5501943863661328,3398
noise,4,5,5,True,0.6065119411930605,0.551146451572387,3639
noise,4,4,4,True,0.6405226904989192,0.5451558701146505,7464
noise,4,8,6,False,0.37012025649219077,0.28965028786668906,9561
noise,4,6,2,False,0.3153909546488113,0.2465570036136041,2979
noise,4,9,0,False,0.3999815886395689,0.3602120488605732,1933
noise,4,0,9,False,0.41740363495126376,0.4005968774660226,4180
noise,4,4,4,True,0.7115730518611845,0.5938203207608466,7800
noise,4,7,9,False,0.47506442013607253,0.4133574302511332,428
noise,4,0,6,False,0.19636296556366617,0.17493952968447743,4210
noise,4,6,6,True,0.5972924600963709,0.5611092324264123,1448
noise,4,2,2,True,0.47155263012973925,0.4609936506720266,6325
noise,4,0,1,False,0.4175070922424639,0.3783700821717463,9179
noise,4,6,6,True,0.5345797109182426,0.4873527616189359,7821
noise,4,4,4,True,0.6167106288925053,0.5566080144449601,4168
noise,4,4,0,False,0.23555881240906779,0.18961855915499412,205
noise,4,3,8,False,0.29977342765084913,0.2837778738119391,6601
noise,4,6,6,True,0.5936048128248694,0.49917196147513715,2241
noise,4,6,5,False,0.3286994187143608,0.29096378932767436,6500
noise,4,6,6,True,0.5164947982954858,0.47681531945282557,8152
noise,4,7,7,True,0.6071653908218252,0.5327092487146885,3443
noise,4,6,2,False,0.4072213862833385,0.38318810716204516,8976
noise,4,0,5,False,0.21511702272855496,0.22383473815904303,9573
noise,4,1,6,False,0.3625972939167428,0.2880690259226475,1319
noise,4,9,5,False,0.20347451202574507,0.14439938396427074,3245
noise,4,2,6,False,0.49422557260266325,0.4583335858088861,9487
noise,4,4,1,False,0.5214108373156627,0.4822473591176374,1614
noise,4,3,8,False,0.35442627061114546,0.32139422234553483,346
noise,4,9,8,False,0.27473548326453323,0.25636948111359587,8755
noise,4,8,0,False,0.29357306724044235,0.28239806111603116,4095
noise,4,4,4,True,0.5285822858438236,0.4817831211942872,8978
noise,4,6,3,False,0.34931727640754,0.3058360052945679,5870
noise,4,5,5,True,0.6759992866678125,0.6087163983744315,6907
noise,4,6,4,False,0.4555601810309064,0.395296690914526,2406
noise,4,9,6,False,0.4571004503734096,0.40840640483403,4426
noise,4,6,5,False,0.3770578270672848,0.3394996021174851,2692
noise,4,1,1,True,0.5413894348192632,0.45799223762389907,1109
noise,4,5,9,False,0.28299432903683713,0.24068543395713174,8543
noise,4,8,3,False,0.36607212631524305,0.37084348490358654,9381
noise,4,0,2,False,0.23988999031559077,0.20106877671276724,9327
noise,4,3,7,False,0.3903982950552107,0.35423773613003984,7220
noise,4,2,2,True,0.41763785680506343,0.3815881618136361,2316
noise,4,7,9,False,0.4145345391958325,0.36627003249081963,5237
noise,4,1,9,False,0.41051894729183325,0.3773709039053214,5847
noise,4,6,6,True,0.6280675287358718,0.5554370647469447,6394
noise,4,0,8,False,0.4933355796671096,0.41693021175469563,7692
noise,4,9,1,False,0.20326146699679856,0.19850859283005043,4232
noise,4,3,1,False,0.3447250786154177,0.297122188368218,9565
noise,4,4,7,False,0.4218543543786074,0.4083895848885128,9186
noise,4,7,7,True,0.6536277761303204,0.5791661152551141,1333
noise,4,3,0,False,0.23221636729540385,0.19838084167938824,5736
noise,4,1,0,False,0.2501674377096304,0.23448811313215873,7414
noise,4,9,9,True,0.695804939439572,0.5879371097454438,2285
noise,4,1,9,False,0.4110845013769491,0.36957740777027853,9494
noise,4,4,6,False,0.2492796155387172,0.2223737174145794,7148
noise,4,1,3,False,0.39925926389649763,0.33783295094415383,7231
noise,4,6,8,False,0.20847265203059356,0.17541292633526498,1754
noise,4,2,0,False,0.422438925730379,0.42277177203408384,8085
noise,4,9,4,False,0.27161581782329697,0.24770129078383618,7968
noise,4,2,4,False,0.3680513457918205,0.3192088606304635,4614
noise,4,6,6,True,0.6292845183077167,0.5377934685667222,4655
noise,4,0,6,False,0.4760657327911268,0.42907919493050944,9564
noise,4,1,6,False,0.38421300287003374,0.3288111317484635,7799
noise,4,2,8,False,0.3000898145359484,0.2481839830176812,1564
noise,4,8,4,False,0.3959592705544174,0.35091709203317006,5921
noise,4,9,1,False,0.5742413239220978,0.5023057435507565,94
noise,4,6,0,False,0.43401229212868353,0.3755697487448524,8552
noise,4,3,3,True,0.658265710443943,0.5567000082885585,8122
noise,4,3,3,True,0.5546424579281357,0.4786266572228455,1262
noise,4,2,9,False,0.2983508499392284,0.25920547516203757,6771
noise,4,3,3,True,0.39583390554549425,0.3392915361990121,1495
noise,4,4,3,False,0.27141974276783265,0.2512367827174317,6333
noise,4,6,6,True,0.6742168150159986,0.6326088524230835,2320
noise,4,2,2,True,0.5909995936734461,0.5439849580291766,4166
noise,4,0,3,False,0.37503923930236543,0.3726217427927809,938
noise,4,5,1,False,0.25208682087025686,0.21791997155903753,1657
noise,4,2,2,True,0.7072292776255215,0.649638650731117,738
noise,4,4,3,False,0.536244829794591,0.47535362165278566,1610
noise,4,7,7,True,0.758633294112689,0.6795655698301808,8963
noise,4,8,8,True,0.5643413196092222,0.503844200828802,6409
noise,4,5,1,False,0.33330203188656937,0.29144138277938103,1067
noise,4,9,2,False,0.43244544776654503,0.39696858297368415,8896
noise,4,2,8,False,0.3176460194819248,0.2946977276320056,5846
noise,4,7,8,False,0.22445849700450451,0.17042599246557094,7317
noise,4,9,4,False,0.6191922610840677,0.538830937299195,1470
noise,4,2,8,False,0.2193461933376696,0.21889234806858476,8582
noise,4,7,7,True,0.732206334068405,0.642923816222022,7237
noise,4,4,4,True,0.6194402697818796,0.5509136487345536,4039
noise,4,8,8,True,0.6769324475636478,0.5753641038862016,8249
noise,4,3,4,False,0.35103157338081525,0.3185010495017866,7200
noise,4,9,1,False,0.3520750156771893,0.3123369111017921,858
noise,4,7,7,True,0.524470364960744,0.4567307455245702,869
noise,4,7,7,True,0.6305677120564023,0.5373974266872744,7117
noise,4,0,0,True,0.48852879575694774,0.44854672348666885,8961
noise,4,0,9,False,0.3531638854175104,0.3220986742617975,48
noise,4,6,2,False,0.22788900570606246,0.21359661034894,7388
noise,4,4,9,False,0.5613682469697379,0.5331787031741088,8418
noise,4,3,6,False,0.41356991493023665,0.37601041108105043,8442
noise,4,8,8,True,0.4581290893730322,0.4284196597199452,5703
noise,4,4,6,False,0.297553270566039,0.2733789365323551,5508
noise,4,4,8,False,0.25963858071501555,0.2286295198475294,287
noise,4,3,3,True,0.5328843170503866,0.4467689230599414,7645
noise,4,9,4,False,0.3440137614915462,0.31223949982776994,3018
noise,4,3,5,False,0.42210645845728945,0.3205206989295659,1044
noise,4,2,2,True,0.4533045173060507,0.4057581812279669,7270
noise,4,6,4,False,0.5146854843976632,0.45879062959791095,5853
noise,4,0,4,False,0.4501377435409437,0.3932657304128606,5874
noise,4,5,6,False,0.35189373072353575,0.31226234389649776,6897
noise,4,5,7,False,0.4067625418422907,0.33572477020476527,5763
noise,4,2,2,True,0.5141500186641451,0.4797395882659378,8392
noise,4,7,5,False,0.22630194495855296,0.20061163409257954,5261
noise,4,0,0,True,0.6105408849110685,0.5145178972463409,7161
noise,4,9,9,True,0.5985588381554207,0.5346682337367774,4963
noise,4,8,8,True,0.5793914217082405,0.509697830607811,5154
noise,4,1,5,False,0.2503408343335438,0.22062301349296043,4043
noise,4,4,8,False,0.45870977413840475,0.3956226407070952,1491
noise,4,1,3,False,0.38111591972270054,0.33883575790946924,2186
noise,4,6,4,False,0.4082600902932093,0.3889373961599352,7911
noise,4,3,1,False,0.362666455455628,0.33265741534701465,4092
noise,4,4,7,False,0.2597256310823948,0.2350786208098858,2252
noise,4,9,6,False,0.41086177899281173,0.38128118965831476,6734
noise,4,6,6,True,0.6913572043510291,0.6032042615209395,7635
noise,4,8,8,True,0.5345179967272806,0.47737134273489557,7932
noise,4,6,1,False,0.5977002705705576,0.5260677846247074,1621
noise,4,4,6,False,0.44690691377647085,0.40666648507027714,5580
noise,4,0,0,True,0.5593190142326582,0.4815382786136207,7132
noise,4,0,8,False,0.6320523127437558,0.5294576085609409,7917
noise,4,5,5,True,0.5644377929812228,0.5129090870423353,5134
noise,4,5,6,False,0.3719707536449313,0.36127370695445093,9593
noise,4,5,5,True,0.6096854848312019,0.5113950404313277,1152
noise,4,8,8,True,0.6503605702805532,0.5713923182214016,6474
noise,4,0,0,True,0.5703134402044121,0.4907890203876647,4666
noise,4,6,4,False,0.4390423338806575,0.40585355763857417,4266
noise,4,7,8,False,0.23330790026895995,0.21824462992518365,6938
noise,4,6,6,True,0.44131541595792845,0.45666754929283815,8446
noise,4,2,2,True,0.6353299034341038,0.549001748212778,1380
noise,4,4,7,False,0.37280587147643657,0.36263083749447367,6040
noise,4,0,0,True,0.5652608790064618,0.5281643600625152,6669
noise,4,1,4,False,0.4986074428882966,0.4494882756360534,9655
noise,4,8,1,False,0.4809442359936429,0.42454426698216036,2452
noise,4,6,1,False,0.35711085943453774,0.3204409844691577,2556
noise,4,8,8,True,0.7495820753725719,0.6523488611087993,1302
noise,4,6,3,False,0.45238891053320396,0.4221965682014862,4359
noise,4,2,6,False,0.26254250285847386,0.22070840148814858,3985
noise,4,8,3,False,0.20451387088818385,0.18561711079339838,7592
noise,4,6,5,False,0.40983498684877273,0.35771601966698663,7740
noise,4,1,6,False,0.4818489921803226,0.390047754930795,8985
noise,4,0,0,True,0.7815362141774937,0.6964840802461179,8502
noise,4,7,5,False,0.40045176882347605,0.37664239112782144,9214
noise,4,7,1,False,0.31843261882623,0.27298335733106416,8987
noise,4,0,1,False,0.4321993348685818,0.40297208377138943,2631
noise,4,4,7,False,0.46950296864122154,0.38240436892429264,2616
noise,4,9,1,False,0.3337134785517977,0.2991355468330768,3141
noise,4,7,7,True,0.5720008130623497,0.4986755216892228,5450
noise,4,8,8,True,0.5737761732760185,0.5044647214526076,6565
noise,4,3,2,False,0.4525688432460248,0.40133442016416304,1725
noise,4,1,2,False,0.24634335082921732,0.22285101494040652,4187
noise,4,3,3,True,0.6143853190727343,0.5294720629035036,2831
noise,4,6,4,False,0.4377407068442516,0.38490548144845854,1683
noise,4,8,0,False,0.30986981214494563,0.30565376510523207,4966
noise,4,6,8,False,0.3433789149820044,0.2952976987365257,955
noise,4,0,0,True,0.6174395807742957,0.5849304439218808,8981
noise,4,5,5,True,0.7399564417850066,0.6312596864629908,7376
noise,4,1,6,False,0.2690288394965903,0.24847569791044002,7716
noise,4,6,7,False,0.3365608778790929,0.3125008762606269,4405
noise,4,4,4,True,0.5926293526277991,0.5128998316265605,7262
noise,4,5,6,False,0.5210731094603602,0.48555940729032687,4620
noise,4,5,2,False,0.3501216979559266,0.32350767893009774,7741
noise,4,6,7,False,0.28878783719552,0.25637161443451306,8762
noise,4,0,6,False,0.4664114615919585,0.438875037814061,3478
noise,4,9,9,True,0.49416052752315787,0.41472661278431966,7730
noise,4,5,7,False,0.384761085414809,0.3307372522118846,5121
noise,4,5,6,False,0.35560864071607945,0.32851875324722235,7553
noise,4,3,3,True,0.5774718502947229,0.5218804012588051,4540
noise,4,1,8,False,0.4995018539638376,0.446029013572371,1907
noise,4,6,0,False,0.26574714420527257,0.23834122613134603,9739
noise,4,3,4,False,0.3767678035474975,0.3302237516565153,9359
noise,4,9,6,False,0.3029395657758459,0.29512664942897676,8199
noise,4,6,5,False,0.33066726150932596,0.3008750652736519,5439
noise,4,4,4,True,0.5566293291152621,0.47069015429995875,1032
noise,4,0,6,False,0.32651058779080677,0.2739359523582839,2901
noise,4,5,5,True,0.5677127633735716,0.5278250751194145,7956
noise,4,8,8,True,0.5812820268957812,0.4947144906216388,4693
noise,4,4,8,False,0.5115161723795926,0.45524336786434993,970
noise,4,6,4,False,0.38886801448094543,0.37255594100354494,4157
noise,4,1,5,False,0.37177654070401384,0.34185220541400163,2207
noise,4,4,0,False,0.24927098405181525,0.21172748829064128,5515
noise,4,7,2,False,0.5185798454110719,0.43547898669573687,867
blur,1,8,8,True,0.9441269022431652,0.8085547565227568,5256
blur,1,4,0,False,0.5045108670924411,0.4851491536726442,5236
blur,1,2,2,True,0.7244644755205614,0.6166168242608788,1180
blur,1,8,4,False,0.6343005465290492,0.5747538222339643,4903
blur,1,9,9,True,0.7523997792075637,0.6836302635464383,9677
blur,1,9,1,False,0.5230543256427186,0.4323645809221103,9901
blur,1,9,9,True,0.9043639706148221,0.7952620208466168,1130
blur,1,8,8,True,0.8423702286130736,0.6765137734960048,3455
blur,1,7,7,True,0.7525054119954153,0.6711138473087742,1859
blur,1,9,5,False,0.5058589573173917,0.4229479973056816,2854
blur,1,3,2,False,0.5280341509988308,0.4751784206289358,2349
blur,1,9,3,False,0.499418591842514,0.4546055764255498,9953
blur,1,0,0,True,0.7916602191888411,0.7103139559016407,1756
blur,1,8,8,True,0.8188487200045926,0.7288257190052573,5947
blur,1,3,3,True,0.818926595230369,0.7122055057948459,7664
blur,1,2,2,True,0.7826218756795894,0.672619064104522,9459
blur,1,6,6,True,0.7415809914882869,0.643856056164992,239
blur,1,1,3,False,0.4983039851294058,0.4162383570676522,3805
blur,1,9,4,False,0.4773564619972954,0.4165192337081154,870
blur,1,7,7,True,0.6235216227378199,0.5391794663613518,1188
blur,1,0,0,True,0.7239331584250502,0.614578814784571,405
blur,1,8,8,True,0.7515462711786776,0.6189904661400387,2227
blur,1,1,1,True,0.7739094914602282,0.6472843453891091,3284
blur,1,8,8,True,0.8863155935783863,0.7053660235316498,9329
blur,1,8,8,True,0.999,0.857992416162143,3838
blur,1,6,6,True,0.5932943217740387,0.5265101464739269,3147
blur,1,6,6,True,0.8143525087706266,0.6535483076955048,1399
blur,1,8,4,False,0.5665083450621669,0.5012663888996008,8258
blur,1,8,8,True,0.7755608169061877,0.6717772111480923,5936
blur,1,7,1,False,0.49484235047060127,0.4120808826656617,4436
blur,1,1,7,False,0.4813077780748891,0.4154875072120281,2771
blur,1,6,6,True,0.7610852819488969,0.6829385729609091,4121
blur,1,2,2,True,0.7923394131087688,0.6690047199278503,9464
blur,1,0,7,False,0.652681866274778,0.5713566078485957,5934
blur,1,1,1,True,0.8269177011611676,0.7248119640876982,4699
blur,1,4,4,True,0.8050905846095748,0.6828828507896433,1323
blur,1,9,5,False,0.5213021819331095,0.47827227475496814,6308
blur,1,0,8,False,0.3206490197682048,0.29562848569868627,1660
blur,1,0,2,False,0.550918431102117,0.4782424476696903,9318
blur,1,0,3,False,0.599764792013114,0.5720648826494968,615
blur,1,1,1,True,0.7493758037711156,0.6722210019491512,3831
blur,1,5,0,False,0.36135426126755077,0.28842790436366145,2837
blur,1,8,1,False,0.43119400780193745,0.37373175854232205,1217
blur,1,0,0,True,0.6370440169268106,0.6058202665433366,5836
blur,1,8,8,True,0.7326671391723003,0.6181234387696362,8936
blur,1,9,9,True,0.7311885317667643,0.6378369278583813,2764
blur,1,0,9,False,0.6023002545070465,0.5515750838635154,8019
blur,1,4,1,False,0.411871227604694,0.37813697521809253,1666
blur,1,8,2,False,0.5532585370048471,0.5011991433685358,520
blur,1,6,6,True,0.9017886891118726,0.7962722131154258,1267
blur,1,1,1,True,0.8004390959787244,0.695881086115041,707
blur,1,1,1,True,0.6954983635462467,0.5903273211595702,6277
blur,1,4,1,False,0.47599359710329664,0.4282898413875931,3535
blur,1,8,8,True,0.7598359080632406,0.6528049893119097,6744
blur,1,9,8,False,0.5789149693530248,0.49745069993287283,8167
blur,1,4,4,True,0.8143565667168686,0.7368525194520701,8391
blur,1,5,5,True,0.8982479095813423,0.7708908033126041,894
blur,1,5,5,True,0.7439276629813968,0.6814611215823199,4063
blur,1,4,5,False,0.46478592992918094,0.4152033672627799,8194
blur,1,6,6,True,0.7556831449863035,0.6541477186088777,4944
blur,1,2,8,False,0.34913595310324186,0.2754143256595764,5166
blur,1,5,5,True,0.805166085433798,0.7417882871774968,5466
blur,1,6,6,True,0.7369355602310763,0.6412758350913261,2920
blur,1,5,5,True,0.7253279638008018,0.5861131733405995,4179
blur,1,9,9,True,0.6604566894456462,0.5961426986716264,1025
blur,1,7,7,True,0.7951670582190916,0.6898881632454859,4669
blur,1,7,7,True,0.8753607515962162,0.7404301298147883,4294
blur,1,8,8,True,0.8465847030833871,0.7532206659176627,3219
blur,1,5,5,True,0.9093594664598887,0.7369808985502023,4000
blur,1,3,3,True,0.736038763621634,0.6263510451918647,7839
blur,1,5,5,True,0.8580647509898683,0.7383669904880051,1993
blur,1,9,9,True,0.7017893905190289,0.6285647408833903,2872
blur,1,8,8,True,0.8467406916582315,0.779534618804127,8923
blur,1,3,3,True,0.9215349823192349,0.7934093587097033,9051
blur,1,4,4,True,0.8298705202489691,0.7295888261076582,9815
blur,1,2,2,True,0.9229449293554992,0.8544709558480373,1779
blur,1,0,0,True,0.7421014401539211,0.6458809602887119,3752
blur,1,3,3,True,0.7792615147589296,0.6867362686655559,1303
blur,1,1,1,True,0.7167453043860991,0.5994864787780735,4078
blur,1,3,7,False,0.5648411923316888,0.5342983567147748,4067
blur,1,0,7,False,0.42416466878953074,0.3612804415733882,7337
blur,1,3,3,True,0.7920828050105915,0.6936418101626038,1516
blur,1,7,7,True,0.7520688842155266,0.6590632673255936,1273
blur,1,8,8,True,0.7507427391434907,0.6548380947122697,1798
blur,1,8,8,True,0.8176136473586697,0.7012853266968009,7477
blur,1,5,8,False,0.5981027801626444,0.52821388803838,8121
blur,1,5,5,True,0.6978557595864904,0.6433243451527227,5621
blur,1,9,9,True,0.6382171163221514,0.6031032283920884,4922
blur,1,5,8,False,0.5633624860919304,0.4903552556996553,9701
blur,1,0,7,False,0.614408848030621,0.5282582550458026,4715
blur,1,9,9,True,0.7231544009176478,0.6135059522314527,779
blur,1,6,5,False,0.41625681762357697,0.4225410071074867,6152
blur,1,6,8,False,0.5343657096225582,0.4717875511451109,1696
blur,1,0,6,False,0.596902967103141,0.5446683734290803,5219
blur,1,4,4,True,0.9652960886529199,0.8494348881805652,1435
blur,1,4,2,False,0.451532251945843,0.4429704481276207,9715
blur,1,8,8,True,0.886736996635232,0.7637724415782985,6732
blur,1,3,3,True,0.7769945592245752,0.6533040091603636,9830
blur,1,3,3,True,0.7373978886927525,0.6789772404225807,8937
blur,1,6,6,True,0.8370060808313017,0.7445212975994357,3367
blur,1,0,0,True,0.7537697958985327,0.6648299885601778,9262
blur,1,7,7,True,0.725442825084845,0.662330253850397,3577
blur,1,0,0,True,0.9331847921798885,0.8184736830638705,7156
blur,1,2,4,False,0.42483451766880154,0.4075073538312755,172
blur,1,4,4,True,0.7704100939606082,0.6747804177766972,843
blur,1,1,1,True,0.8052057296395299,0.717463846687638,5559
blur,1,0,6,False,0.6414933397539199,0.5707971652997216,6429
blur,1,4,4,True,0.7581255281723612,0.6529010242459025,1674
blur,1,7,6,False,0.5325138836143364,0.4635289922054361,7624
blur,1,2,2,True,0.8507295249078597,0.730262851865477,746
blur,1,2,2,True,0.6006165751396424,0.5308338307750227,5059
blur,1,6,6,True,0.6737053816825949,0.5785335263022354,9485
blur,1,9,9,True,0.8089547200633417,0.7113295033359174,2287
blur,1,5,5,True,0.6984906994114457,0.6167551258331819,6723
blur,1,5,5,True,0.8338266595713367,0.7278557433070967,1299
blur,1,8,8,True,0.7537016173388156,0.6600967481327377,9978
blur,1,0,0,True,0.6943178876897047,0.5938470360873429,7013
blur,1,9,9,True,0.7128328500844388,0.6152683952148985,823
blur,1,4,4,True,0.8581530884063753,0.7110179486251627,2457
blur,1,3,1,False,0.6668292854634799,0.5794075057179164,7245
blur,1,6,8,False,0.6113132306597143,0.5149000214583342,3622
blur,1,9,9,True,0.8759629498246301,0.7615655559665981,6634
blur,1,9,8,False,0.5745792900787823,0.48910261411869566,6854
blur,1,7,1,False,0.5196380519921968,0.41567888822439003,6359
blur,1,4,4,True,0.834469136727925,0.7693476258121057,4818
blur,1,1,1,True,0.7510912546259007,0.6487989789651019,4392
blur,1,1,1,True,0.6687905855410343,0.6124131549435531,3713
blur,1,8,3,False,0.637626359458133,0.5464426115680393,8939
blur,1,1,1,True,0.7192469363262305,0.6603222243634609,9090
blur,1,4,4,True,0.6722279290615935,0.5633597824339894,1357
blur,1,4,7,False,0.4547627561985527,0.4050689742858809,5212
blur,1,7,7,True,0.7845722050973067,0.6600405859397599,3611
blur,1,3,3,True,0.9088950695394702,0.8395756728811068,6219
blur,1,7,7,True,0.7595583779934105,0.6556393917996294,4184
blur,1,5,2,False,0.5607347916792076,0.5081936239864419,3024
blur,1,8,8,True,0.8168182585756929,0.7183070683157158,5298
blur,1,1,1,True,0.8059614336977104,0.6995569061073476,7214
blur,1,7,7,True,0.8084030171923198,0.7124969619051322,6056
blur,1,7,7,True,0.8117561197707526,0.7321761605784448,9267
blur,1,8,0,False,0.49748660839177616,0.45122773575498865,3323
blur,1,4,4,True,0.7566813627502543,0.6614282558032947,3731
blur,1,3,3,True,0.856614207741512,0.7535085353398522,2312
blur,1,5,2,False,0.623603417392729,0.5833636784944752,7831
blur,1,9,9,True,0.8543480238081965,0.7328596127753866,3114
blur,1,1,1,True,0.9010209670622842,0.7437900839099778,9838
blur,1,6,7,False,0.621830725085663,0.5216260969099081,3128
blur,1,2,0,False,0.638750906989993,0.5374958007860493,7928
blur,1,7,7,True,0.7329909675859532,0.6204167297205938,6421
blur,1,4,4,True,0.733568945707857,0.6215954642213584,1056
blur,1,8,8,True,0.8331992665195049,0.7227473850385986,4330
blur,1,1,1,True,0.8253249923515792,0.7214746020767183,9154
blur,1,1,1,True,0.795745218040801,0.6961168698438581,5174
blur,1,9,9,True,0.8554600870381749,0.7275355157119449,539
blur,1,3,3,True,0.8102104034002636,0.7235568442461202,4013
blur,1,0,0,True,0.9552593598000119,0.8376595722655807,3522
blur,1,8,1,False,0.43583835917272834,0.4170887780459686,9043
blur,1,4,9,False,0.4716583567551594,0.4328448240508198,5799
blur,1,9,2,False,0.5399275024207667,0.46694774188587623,3652
blur,1,4,4,True,0.8277059505383617,0.7446598240302573,7373
blur,1,7,7,True,0.8288761349324342,0.7250164364188262,8077
blur,1,5,5,True,0.8065180825534215,0.7164999425480193,7189
blur,1,4,4,True,0.7220397142343312,0.6431423517931283,9747
blur,1,4,5,False,0.4788812190375704,0.41956263951634004,6747
blur,1,2,2,True,0.9449592525350621,0.8202807722634148,1372
blur,1,7,7,True,0.7923380257516229,0.6858598292477955,2913
blur,1,5,5,True,0.9348483954515301,0.79256221036897,7158
blur,1,0,0,True,0.8593004797153612,0.7025115121989437,5142
blur,1,3,4,False,0.5783244969785023,0.49269971137638663,1431
blur,1,4,4,True,0.8278115272454836,0.7226231112879888,9483
blur,1,8,8,True,0.8009282460618302,0.7175007067370301,5671
blur,1,4,4,True,0.8573920986383706,0.7597030836115811,5592
blur,1,5,4,False,0.6601822198409507,0.5705626249650433,8838
blur,1,0,0,True,0.822569391028771,0.7005804496980494,4819
blur,1,3,3,True,0.8964573157295924,0.7733912345442959,215
blur,1,2,4,False,0.3709470157269531,0.31080483409634113,3237
blur,1,4,5,False,0.5586646594846705,0.4475595680149718,429
blur,1,8,8,True,0.8060332475278583,0.6692253678991846,1022
blur,1,9,4,False,0.5451196941854721,0.505846567220881,1996
blur,1,2,2,True,0.8479557287831898,0.7729080675744812,9402
blur,1,6,5,False,0.607882995835405,0.5467793659387221,1162
blur,1,9,9,True,0.8171550484335697,0.7084187386635319,1869
blur,1,2,3,False,0.6085722811544251,0.5044268315282605,4156
blur,1,4,7,False,0.7100684725159214,0.6153355611280359,648
blur,1,5,5,True,0.8268933411818808,0.730096124958073,8196
blur,1,0,0,True,0.8565167535607252,0.7596368659764962,7975
blur,1,4,0,False,0.5432777786295007,0.4905623318513756,4389
blur,1,1,1,True,0.7359826626919144,0.6647766246419525,7681
blur,1,3,3,True,0.7779066104813895,0.7150796641934054,2507
blur,1,1,1,True,0.6960577068490993,0.5985486037869321,7507
blur,1,7,7,True,0.6786857056316137,0.6479890907489336,5180
blur,1,8,8,True,0.7965183440261145,0.651641841454849,4607
blur,1,2,2,True,0.8986525091761823,0.763288403888651,821
blur,1,0,5,False,0.6230514918610293,0.5485937731501699,4964
blur,1,4,4,True,0.9426508343098954,0.8272337276157794,912
blur,1,1,1,True,0.776871682306171,0.6717082168857135,3076
blur,1,4,4,True,0.7924973766517516,0.678707451359056,122
blur,1,5,5,True,0.710719448718468,0.6631632396907972,9857
blur,1,4,4,True,0.7622204813330329,0.6520169576111818,9018
blur,1,5,5,True,0.6948049413104471,0.5851967209292713,6270
blur,1,5,5,True,0.6663730172572718,0.615233577726325,133
blur,1,1,3,False,0.5807518622042417,0.5256221366967974,8358
blur,1,6,6,True,0.7968220071972837,0.7141930505526453,5824
blur,1,6,6,True,0.7310634975811507,0.6403213976954888,3101
blur,1,1,0,False,0.44951852663806313,0.36957101382579555,6065
blur,1,4,4,True,0.8227896455779729,0.7160635930379287,3026
blur,1,2,2,True,0.6660961301982822,0.5509079587743162,2136
blur,1,3,7,False,0.47243449879401694,0.4214154652868091,2746
blur,1,7,7,True,0.8578460348783237,0.7572371883221833,4302
blur,1,5,5,True,0.8647647592863654,0.7715584391450683,8904
blur,1,9,9,True,0.831325363980267,0.7197787973872088,3806
blur,1,5,2,False,0.3778047349261271,0.3510958175749263,9022
blur,1,0,0,True,0.7401008882818362,0.6260088442328313,9829
blur,1,7,2,False,0.5911813290920396,0.5368367588775883,9054
blur,1,0,0,True,0.9222770582338653,0.8124270582203839,9680
blur,1,3,3,True,0.8118452962037538,0.6890633498274595,7029
blur,1,9,5,False,0.49092274963820104,0.44289159006400475,2787
blur,1,9,8,False,0.5833718385024342,0.5326604869282809,2309
blur,1,1,1,True,0.7939779399085842,0.6914541674059296,3628
blur,1,9,9,True,0.8080634360543173,0.6854036680683578,3396
blur,1,9,2,False,0.6085446161568204,0.5358180398346154,9288
blur,1,8,8,True,0.7568049796740235,0.6693332476606,5043
blur,1,8,8,True,0.8696800208157248,0.7376276286810507,9082
blur,1,0,0,True,0.6339720247685834,0.5337233422767355,6364
blur,1,1,9,False,0.41772282435969743,0.38049684754286217,8566
blur,1,6,6,True,0.7518597610798985,0.6705471559534141,8070
blur,1,1,1,True,0.637583002893541,0.5999406994143744,3595
blur,1,2,2,True,0.7120312462038068,0.6335410917202984,2680
blur,1,9,9,True,0.7871163128561705,0.6598672319082238,7487
blur,1,9,9,True,0.7981183383336312,0.7341962583500871,7776
blur,1,2,2,True,0.8492003564410756,0.7579200459345026,5750
blur,1,5,5,True,0.8546414587635957,0.7013398175156873,324
blur,1,5,5,True,0.6662628029418223,0.5607175822551779,323
blur,1,2,2,True,0.8202002869081112,0.7023390754537958,7323
blur,1,2,5,False,0.4479196214497883,0.4124936420755492,4617
blur,1,4,4,True,0.807513809674565,0.6537976389350222,5525
blur,1,6,6,True,0.8301953188165379,0.7182837726723285,5275
blur,1,8,8,True,0.6353983354821547,0.570709562268941,8098
blur,1,8,8,True,0.7107828008467356,0.562483132409543,1469
blur,1,0,3,False,0.5706243777397328,0.5149658894645401,5211
blur,1,6,6,True,0.7676233342286849,0.6848187031322197,4152
blur,1,6,7,False,0.5432582679843022,0.45983647705569125,3315
blur,1,0,0,True,0.6877262070734665,0.5765015306458646,9831
blur,1,8,2,False,0.49763177885977294,0.4207411409143165,9903
blur,1,5,5,True,0.7411435509612284,0.5915300606320696,1225
blur,1,7,7,True,0.8589948786358687,0.7386218489580744,5595
blur,1,6,6,True,0.7663694067606553,0.6708059208616164,4711
blur,1,3,3,True,0.7992542518324222,0.6699793781116967,5027
blur,1,2,2,True,0.8376434645934601,0.7464379365556095,6101
blur,1,3,3,True,0.7409317390848104,0.6468433218351961,6345
blur,1,7,3,False,0.4585467102822053,0.40996505870294353,9069
blur,1,6,2,False,0.5775244809561759,0.4978558755550632,545
blur,1,6,6,True,0.8042439946970948,0.7134682744529784,1394
blur,1,1,1,True,0.5783862883992974,0.5324395588565205,9957
blur,1,0,0,True,0.7630131780461112,0.6554108284897743,1103
blur,1,6,0,False,0.5561745432966603,0.5029689972200604,6245
blur,1,9,9,True,0.845574174969496,0.749178597880633,8259
blur,1,3,3,True,0.8609236491474979,0.7551425139722037,4847
blur,1,4,4,True,0.7942654142289136,0.7236666859767068,4158
blur,1,9,9,True,0.9241019602312857,0.7859568727425799,1346
blur,1,2,2,True,0.8130750973255014,0.6976828664259371,7926
blur,1,5,9,False,0.5766099641089689,0.4895792819653735,8385
blur,1,0,3,False,0.44374904925941827,0.40668712476532637,6580
blur,1,2,1,False,0.677031264930552,0.5850268498959786,1124
blur,1,3,3,True,0.8403672979813961,0.7153972205052496,6906
blur,1,6,6,True,0.7577652890029327,0.6923634481873836,9367
blur,1,3,7,False,0.46961768227255685,0.45036514621288837,2004
blur,1,4,4,True,0.9014659888799783,0.77467223242275,2563
blur,1,2,2,True,0.8282039995596989,0.6916252382249519,8407
blur,1,1,1,True,0.6717789970646246,0.6232824965119099,6334
blur,1,7,7,True,0.7396989030024388,0.653158678307002,356
blur,1,6,6,True,0.7359787727792619,0.6489964043746311,5893
blur,1,6,6,True,0.72965412704954,0.6373060281840205,6534
blur,1,5,5,True,0.6210972558203958,0.5269263128733181,8548
blur,1,1,1,True,0.9412462022227568,0.8067935627705694,6852
blur,1,5,5,True,0.719896990959237,0.6404668431641076,1800
blur,1,7,7,True,0.725684135236559,0.6228803077403918,4131
blur,1,4,7,False,0.6715920545192737,0.5945129169064137,9122
blur,1,7,6,False,0.5331200460528229,0.4684193506880361,4493
blur,1,3,9,False,0.5954238415436824,0.49997252569210027,5092
blur,1,5,3,False,0.6273433066547989,0.5806644235127021,9779
blur,1,3,3,True,0.7661598918042226,0.6781165665848283,1885
blur,1,9,9,True,0.8370243513813564,0.7330836521921462,4021
blur,1,1,1,True,0.7515982791459929,0.6649589616902818,50
blur,1,2,2,True,0.6308879149852604,0.5153968935637047,8542
blur,1,6,0,False,0.6227524148714745,0.5344759605996809,4183
blur,1,0,0,True,0.6825222818611455,0.5645979287734368,4734
blur,1,5,9,False,0.5712245838724397,0.5030346206874001,1701
blur,1,0,0,True,0.8644015232426518,0.7562595388449287,2443
blur,1,5,5,True,0.907264450389612,0.7890015593294503,7745
blur,1,3,0,False,0.5507396574386364,0.5067004918895601,5840
blur,1,1,1,True,0.8396216073802069,0.6987313219891288,2193
blur,1,4,3,False,0.4429414351060941,0.37551520039277564,5287
blur,1,3,1,False,0.5251543809069094,0.46966818376045955,1382
blur,1,0,5,False,0.4184722254200487,0.37598012475201104,646
blur,1,5,1,False,0.5626556928131644,0.46694872423349953,3185
blur,1,5,5,True,0.8541951856197311,0.7649965051363575,8799
blur,1,6,6,True,0.8205510557180155,0.7433328398100147,714
blur,1,9,3,False,0.5395176779450603,0.4821017663988439,2479
blur,1,7,7,True,0.7420543351339861,0.6155647568926943,6275
blur,1,7,7,True,0.7259915930433881,0.6352873589946499,5460
blur,1,6,6,True,0.83940605264496,0.7353019960665373,4813
blur,1,6,6,True,0.9148322239334905,0.7871705440161069,2758
blur,1,7,7,True,0.7614553727421556,0.6891819593924543,2500
blur,1,6,1,False,0.5436008044000067,0.4747419105272527,6215
blur,1,5,5,True,0.6713197275886014,0.6277126155314409,904
blur,1,7,7,True,0.8095753334714813,0.7188013777414297,2534
blur,1,9,9,True,0.8883413984813214,0.7756117913083639,8486
blur,1,4,4,True,0.8923461858175856,0.7919028056249562,6393
blur,1,2,2,True,0.9002750992205516,0.8108515398001042,5500
blur,1,4,4,True,0.8232325290396078,0.7327286900325423,9658
blur,1,0,0,True,0.7972150909863923,0.6911161270047569,7302
blur,1,3,3,True,0.8925801809611802,0.7604947484718557,69
blur,1,8,8,True,0.701195099027792,0.5885736874283275,1204
blur,1,0,0,True,0.7547324058771715,0.6077081627985323,77
blur,1,8,2,False,0.5889205286022655,0.5190671169178753,7244
blur,1,5,6,False,0.6589687535708428,0.5673700477728384,891
blur,1,3,1,False,0.7749416125281836,0.6670177998499028,3118
blur,1,4,6,False,0.4971746021595942,0.45817556252232594,5271
blur,1,8,8,True,0.7966158844259856,0.6898820515494495,6788
blur,1,1,4,False,0.5922283550860188,0.556296174788034,6259
blur,1,5,5,True,0.9120542535073515,0.778784118850465,4050
blur,1,2,5,False,0.6932744792760906,0.5848642841362646,6024
blur,1,5,5,True,0.901205018060594,0.7558715378644931,393
blur,1,7,7,True,0.7157059628428944,0.6378050895704129,7426
blur,1,9,9,True,0.7773968612224565,0.6988170531556893,8538
blur,1,2,2,True,0.9824152943941621,0.8381651023098633,6136
blur,1,6,6,True,0.9454344336937117,0.7973396145971171,1201
blur,1,4,4,True,0.6878448626141944,0.6302736576632819,7140
blur,1,5,7,False,0.5982965217907328,0.4945440059158122,589
blur,1,1,1,True,0.8008859701218713,0.7159574781609245,6230
blur,1,8,8,True,0.823322056380059,0.7034041207165933,4730
blur,1,1,1,True,0.8919234129367335,0.7810768081384273,6950
blur,1,0,0,True,0.9371327266350218,0.833101252086181,7973
blur,1,7,7,True,0.7929932940476059,0.6985694237342135,8488
blur,1,4,4,True,0.8797588637304321,0.7568899129150867,6778
blur,1,0,0,True,0.8418556866484947,0.758499278875503,8726
blur,1,6,6,True,0.7883095377590987,0.6908451347938268,7259
blur,1,2,2,True,0.6541473460508225,0.6446754342628433,9640
blur,1,9,9,True,0.8714778896031239,0.7216531128161499,2675
blur,1,9,4,False,0.5731521315822907,0.46778077238022087,7159
blur,1,5,4,False,0.27612717448398155,0.26959330967005884,9081
blur,1,4,4,True,0.7114987275988309,0.6191388951376963,6746
blur,1,4,4,True,0.9467309818618115,0.8355735224888051,5272
blur,1,6,9,False,0.6756034304784726,0.5672952981091798,7856
blur,1,9,9,True,0.6986899539613697,0.6099691158514438,496
blur,1,6,6,True,0.6858143696156479,0.607088563795624,508
blur,1,0,0,True,0.844197792037112,0.7216939063572445,4492
blur,1,1,1,True,0.8465799791792222,0.7392295764192042,5940
blur,1,6,3,False,0.6455964426964055,0.5365264526743808,3817
blur,1,3,0,False,0.5863040711032967,0.5212549176007686,5250
blur,1,4,4,True,0.8434085074030141,0.7608061917799729,1355
blur,1,4,4,True,0.8011940176797536,0.6712633557374308,4709
blur,1,5,2,False,0.4632793136571668,0.38282834972823493,3914
blur,1,2,2,True,0.8669084759333835,0.7756706258174593,2852
blur,1,0,0,True,0.8570105048392953,0.7171461729254786,1572
blur,1,2,2,True,0.8354144032039487,0.7419142622928582,8926
blur,1,6,2,False,0.6803813571030907,0.5944311232565557,2436
blur,1,6,3,False,0.5581719121040487,0.48108968643189015,8643
blur,1,8,8,True,0.7961219128324617,0.7210341224677123,6636
blur,1,1,8,False,0.590880936605015,0.5358117522826031,2690
blur,1,1,1,True,0.8732298304769518,0.7628396684712464,6611
blur,1,1,1,True,0.8367505467279953,0.6831846343479203,6188
blur,1,5,2,False,0.5598536630112683,0.505120687887599,481
blur,1,5,1,False,0.5259264096927802,0.4406202497224829,7121
blur,1,1,1,True,0.7886506536002627,0.6809254165756251,4402
blur,1,4,4,True,0.7894092806966645,0.6861445699607552,4584
blur,1,0,1,False,0.47859621340141667,0.4597523278157036,4570
blur,1,6,6,True,0.7516228482943099,0.6488145798911791,5676
blur,1,5,5,True,0.7582680578700538,0.6310724124684859,3233
blur,1,0,0,True,0.9543992880218213,0.8556322689850185,8517
blur,1,0,0,True,0.9140977789109503,0.8064977563742722,1182
blur,1,7,7,True,0.7193775647068728,0.6417304460996084,1428
blur,1,8,8,True,0.9075001519157622,0.8161434891989815,3022
blur,1,8,8,True,0.700249460274487,0.6446762182059735,5777
blur,1,5,5,True,0.7552753027352325,0.6391493260479568,7152
blur,1,5,5,True,0.7643805201744122,0.636903647093416,1181
blur,1,8,8,True,0.7837926701801619,0.6980731545235719,9777
blur,1,8,8,True,0.8395805069758101,0.7233940845932973,8544
blur,1,9,9,True,0.798517865462874,0.6903046255828454,8412
blur,1,3,8,False,0.5403500424360277,0.451864148212647,9446
blur,1,4,1,False,0.4657173390755431,0.4225376705299648,7742
blur,1,0,0,True,0.8199378099152198,0.719989761904153,3954
blur,1,1,5,False,0.5585406885380972,0.48664962352442526,2615
blur,1,3,6,False,0.3919683792218428,0.32040627738585586,9016
blur,1,8,8,True,0.8286408166952852,0.7435276947671214,3277
blur,1,4,0,False,0.29682595291231373,0.2724161501402848,5033
blur,1,5,5,True,0.7328872335042926,0.6603110230817736,7707
blur,1,8,8,True,0.7560126297256461,0.6155504848092078,5293
blur,1,4,4,True,0.7579743404180609,0.6604146524146174,9050
blur,1,3,3,True,0.7704065220460136,0.6555075675657833,6137
blur,1,7,9,False,0.6747386752216272,0.5892508196788762,1274
blur,1,3,0,False,0.587978571514721,0.5336459970964573,8929
blur,1,3,3,True,0.5719169053324178,0.5085283168564876,2425
blur,1,8,8,True,0.8290539517459098,0.7200583036657641,6281
blur,1,4,3,False,0.5962491074359988,0.5220673500211936,1604
blur,1,2,7,False,0.5258773159105712,0.4308004149698513,977
blur,1,8,8,True,0.8642472067825443,0.7314787646888706,834
blur,1,6,6,True,0.9223334150970197,0.8214091537233004,1719
blur,1,7,7,True,0.6802526407852731,0.5831040080303451,9271
blur,1,3,3,True,0.8007009508979993,0.7184041891586979,4258
blur,1,7,8,False,0.5171448743027586,0.47110056186695515,6988
blur,1,9,2,False,0.5421338548645324,0.4933978788422045,4881
blur,1,1,2,False,0.4422475399675632,0.39756869676835904,812
blur,1,1,1,True,0.7541282179124724,0.6472888205605115,1171
blur,1,5,0,False,0.7558198455975412,0.6544238275548679,3832
blur,1,7,0,False,0.449961343112978,0.4102748596577653,4230
blur,1,0,0,True,0.8029861886514839,0.6550259778683761,9339
blur,1,5,2,False,0.49455088477554326,0.4602437799117679,4352
blur,1,1,1,True,0.6524681723582952,0.5595955576405415,7413
blur,1,9,9,True,0.9038402016915682,0.7815384882537915,994
blur,1,7,7,True,0.7617466947714484,0.6609314397648337,1923
blur,1,9,9,True,0.7786139953234918,0.676025244423051,7155
blur,1,2,2,True,0.8677279842095649,0.7262959528969664,3928
blur,1,7,5,False,0.5634598384188088,0.49697536332956666,6882
blur,1,3,3,True,0.8703073560329193,0.7666485452680014,7135
blur,1,1,1,True,0.8382728108772379,0.6866428590177304,6532
blur,1,4,4,True,0.8063029648668589,0.6743418049845838,1560
blur,1,4,4,True,0.8148354182776185,0.7255274126618916,7925
blur,1,5,9,False,0.34015713926994673,0.3183295112614146,5168
blur,1,8,8,True,0.7780815896400514,0.6823441758998592,1366
blur,1,2,1,False,0.6532982852932513,0.5566605805938168,4849
blur,1,6,1,False,0.6881122455558472,0.6142076609276714,6106
blur,1,1,3,False,0.7570823002406223,0.6344619413874133,4057
blur,1,8,7,False,0.6173534547627757,0.5370037156890304,7420
blur,1,4,4,True,0.8022704477524841,0.6708000218516396,2952
blur,1,7,1,False,0.6491547741955066,0.5635415192097495,940
blur,1,2,2,True,0.8337727995502451,0.703099062170268,4412
blur,1,3,1,False,0.37280305688551485,0.34699881556889267,7167
blur,1,9,9,True,0.8418900000112709,0.7392701366252826,6889
blur,1,1,1,True,0.7546327956330664,0.6450263646830916,2791
blur,1,5,2,False,0.4738900867815556,0.43961255809377714,8307
blur,1,3,2,False,0.5865610587659118,0.494450592816312,1281
blur,1,3,9,False,0.5973297302715483,0.5220245813614545,8493
blur,1,6,2,False,0.5644265137441915,0.48246611013294155,4423
blur,1,7,0,False,0.4122367644831558,0.3802486851715721,8975
blur,1,4,4,True,0.8146171958577648,0.720293465590927,2883
blur,1,6,9,False,0.4978446536251976,0.4642070863709386,184
blur,1,0,0,True,0.7000184116422923,0.6116753388674944,5762
blur,1,2,2,True,0.8485665477981446,0.6770896304631832,1421
blur,1,7,7,True,0.8787071601093143,0.7532837166982314,1772
blur,1,6,6,True,0.8364046234333187,0.7572491240251787,2841
blur,1,0,0,True,0.7380981732261667,0.63588355439751,8410
blur,1,8,1,False,0.37283634685578537,0.2935601706582646,7054
blur,1,4,4,True,0.7354008613457805,0.649077369231505,4319
blur,1,3,6,False,0.7035277927962271,0.6234798113236899,3168
blur,1,4,4,True,0.7239960913486788,0.6158526980758602,5628
blur,1,3,9,False,0.5331760094864267,0.4632646259616189,9938
blur,1,5,5,True,0.8409522525965973,0.712863495964638,7694
blur,1,1,1,True,0.8890181585227,0.7811168287266174,7623
blur,1,1,9,False,0.4565760256096049,0.40422161076750773,9247
blur,1,9,9,True,0.8334124465824999,0.7000850763244033,305
blur,1,7,7,True,0.6725055053306571,0.5864388029866143,4774
blur,1,3,3,True,0.8388102700685525,0.713328242110926,9489
blur,1,8,8,True,0.7992378713625886,0.7235734045341088,3153
blur,1,7,7,True,0.7601397008981123,0.6789927004275637,7267
blur,1,6,6,True,0.8989779398187606,0.7766856619674046,2337
blur,1,7,7,True,0.7778931464392218,0.677830457565231,1176
blur,1,9,0,False,0.4568487587574054,0.42359696950255415,8320
blur,1,8,8,True,0.8799244934341572,0.7594636116312024,6192
blur,1,2,2,True,0.7575925847777756,0.674121547550379,4810
blur,1,7,3,False,0.6099587171624634,0.5630126321788008,7435
blur,1,1,8,False,0.7077322421037647,0.6067547644712141,4915
blur,1,5,9,False,0.3944617112589267,0.3832153565884737,212
blur,1,0,3,False,0.5043065837156525,0.4707629339684216,1742
blur,1,1,5,False,0.5201728627289057,0.4621181093671884,7343
blur,1,7,5,False,0.4873633548929578,0.42038061162114243,1527
blur,1,3,3,True,0.6413728899278537,0.5648891872004186,1568
blur,1,1,1,True,0.8142583840449189,0.702229608520625,9477
blur,1,9,9,True,0.7392838966268565,0.6275358750140856,9884
blur,1,9,9,True,0.7886986465699015,0.6960393534909566,5919
blur,1,2,2,True,0.8925932780612984,0.7532338003655908,7247
blur,1,5,5,True,0.7957235796926931,0.6845939509390663,2838
blur,1,2,2,True,0.9107696892338273,0.7826462019726086,7851
blur,1,8,7,False,0.4808199923251727,0.3963918043409779,4795
blur,1,6,6,True,0.8705565185085207,0.7681424811945533,7593
blur,1,4,1,False,0.5095245965588081,0.4435291462663711,9582
blur,1,9,4,False,0.5862492654571989,0.5392887418405068,347
blur,1,7,7,True,0.7153625597903635,0.6181651157643435,5360
blur,1,1,1,True,0.7248640714198884,0.623002557196422,2659
blur,1,4,0,False,0.5690200303983687,0.4805741715416628,791
blur,1,8,8,True,0.6837172756349102,0.5969402684102596,6296
blur,1,5,5,True,0.8027487977391092,0.6982300427223566,4778
blur,1,0,0,True,0.7657792014244361,0.6807476559154406,4653
blur,1,7,7,True,0.8087663944893557,0.7037918151226191,8179
blur,1,4,1,False,0.8170913210532954,0.7514059768063923,9437
blur,1,2,9,False,0.6256388942302574,0.5559174053781338,8347
blur,1,8,8,True,0.9258090932377113,0.7822009895609331,2583
blur,1,8,0,False,0.6293690844325726,0.5285341949083743,3601
blur,1,5,5,True,0.9423125223627913,0.8266615933852869,4274
blur,1,7,8,False,0.4753173571418336,0.3986531912792181,4539
blur,1,2,6,False,0.4387702120521953,0.3998515679351792,3419
blur,1,7,7,True,0.8290066831896029,0.7375684616112909,7235
blur,1,9,2,False,0.5031033935089723,0.46103272800617306,9219
blur,1,2,8,False,0.5495388489130419,0.4647242765715723,4097
blur,1,9,9,True,0.8555439610978117,0.7606417904320906,7731
blur,1,0,5,False,0.3773594072514366,0.3422072809307181,9455
blur,1,4,4,True,0.6726117779404119,0.5745625900350586,6367
blur,1,0,0,True,0.7493374187795521,0.6487487830459717,6122
blur,1,4,4,True,0.7730671877999711,0.6815327048202602,4649
blur,1,6,6,True,0.7909466014589787,0.6738475892836441,9439
blur,1,8,8,True,0.7919075997822019,0.6941586488633316,9802
blur,1,1,1,True,0.8995215796075617,0.8085053816372145,4613
blur,1,8,7,False,0.663502296060282,0.5982580742583609,2514
blur,1,9,9,True,0.7778284661679912,0.6777939201130804,6680
blur,1,0,7,False,0.48427919816990705,0.43132017061804456,1526
blur,1,9,9,True,0.8904934600994683,0.7611581823243848,3008
blur,1,9,9,True,0.7450836714875498,0.6381231926197442,9041
blur,1,0,2,False,0.5471892068632946,0.44936689992373213,241
blur,1,0,0,True,0.8739756292289101,0.7629014792470284,5156
blur,1,7,7,True,0.8959819857955096,0.7902346565581182,7865
blur,1,4,2,False,0.5950551819924522,0.5193800349799235,4292
blur,1,2,2,True,0.6585509523473277,0.5572218255925437,7637
blur,1,4,4,True,0.8286331282150434,0.7206607284933438,2608
blur,1,3,3,True,0.8116093555737355,0.7317032435938658,2684
blur,1,9,9,True,0.7859019083562627,0.700976255187546,5153
blur,1,2,9,False,0.5299545264867039,0.46487186023517213,68
blur,1,0,0,True,0.8928619151166693,0.8148812358840966,5424
blur,1,8,8,True,0.8730871381635692,0.8110984072368311,7581
blur,1,8,8,True,0.8617530581324802,0.7378872471218696,2069
blur,1,8,8,True,0.8065531358785966,0.695652470133401,7735
blur,1,9,9,True,0.9716472622733113,0.854766798917147,1192
blur,1,0,4,False,0.6411461990884776,0.5417147418824589,4310
blur,1,7,8,False,0.5380251502019986,0.4893040623408731,902
blur,1,2,2,True,0.7687804788117121,0.6704927608591847,3927
blur,1,4,2,False,0.43790197133784003,0.39464944542690245,9603
blur,1,4,6,False,0.7182866332424791,0.6140348813681273,424
blur,1,9,9,True,0.749121754918709,0.6359994245419773,4534
blur,1,5,5,True,0.8292984059223258,0.6801943357156666,7144
blur,1,2,2,True,0.6718204580496742,0.6157430072713757,2580
blur,1,0,0,True,0.8765134322344557,0.7788653462602255,8522
blur,1,5,5,True,0.7954655531564728,0.7046129003081839,7904
blur,1,8,8,True,0.7675555142793972,0.6743887101550772,9766
blur,1,7,9,False,0.7763603407340454,0.6288217348084426,2775
blur,1,9,9,True,0.8755925663688084,0.7442316579130855,2810
blur,1,0,0,True,0.7068126497165714,0.6106691331863751,7181
blur,1,4,9,False,0.5488357737274349,0.4598834806181591,9333
blur,1,6,6,True,0.999,0.8302795609012856,8099
blur,1,8,8,True,0.9483053429232984,0.8015122844988308,2105
blur,1,3,3,True,0.8638370504227357,0.7502443518312736,3211
blur,1,6,6,True,0.6422361490436896,0.5618887063175342,9321
blur,1,2,2,True,0.8965720217584046,0.7952366751733982,3131
blur,1,5,5,True,0.7391851869785381,0.684571002949617,4368
blur,1,7,8,False,0.5052709095674689,0.4581955035343085,8682
blur,1,8,8,True,0.7321865211556063,0.6338475493051229,5938
blur,1,4,8,False,0.5592452364716681,0.5263649812421517,1898
blur,1,4,7,False,0.5011804157074143,0.40936462479266417,6239
blur,1,8,8,True,0.7609375753160438,0.6202200770462991,3099
blur,1,5,5,True,0.8397757308886363,0.711074903050047,3962
blur,1,3,3,True,0.6844881261329717,0.6130586561709921,7908
blur,1,2,2,True,0.9797934427263656,0.8511956313578523,784
blur,1,7,7,True,0.7078222826230367,0.5940824661188493,3019
blur,1,7,7,True,0.7033479819155423,0.5983038939203132,211
blur,1,5,5,True,0.8400107014342898,0.7041794262093273,2954
blur,1,1,1,True,0.8933552909298056,0.7495218290923898,845
blur,1,1,1,True,0.7641037786734202,0.6955093673674329,6502
blur,1,2,2,True,0.7042824626063117,0.6107713938403586,7583
blur,1,0,1,False,0.469386277573928,0.44936997770421705,9118
blur,1,4,4,True,0.7075984343200808,0.5986583816021595,8079
blur,1,4,3,False,0.44469745512379555,0.4028153371197881,6422
blur,1,3,3,True,0.7844011103933455,0.686282597040675,9239
blur,1,9,9,True,0.8240666087124252,0.7330502488655412,62
blur,1,2,5,False,0.3539980838235588,0.32098934134630547,797
blur,1,8,3,False,0.6328879283840307,0.5726564069918756,1855
blur,1,1,9,False,0.7585549969469849,0.670855699655133,2297
blur,1,6,1,False,0.4621666727645642,0.3860162340515787,4870
blur,1,8,8,True,0.8025035254694045,0.7117822919375416,7573
blur,1,8,1,False,0.5001367708705272,0.4380542746251013,1512
blur,1,5,2,False,0.6227075946774777,0.5287670638926661,6516
blur,1,2,9,False,0.4205589213494866,0.38635463868107983,9336
blur,1,3,4,False,0.5268208920409472,0.48122892919094956,7418
blur,1,4,2,False,0.6521180263731914,0.5596290191310392,6420
blur,1,8,8,True,0.7547692272483786,0.6495425447950547,8724
blur,1,3,3,True,0.8803233066613078,0.7355324046357516,9324
blur,1,8,8,True,0.6994948032781743,0.5734760402297128,627
blur,1,9,9,True,0.8740194436527446,0.7530703611640124,2097
blur,1,1,1,True,0.6772720501510707,0.6065223322713611,4521
blur,1,9,1,False,0.5982644296859008,0.5120594513448801,2253
blur,1,5,5,True,0.6704910191979127,0.6134732395958289,9340
blur,1,6,6,True,0.7993444933796429,0.6903413395360598,7006
blur,1,3,3,True,0.8483676600354342,0.7320923245276487,850
blur,1,3,3,True,0.8934075283111259,0.7686145648537139,3433
blur,1,5,5,True,0.8870296605709428,0.788607062961255,7209
blur,1,1,1,True,0.8590158867937807,0.7259852923686402,5145
blur,1,7,7,True,0.7234573238513744,0.6273595219271565,6801
blur,1,6,6,True,0.7227597172832076,0.6183983206349983,5872
blur,1,0,0,True,0.8530233857215628,0.7288385170964948,5159
blur,1,2,2,True,0.9037046751979521,0.7838520608078259,4651
blur,1,5,5,True,0.7075087296071733,0.6141159543504557,9276
blur,1,7,4,False,0.3503803742175686,0.3338567440580138,7779
blur,1,2,3,False,0.6540200610762702,0.5707015679108324,4726
blur,1,8,9,False,0.4834552172565392,0.43703704956770506,5267
blur,1,5,5,True,0.7816954185779292,0.6828962087224733,600
blur,1,5,5,True,0.7736648204130419,0.7006902773552748,2703
blur,1,1,1,True,0.7925016904559754,0.6825787375125184,4228
blur,1,6,6,True,0.7217015850206855,0.6224549193962324,5030
blur,1,8,8,True,0.8256862481244317,0.7317340826612967,3063
blur,1,2,2,True,0.7948534784634201,0.6843053998567248,5596
blur,1,5,5,True,0.8648249185869311,0.7600690144937624,9929
blur,1,0,0,True,0.91723123173297,0.8414048350837606,9641
blur,1,2,2,True,0.8001533530166505,0.6755512968101546,4484
blur,1,0,0,True,0.7245025307169233,0.6614605604371521,3001
blur,1,7,9,False,0.47234429308407033,0.40664851655525014,8738
blur,1,9,9,True,0.9258601454527857,0.8287346968550828,907
blur,1,0,0,True,0.9156298392507617,0.8070062804676625,6919
blur,1,7,7,True,0.8609897288386514,0.758847822699164,3779
blur,1,5,5,True,0.794788312170126,0.6875508024013847,3053
blur,1,7,7,True,0.8552132448238774,0.7369211927138324,6140
blur,1,5,5,True,0.8943572304847721,0.7607634943112248,1753
blur,1,9,9,True,0.7405634418304419,0.6446044463858052,4386
blur,1,0,0,True,0.7923836241796237,0.6848478516273997,7328
blur,1,1,1,True,0.701501157046071,0.6150963485514022,8030
blur,1,2,9,False,0.64475419663029,0.5348279651049871,8001
blur,1,7,7,True,0.9135418837201961,0.7919635035586776,3398
blur,1,0,0,True,0.8762838230739527,0.7850943093248148,3639
blur,1,1,6,False,0.6038274589873961,0.5471343108329548,7464
blur,1,7,7,True,0.5745413506670953,0.5038201835951645,9561
blur,1,4,0,False,0.6527203255636123,0.6210606387735701,2979
blur,1,7,7,True,0.7981924771892883,0.6819165395124819,1933
blur,1,3,6,False,0.45670590030203595,0.40146657440035777,4180
blur,1,0,0,True,0.7926218065030648,0.6597182355882022,7800
blur,1,5,5,True,0.8094071936994457,0.6949234084123433,428
blur,1,1,3,False,0.5245415944559475,0.49661663787489496,4210
blur,1,4,4,True,0.789397524015104,0.6786782717684479,1448
blur,1,8,8,True,0.7780445290266524,0.645781225809534,6325
blur,1,1,9,False,0.48046262811124435,0.44083321156045047,9179
blur,1,2,0,False,0.38507772038153243,0.35010026716847814,7821
blur,1,9,9,True,0.7518833155255122,0.6707137395171917,4168
blur,1,3,3,True,0.6096632629830648,0.5272727519707476,205
blur,1,3,3,True,0.9326612688068789,0.7876196011938,6601
blur,1,6,4,False,0.4980778055795051,0.43469366868053494,2241
blur,1,1,1,True,0.8619926679315228,0.7587906674694855,6500
blur,1,0,0,True,0.7355290856794274,0.6387531840259791,8152
blur,1,8,8,True,0.8355422508474267,0.7329700166859561,3443
blur,1,9,9,True,0.7861482112003836,0.6724896137634746,8976
blur,1,9,9,True,0.8700264669850942,0.7630244275159501,9573
blur,1,0,0,True,0.7729036609356285,0.6719078330360788,1319
blur,1,5,5,True,0.7375744073942649,0.6278207679613277,3245
blur,1,8,8,True,0.8105615881516971,0.7067763530307462,9487
blur,1,8,8,True,0.7594006614826381,0.6527567193413474,1614
blur,1,3,3,True,0.6356661717280929,0.5676595353264495,346
blur,1,4,4,True,0.7418799416285187,0.6630610886088864,8755
blur,1,1,2,False,0.6264257414684411,0.5574926360792157,4095
blur,1,1,1,True,0.6442901685967634,0.5299468950764332,8978
blur,1,3,3,True,0.8092839858416745,0.6835959728901694,5870
blur,1,2,2,True,0.770568317738674,0.6572515327490673,6907
blur,1,9,8,False,0.6154681815372414,0.5222216734200399,2406
blur,1,0,0,True,0.7011169348619489,0.600092455132757,4426
blur,1,5,0,False,0.4445369676560771,0.4113613919890155,2692
blur,1,5,5,True,0.8448958147088104,0.7471345312732665,1109
blur,1,0,0,True,0.7756564264284159,0.6658309358694209,8543
blur,1,4,4,True,0.7285957556456288,0.6461422654986174,9381
blur,1,9,9,True,0.7882243066469063,0.69156750169918,9327
blur,1,1,3,False,0.5798777744365023,0.5072389320509498,7220
blur,1,1,1,True,0.7650157999511819,0.6882279240106052,2316
blur,1,1,3,False,0.5647666978488944,0.4818257670230921,5237
blur,1,0,5,False,0.6877225450254891,0.6006193540169341,5847
blur,1,8,4,False,0.3973582268370728,0.33173729076480385,6394
blur,1,0,0,True,0.8164236946266337,0.6889015513369083,7692
blur,1,2,3,False,0.6355474676537565,0.5280000470079429,4232
blur,1,8,8,True,0.8943407760459177,0.7554725166164054,9565
blur,1,9,9,True,0.7670629411842903,0.6686655112297565,9186
blur,1,1,1,True,0.8555575124699305,0.7361742020146024,1333
blur,1,3,8,False,0.5451190592782718,0.4729537745783994,5736
blur,1,1,4,False,0.6088128819915256,0.5265076873289595,7414
blur,1,1,1,True,0.9361124027156311,0.8461503948094613,2285
blur,1,9,8,False,0.36112526713377757,0.29921287408776837,9494
blur,1,3,3,True,0.8101978271970415,0.6787862867228371,7148
blur,1,6,6,True,0.6919827363282927,0.58627687402758,7231
blur,1,1,1,True,0.688292502912153,0.5986107307824302,1754
blur,1,2,2,True,0.7329644886747672,0.6483152416252932,8085
blur,1,3,3,True,0.8414318183857403,0.7425887979055886,7968
blur,1,5,1,False,0.6393923574581963,0.5773762701668627,4614
blur,1,9,3,False,0.6327144901058886,0.5506425392691615,4655
blur,1,2,2,True,0.7304391137013185,0.6279468242479846,9564
blur,1,6,6,True,0.8832630471448266,0.7984428039721487,7799
blur,1,4,4,True,0.859482400726725,0.6898758730787857,1564
blur,1,7,1,False,0.37575839456702786,0.3356498158308566,5921
blur,1,3,3,True,0.8447293012312292,0.7416200449364238,94
blur,1,4,4,True,0.7703810398336786,0.707297563906165,8552
blur,1,6,6,True,0.7629960603699152,0.6303353278773229,8122
blur,1,4,4,True,0.7860231380241081,0.6747169145519047,1262
blur,1,7,5,False,0.4907964337876774,0.40502476469729126,6771
blur,1,0,0,True,0.7186240388084802,0.5898649056356828,1495
blur,1,3,3,True,0.8301915694040526,0.7165723201409162,6333
blur,1,1,1,True,0.9898256778506844,0.87301370132533,2320
blur,1,1,1,True,0.8046496944284165,0.7230716320307761,4166
blur,1,0,0,True,0.7928574473554522,0.6782913740998495,938
blur,1,3,3,True,0.7832665863524921,0.6941071232102501,1657
blur,1,2,9,False,0.5435564939959242,0.47306864592989606,738
blur,1,7,7,True,0.6611676908075068,0.5881240127688311,1610
blur,1,5,5,True,0.9260867444974548,0.8252632377760211,8963
blur,1,7,7,True,0.8684949563443214,0.7493361041056882,6409
blur,1,8,8,True,0.7384387302802389,0.6642124083867031,1067
blur,1,7,7,True,0.7925237784096558,0.6643846658911206,8896
blur,1,4,8,False,0.5383771730287239,0.48575080741379606,5846
blur,1,9,9,True,0.8139388019113609,0.7275214470804264,7317
blur,1,3,1,False,0.49886582520198497,0.4576401355541496,1470
blur,1,8,8,True,0.8082906844787936,0.6783466555604846,8582
blur,1,1,1,True,0.7077342759582634,0.6124579145757503,7237
blur,1,9,9,True,0.7514765195195525,0.65979854419608,4039
blur,1,3,3,True,0.8816846330320142,0.7732929868852398,8249
blur,1,6,6,True,0.7472966912801945,0.6525197065755232,7200
blur,1,3,9,False,0.4026368722205168,0.38582506702913627,858
blur,1,2,2,True,0.7779495691854402,0.6503442135942223,869
blur,1,3,3,True,0.9829192888369518,0.8456763788317456,7117
blur,1,6,6,True,0.857910213022529,0.7104682390683716,8961
blur,1,1,1,True,0.7432683355244968,0.6592030613999001,48
blur,1,1,1,True,0.7859518578316331,0.6941514681056938,7388
blur,1,9,9,True,0.8443887495994371,0.7997025044738467,8418
blur,1,0,0,True,0.6494998577671888,0.5876020722698271,8442
blur,1,7,7,True,0.7215152804055479,0.6349152911677829,5703
blur,1,3,4,False,0.5919831642823661,0.523283591153488,5508
blur,1,3,9,False,0.6099975704222595,0.5271657166463917,287
blur,1,3,3,True,0.7548541454660729,0.6592357775254521,7645
blur,1,3,3,True,0.9153613898078052,0.7985821605685121,3018
blur,1,7,7,True,0.7296541123733118,0.5959108087577639,1044
blur,1,8,8,True,0.5191589870599445,0.46022341081109275,7270
blur,1,3,3,True,0.8495048672199936,0.7390993285044895,5853
blur,1,1,1,True,0.8332319154408607,0.7583273936592546,5874
blur,1,0,0,True,0.848894742677433,0.7339270960797684,6897
blur,1,7,7,True,0.8457683897658668,0.7185922242243963,5763
blur,1,9,9,True,0.8053400043542471,0.7049096453427094,8392
blur,1,0,0,True,0.7692947853469376,0.6703875289825231,5261
blur,1,5,5,True,0.7723449298135818,0.6688811778790774,7161
blur,1,2,2,True,0.7531678878663233,0.6296129284704426,4963
blur,1,2,1,False,0.4612365330459684,0.4039306631128862,5154
blur,1,8,8,True,0.6451172194192727,0.5517657990617015,4043
blur,1,2,2,True,0.6928553642453844,0.5995974296303301,1491
blur,1,3,1,False,0.6122570822256354,0.550061584355612,2186
blur,1,1,1,True,0.6107306415457866,0.5206307585290014,7911
blur,1,9,9,True,0.6293728141584516,0.545542242374693,4092
blur,1,9,0,False,0.5053066976895427,0.45533479237494107,2252
blur,1,9,9,True,0.7797335266955988,0.6723854520088103,6734
blur,1,2,0,False,0.4398216730800979,0.441032141862073,7635
blur,1,1,0,False,0.5070175678764741,0.4509422627132641,7932
blur,1,9,1,False,0.4845159137641394,0.40200058605400174,1621
blur,1,6,6,True,0.6751015465697595,0.572050259722767,5580
blur,1,2,2,True,0.7245471143619869,0.6120663514359422,7132
blur,1,0,0,True,0.6890585612160383,0.584199251306652,7917
blur,1,7,7,True,0.8939224690439607,0.7855736610517549,5134
blur,1,8,4,False,0.523755019527339,0.4380615774722229,9593
blur,1,0,0,True,0.7521405503081176,0.6476953526351953,1152
blur,1,4,1,False,0.3980468858817581,0.37619479116470805,6474
blur,1,4,4,True,0.8043674587262226,0.6883168968262441,4666
blur,1,4,4,True,0.6902756559020635,0.6151640387729466,4266
blur,1,3,4,False,0.5600904101192533,0.4574174435251587,6938
blur,1,3,3,True,0.7461084130078665,0.6417798499742067,8446
blur,1,3,3,True,0.8315711345557386,0.7041165566235619,1380
blur,1,9,9,True,0.8288578009189321,0.7255245499129382,6040
blur,1,9,9,True,0.7425110705312402,0.6254388473973802,6669
blur,1,1,1,True,0.625783078464893,0.5883087542995269,9655
blur,1,7,7,True,0.7702539809245712,0.6369281859041886,2452
blur,1,5,3,False,0.7289256543464454,0.6573024290720534,2556
blur,1,2,6,False,0.5016854493917264,0.4589981736950524,1302
blur,1,1,4,False,0.5723627412655936,0.5077055532063547,4359
blur,1,7,0,False,0.4356242772668781,0.3863693007470862,3985
blur,1,3,3,True,0.6863550175592433,0.6355009383384883,7592
blur,1,1,6,False,0.5426392224050974,0.5256626168325572,7740
blur,1,9,7,False,0.50752556569549,0.4422513970757109,8985
blur,1,9,9,True,0.9782680691025474,0.8496832462128482,8502
blur,1,4,4,True,0.7927943687565207,0.6778272090879836,9214
blur,1,4,2,False,0.5326512727027316,0.44436783383882805,8987
blur,1,4,7,False,0.6949270166633476,0.614950219249137,2631
blur,1,1,9,False,0.4546962000286575,0.4064842180840664,2616
blur,1,1,1,True,0.8774149866449182,0.7285983129204796,3141
blur,1,2,0,False,0.19356366124700508,0.1886491517637476,5450
blur,1,3,3,True,0.6486713830275181,0.5720334726345104,6565
blur,1,1,2,False,0.3489609345423876,0.29959190061019764,1725
blur,1,0,0,True,0.829771153487173,0.7069750272465204,4187
blur,1,9,2,False,0.6278777724962477,0.5571717019700145,2831
blur,1,8,9,False,0.43656667298690266,0.4182593051424802,1683
blur,1,3,3,True,0.9302213454687147,0.8136560562415155,4966
blur,1,6,5,False,0.6601709429290987,0.5917549865147891,955
blur,1,1,6,False,0.6757191689565746,0.5727173657402912,8981
blur,1,9,9,True,0.6946013495232853,0.597125699303269,7376
blur,1,8,8,True,0.8503520105733442,0.7499595444450635,7716
blur,1,1,1,True,0.8987626846840613,0.7517813842884707,4405
blur,1,2,2,True,0.627707379076274,0.5526953061809031,7262
blur,1,3,3,True,0.8769035784319892,0.7702365023311399,4620
blur,1,0,0,True,0.7696107570118389,0.6683984614608316,7741
blur,1,3,3,True,0.6452797732468457,0.5698752479085842,8762
blur,1,6,6,True,0.8275516924183974,0.7195753355113133,3478
blur,1,7,0,False,0.5805732654670628,0.49604404359244675,7730
blur,1,0,0,True,0.761892107402605,0.6390461559673037,5121
blur,1,3,3,True,0.7054116294717487,0.6127936180650282,7553
blur,1,8,8,True,0.9269672741515418,0.8290123030966825,4540
blur,1,8,7,False,0.5329625815676519,0.4885058089510466,1907
blur,1,5,5,True,0.8827577853934693,0.7584374716743935,9739
blur,1,7,4,False,0.3794992633003794,0.3302522850327165,9359
blur,1,2,1,False,0.3965825857476942,0.3433009500968005,8199
blur,1,8,6,False,0.46651439558563224,0.40274555886400454,5439
blur,1,4,4,True,0.8598732805207124,0.7516472769046494,1032
blur,1,6,6,True,0.909438671458726,0.8091724986472453,2901
blur,1,2,2,True,0.7249096230691678,0.6764293643080975,7956
blur,1,1,1,True,0.8316619817508086,0.7053157340778006,4693
blur,1,5,5,True,0.6806746092153199,0.6065970247713041,970
blur,1,5,5,True,0.67976680396219,0.6036484714279826,4157
blur,1,5,5,True,0.7437332334751359,0.6405783200643246,2207
blur,1,8,8,True,0.8227461818084956,0.693814069556164,5515
blur,1,7,7,True,0.924149425611605,0.8060344737067578,867
blur,2,6,8,False,0.46634955846743315,0.35250430872984345,5256
blur,2,3,3,True,0.7843060012773915,0.68242941226404,5236
blur,2,6,6,True,0.632704529030419,0.557150999505787,1180
blur,2,8,4,False,0.6064223639758611,0.5302532586160998,4903
blur,2,3,3,True,0.7757866979751087,0.684420530886646,9677
blur,2,3,4,False,0.5505561062148666,0.4851864946402506,9901
blur,2,1,1,True,0.823447760128268,0.7249237955082478,1130
blur,2,3,3,True,0.630046033271101,0.5384947423649757,3455
blur,2,2,2,True,0.7468720172365464,0.6206601665632515,1859
blur,2,7,7,True,0.8730162334463957,0.756136732726049,2854
blur,2,1,1,True,0.8063922409868545,0.679902911318651,2349
blur,2,5,5,True,0.6108049664396592,0.5196137246392921,9953
blur,2,7,5,False,0.4668775172653958,0.4350755144959896,1756
blur,2,2,2,True,0.8286743805386172,0.7505331793681198,5947
blur,2,0,1,False,0.2687806749251271,0.2663176958309659,7664
blur,2,6,6,True,0.7012096206310573,0.6301758089505252,9459
blur,2,5,3,False,0.41372095316465674,0.3678618331738483,239
blur,2,5,5,True,0.7756031140577963,0.6945715264266088,3805
blur,2,8,1,False,0.4242025350262201,0.38268453379705286,870
blur,2,1,4,False,0.3886950897734824,0.3843406352699508,1188
blur,2,1,0,False,0.3860148151236664,0.3247505694964781,405
blur,2,4,2,False,0.5819836373468541,0.5231382591287038,2227
blur,2,5,5,True,0.7120102970327304,0.5949229000248354,3284
blur,2,9,9,True,0.7779813472645589,0.6898511203775306,9329
blur,2,6,6,True,0.7283167876673041,0.599687152521267,3838
blur,2,2,6,False,0.5116564146007264,0.42563709568045366,3147
blur,2,8,8,True,0.8091543249771532,0.6771286998960492,1399
blur,2,4,6,False,0.481430918661955,0.4292589208838178,8258
blur,2,8,9,False,0.6163815388489136,0.546014811166302,5936
blur,2,2,2,True,0.7555525004103287,0.7062292052434702,4436
blur,2,7,7,True,0.7435906677062716,0.6452262572611798,2771
blur,2,5,5,True,0.7978567241661797,0.7086290096507617,4121
blur,2,5,5,True,0.6467081107956263,0.5679192953796159,9464
blur,2,9,9,True,0.6196449382395857,0.5554761587029607,5934
blur,2,1,1,True,0.7319953173477215,0.6400692893943727,4699
blur,2,3,7,False,0.41766731869634144,0.3920095583367271,1323
blur,2,1,7,False,0.43152980031329924,0.36074685995451994,6308
blur,2,8,8,True,0.6688541748628148,0.5345765831860383,1660
blur,2,8,8,True,0.7332197878317147,0.6465848820985376,9318
blur,2,8,3,False,0.45317477877367685,0.36409701525243887,615
blur,2,2,2,True,0.8285019327690563,0.7454614094496702,3831
blur,2,2,1,False,0.5659235386966303,0.48507262687020125,2837
blur,2,4,4,True,0.6010347680825175,0.5051148168150135,1217
blur,2,7,5,False,0.3133767047887476,0.3353806006429641,5836
blur,2,7,0,False,0.25163294877559994,0.2285190061669024,8936
blur,2,9,8,False,0.3773746720051466,0.33156635399865697,2764
blur,2,7,2,False,0.3468783452379314,0.3248061013384423,8019
blur,2,9,9,True,0.8124006860612543,0.7218498656059503,1666
blur,2,2,2,True,0.6997709225323976,0.6325878178603832,520
blur,2,6,7,False,0.4817326276048765,0.3978132634632916,1267
blur,2,5,3,False,0.38510780915180653,0.3530637734137702,707
blur,2,1,1,True,0.6504078851354348,0.5619829814769692,6277
blur,2,9,9,True,0.7349720873414693,0.6213057046891578,3535
blur,2,1,1,True,0.6738883005040573,0.5887673123884911,6744
blur,2,8,8,True,0.6387279310255148,0.5216938972958514,8167
blur,2,2,2,True,0.7340337247643056,0.6573872857902445,8391
blur,2,2,2,True,0.8374353634689378,0.7210065403778259,894
blur,2,6,6,True,0.7255187328667455,0.6221409038166732,4063
blur,2,4,1,False,0.27429152030870274,0.24539421897519567,8194
blur,2,3,3,True,0.8317939771131012,0.7186745453872622,4944
blur,2,9,3,False,0.584701904326202,0.5348102553033375,5166
blur,2,6,4,False,0.45617660265038734,0.3808358477968837,5466
blur,2,6,6,True,0.7089493122237259,0.6099627915664796,2920
blur,2,7,6,False,0.33566019892545396,0.2959800356868824,4179
blur,2,8,8,True,0.8548714460479049,0.7203375486664209,1025
blur,2,1,0,False,0.49400916980509,0.43809406326703193,4669
blur,2,4,4,True,0.6459915782583023,0.5496153756304382,4294
blur,2,9,9,True,0.7038761630722775,0.5852090985244208,3219
blur,2,8,8,True,0.7188025677323823,0.6365067307038637,4000
blur,2,0,9,False,0.5420262865235393,0.5066678451382924,7839
blur,2,2,2,True,0.6589550942403686,0.5760802452511289,1993
blur,2,2,2,True,0.6256602004275439,0.5447454603549472,2872
blur,2,5,8,False,0.5298814558381293,0.4629097262483011,8923
blur,2,8,8,True,0.7485706436811209,0.6409660296077914,9051
blur,2,4,0,False,0.4660257816803472,0.4345238628540127,9815
blur,2,1,3,False,0.4623423068848308,0.4098719560190816,1779
blur,2,5,5,True,0.7316828914784104,0.5933576433102722,3752
blur,2,2,2,True,0.8856161871239395,0.7917528381477474,1303
blur,2,6,6,True,0.7328134785488637,0.656968155087251,4078
blur,2,9,6,False,0.4832070973004195,0.4377580525182654,4067
blur,2,6,1,False,0.2928726493840955,0.20883361377494114,7337
blur,2,9,9,True,0.6741579428120926,0.5879752849365347,1516
blur,2,5,3,False,0.4818441257477795,0.44243606652968864,1273
blur,2,8,8,True,0.6924254319722004,0.611151605008667,1798
blur,2,9,9,True,0.6877671585913545,0.6037051118208273,7477
blur,2,1,1,True,0.584318951012406,0.5295813620416527,8121
blur,2,6,5,False,0.3464851171079453,0.3122985154322984,5621
blur,2,2,2,True,0.7473553041801007,0.674324496248448,4922
blur,2,0,3,False,0.6154868163119038,0.5413989294974271,9701
blur,2,2,2,True,0.7497976674267202,0.6539716988397275,4715
blur,2,1,4,False,0.44770198819041807,0.41339496373349566,779
blur,2,1,2,False,0.4342413083736689,0.3761333734916807,6152
blur,2,0,0,True,0.7530911957693384,0.6331826733616425,1696
blur,2,9,9,True,0.7746809662985389,0.6735548486438744,5219
blur,2,4,9,False,0.5645145405415346,0.5066448499514616,1435
blur,2,1,1,True,0.8470492817895034,0.7534991401787057,9715
blur,2,3,3,True,0.6311362957676115,0.5700838418358178,6732
blur,2,7,1,False,0.5742159060287609,0.5017105566352286,9830
blur,2,6,6,True,0.7461564249488395,0.645805560097666,8937
blur,2,0,9,False,0.6618281591913017,0.5657116164227136,3367
blur,2,1,1,True,0.7922137043676585,0.6933791697921173,9262
blur,2,5,5,True,0.7748793868166785,0.6408249986691135,3577
blur,2,9,7,False,0.4224784237591985,0.37456184492463346,7156
blur,2,0,5,False,0.4151853285143568,0.4249011429359599,172
blur,2,8,8,True,0.7046663701322871,0.5838891463646688,843
blur,2,0,0,True,0.7439407229539722,0.6504863266633624,5559
blur,2,4,4,True,0.7354765327684816,0.6477117686624552,6429
blur,2,2,2,True,0.6896073112339117,0.6112955154055065,1674
blur,2,4,0,False,0.4966604356020165,0.41782850965359564,7624
blur,2,9,9,True,0.5818236539757717,0.5198618401007914,746
blur,2,2,2,True,0.7964104015728464,0.6812587101706604,5059
blur,2,6,6,True,0.7538046005590867,0.6271822412587319,9485
blur,2,3,3,True,0.5454655880493899,0.4976848960085785,2287
blur,2,6,2,False,0.4150302878647288,0.3810680408726498,6723
blur,2,0,0,True,0.7257577753154818,0.6125628598989848,1299
blur,2,2,2,True,0.6550542306910894,0.560920146544595,9978
blur,2,9,9,True,0.6479659856507756,0.5541708394423307,7013
blur,2,7,7,True,0.674942226500188,0.5558291997457144,823
blur,2,9,9,True,0.6554779732817436,0.5874048720424144,2457
blur,2,6,5,False,0.3572947484015236,0.33469890430686583,7245
blur,2,1,1,True,0.8660507373085164,0.7444909354128324,3622
blur,2,4,4,True,0.7596900795506154,0.6601740563860793,6634
blur,2,8,8,True,0.8928808254298777,0.7762426610398592,6854
blur,2,6,5,False,0.4073305139051066,0.3661187739914894,6359
blur,2,5,5,True,0.7763412576067065,0.6479394849769623,4818
blur,2,8,8,True,0.6595435845545827,0.5853809388558634,4392
blur,2,1,1,True,0.7165577294043437,0.6005639247727241,3713
blur,2,9,9,True,0.7234655863089386,0.6435732526315558,8939
blur,2,1,1,True,0.7796073956287799,0.6563686828784266,9090
blur,2,9,3,False,0.5875452803141893,0.48841131329375487,1357
blur,2,8,8,True,0.7581061993385689,0.6588294982418279,5212
blur,2,4,8,False,0.5728589922964218,0.5009200389676146,3611
blur,2,4,4,True,0.7057713861983819,0.6169806111216893,6219
blur,2,0,7,False,0.6394552030542325,0.5406822079461281,4184
blur,2,3,3,True,0.6764805492244048,0.5940648212253031,3024
blur,2,2,2,True,0.8165842951222972,0.7150364844597611,5298
blur,2,7,0,False,0.5419149601908667,0.49894198227138903,7214
blur,2,1,1,True,0.7563118003568539,0.661565684740064,6056
blur,2,8,8,True,0.7174755892275729,0.6128664077536446,9267
blur,2,3,5,False,0.489602128384812,0.40422056500947195,3323
blur,2,8,1,False,0.5551249734115326,0.4562510091896448,3731
blur,2,3,6,False,0.26824874163355683,0.24947099300725942,2312
blur,2,7,7,True,0.6296071600233719,0.5660300634302466,7831
blur,2,6,2,False,0.5482670714597564,0.46322260184986974,3114
blur,2,9,6,False,0.5048227265023053,0.4492045894883223,9838
blur,2,5,7,False,0.36736190105987127,0.3237732422902528,3128
blur,2,3,4,False,0.24322376294911174,0.2361055492179873,7928
blur,2,6,8,False,0.6500926666795821,0.5849003049129824,6421
blur,2,0,9,False,0.46129179506237056,0.3617737729370107,1056
blur,2,9,9,True,0.7216347538001615,0.6490322346934013,4330
blur,2,6,6,True,0.7429208865998509,0.651526692872311,9154
blur,2,0,0,True,0.8242576162552484,0.7049918542041499,5174
blur,2,1,1,True,0.7048538505173811,0.6040565161922051,539
blur,2,0,3,False,0.433785057580555,0.3843522470269815,4013
blur,2,6,6,True,0.7270039783531853,0.6228784058155563,3522
blur,2,6,6,True,0.833658769961445,0.7048698817728664,9043
blur,2,1,6,False,0.36891213933541245,0.3144193653731735,5799
blur,2,5,0,False,0.49780065830526893,0.41732732055308497,3652
blur,2,4,4,True,0.6421858796336695,0.5877893666198166,7373
blur,2,4,4,True,0.7272947609960732,0.6343186431520712,8077
blur,2,6,6,True,0.6665461540829729,0.6266210928095272,7189
blur,2,8,8,True,0.8423590672842372,0.7384267345987685,9747
blur,2,9,9,True,0.6603029966592017,0.5880357122424803,6747
blur,2,1,1,True,0.6747981304425447,0.5673463055370104,1372
blur,2,9,2,False,0.3980089572982112,0.34894343497810115,2913
blur,2,5,5,True,0.8248633561607011,0.717587678881613,7158
blur,2,1,1,True,0.7884836298527281,0.6724661125925095,5142
blur,2,9,7,False,0.4569033790883234,0.39407185169415193,1431
blur,2,3,3,True,0.7235827120050272,0.6384482618518569,9483
blur,2,4,4,True,0.7247099889229064,0.6397986865496483,5671
blur,2,9,9,True,0.8909406293806879,0.7455606294625403,5592
blur,2,5,5,True,0.8652214971099497,0.7561130905723221,8838
blur,2,1,1,True,0.7871361889151435,0.6951260642267844,4819
blur,2,0,0,True,0.8185285230138922,0.6989437077589726,215
blur,2,8,8,True,0.7986826123474399,0.6800419444811596,3237
blur,2,3,4,False,0.5929555520597243,0.5278416020520517,429
blur,2,0,5,False,0.46103918564708013,0.35542156070430125,1022
blur,2,0,0,True,0.849741943121177,0.7373223410631423,1996
blur,2,9,3,False,0.34667433703345985,0.3423617445706869,9402
blur,2,5,5,True,0.7249128271545896,0.5792487168041569,1162
blur,2,5,5,True,0.8507006240184654,0.7545530277491387,1869
blur,2,5,5,True,0.7595441526342979,0.671500978694519,4156
blur,2,4,4,True,0.7904463710632516,0.6581173988195972,648
blur,2,9,9,True,0.7599625156617617,0.6713779154649606,8196
blur,2,6,4,False,0.6772017468022276,0.6106498827038455,7975
blur,2,6,6,True,0.779013533352117,0.653629159365401,4389
blur,2,8,8,True,0.8339739261546496,0.709733350457451,7681
blur,2,0,0,True,0.8443965217636107,0.7332591857118893,2507
blur,2,3,5,False,0.44878839728516007,0.41602354062236147,7507
blur,2,8,8,True,0.7584408868758742,0.648852385803594,5180
blur,2,0,9,False,0.6145631994269976,0.536536904852163,4607
blur,2,3,3,True,0.7194752478389713,0.6132560851077197,821
blur,2,1,9,False,0.40103908947803596,0.35637437862719873,4964
blur,2,7,7,True,0.6573081445761536,0.594645487179284,912
blur,2,8,8,True,0.6628336768944595,0.5805265621076788,3076
blur,2,2,2,True,0.6933456797054562,0.5971946438578294,122
blur,2,6,6,True,0.6703017352815058,0.5841013410539093,9857
blur,2,7,7,True,0.8123284866577628,0.6894667024829398,9018
blur,2,9,9,True,0.7078540733087694,0.5967881208965369,6270
blur,2,9,6,False,0.4954594307067459,0.4602088766874181,133
blur,2,4,4,True,0.6395765321141624,0.5913942444769192,8358
blur,2,0,0,True,0.7017341777929237,0.5756438235177492,5824
blur,2,7,2,False,0.5641935203091278,0.5062070821534,3101
blur,2,5,1,False,0.5097340120041475,0.465452579633339,6065
blur,2,4,6,False,0.4647026326083892,0.3857635350781509,3026
blur,2,5,5,True,0.686934616647096,0.5894593212611935,2136
blur,2,6,6,True,0.8094734806726888,0.691511533404008,2746
blur,2,2,3,False,0.7116116461730497,0.6578888344553986,4302
blur,2,3,0,False,0.5409946402671951,0.5078944485547685,8904
blur,2,3,8,False,0.5610582488811635,0.4734759752896011,3806
blur,2,4,8,False,0.4993526830663206,0.4102648183854917,9022
blur,2,6,9,False,0.6701651295832473,0.6000998993810789,9829
blur,2,0,6,False,0.3334006516625792,0.30926950431580597,9054
blur,2,2,2,True,0.5988657671560683,0.5489157721065107,9680
blur,2,7,7,True,0.6942214070387095,0.5839067045459718,7029
blur,2,0,5,False,0.5460142184856969,0.4935829061224882,2787
blur,2,7,4,False,0.22253843984880534,0.18952248944538422,2309
blur,2,7,7,True,0.7520744953662839,0.6667265910014752,3628
blur,2,3,3,True,0.5538714198211285,0.4850483201745012,3396
blur,2,6,5,False,0.5544158188509989,0.5242658060827265,9288
blur,2,4,4,True,0.840100831186247,0.7380335804183111,5043
blur,2,2,0,False,0.29917781451329956,0.263021256068255,9082
blur,2,1,1,True,0.7482862349401059,0.6538019678463098,6364
blur,2,9,9,True,0.7702448304255434,0.6676977367238836,8566
blur,2,8,1,False,0.5538945135935388,0.4627216098078012,8070
blur,2,8,1,False,0.5174646232015209,0.4933427728077723,3595
blur,2,1,1,True,0.7147060283750124,0.654474518570839,2680
blur,2,9,9,True,0.7605216090786304,0.6579172984360279,7487
blur,2,6,6,True,0.7291112097618471,0.6487421429365331,7776
blur,2,5,5,True,0.730019958055679,0.6765455511801663,5750
blur,2,3,5,False,0.537435740065704,0.49655830544354307,324
blur,2,2,2,True,0.7718265276812362,0.6649047203741064,323
blur,2,3,9,False,0.6176811034385401,0.5382697935287899,7323
blur,2,1,9,False,0.5816243193218067,0.475029982478724,4617
blur,2,7,7,True,0.8060793175439048,0.7156628567765502,5525
blur,2,9,9,True,0.725759815101478,0.6567527475177084,5275
blur,2,9,2,False,0.6088284415178662,0.5574982986139871,8098
blur,2,8,8,True,0.8253122157745258,0.7305361887722545,1469
blur,2,1,0,False,0.40509822154896535,0.3663804205798324,5211
blur,2,7,7,True,0.8489085002617784,0.7166159802092557,4152
blur,2,8,8,True,0.6761826843535118,0.596149472548942,3315
blur,2,5,5,True,0.6756835231399084,0.5766977548255798,9831
blur,2,5,5,True,0.7033945340103052,0.6233889424585036,9903
blur,2,3,7,False,0.4068753609357321,0.34556673293824725,1225
blur,2,8,8,True,0.6242835913558975,0.5560173732317112,5595
blur,2,7,7,True,0.7674909780848789,0.6938297996371832,4711
blur,2,6,6,True,0.7620440315568464,0.6702804599713772,5027
blur,2,0,0,True,0.7496980713787827,0.6588125354784782,6101
blur,2,9,7,False,0.628340922303186,0.5673503218942927,6345
blur,2,5,8,False,0.548188642339808,0.5163670390653151,9069
blur,2,9,1,False,0.46201791265540204,0.40556954367221704,545
blur,2,6,1,False,0.7189379543657604,0.6365177013852203,1394
blur,2,5,5,True,0.733880483440354,0.6690230625046729,9957
blur,2,7,7,True,0.61321895856504,0.5496218919082713,1103
blur,2,2,2,True,0.6557767052540746,0.5323626538425879,6245
blur,2,4,9,False,0.5780863571386605,0.49206103264653317,8259
blur,2,0,0,True,0.8146628321413935,0.7224842493291932,4847
blur,2,7,2,False,0.39004605031837364,0.33853568965798725,4158
blur,2,3,3,True,0.8117252956781191,0.7337735948535643,1346
blur,2,0,0,True,0.7202055090515418,0.6643331629666211,7926
blur,2,7,7,True,0.7300791114700033,0.6237623414278256,8385
blur,2,2,6,False,0.502194424343963,0.42121520728403394,6580
blur,2,2,2,True,0.71582313463906,0.61622601745628,1124
blur,2,1,7,False,0.6668088502523206,0.5734091776771103,6906
blur,2,6,2,False,0.5181295705628202,0.4861319007359647,9367
blur,2,3,3,True,0.6821666260290336,0.5741349437590613,2004
blur,2,5,7,False,0.3788572388132804,0.3518772570967853,2563
blur,2,3,3,True,0.8308539314156165,0.7489826005102177,8407
blur,2,7,4,False,0.345363426924043,0.3249433214844266,6334
blur,2,3,3,True,0.5913010013281359,0.5263349565498878,356
blur,2,7,0,False,0.4555808648668914,0.3989995113825928,5893
blur,2,4,4,True,0.7355438934119108,0.6771918420373565,6534
blur,2,0,0,True,0.6222362542835618,0.5389957029736002,8548
blur,2,4,2,False,0.4062172382594446,0.37925033886997833,6852
blur,2,2,2,True,0.6529271487164608,0.5668133723877908,1800
blur,2,4,9,False,0.311422709066847,0.24287524104544075,4131
blur,2,1,1,True,0.6378679264903878,0.5517948833003659,9122
blur,2,7,7,True,0.7853525093140088,0.6794239563240629,4493
blur,2,6,6,True,0.6649945739363797,0.5773774848543983,5092
blur,2,1,4,False,0.6758451329089359,0.5762621613322797,9779
blur,2,9,9,True,0.9198791431002382,0.8094126786728087,1885
blur,2,3,3,True,0.7393969039561893,0.6582291580096218,4021
blur,2,2,2,True,0.7207585295567212,0.6215283719329131,50
blur,2,0,0,True,0.7225657824069224,0.6228966046799013,8542
blur,2,2,4,False,0.3546184755304753,0.2954119389484863,4183
blur,2,0,9,False,0.5830720286390817,0.5156984710339576,4734
blur,2,4,4,True,0.6497156417706287,0.5948166834089907,1701
blur,2,6,6,True,0.6971077658611865,0.6351139436270056,2443
blur,2,3,3,True,0.6766136843765571,0.5781386492854401,7745
blur,2,8,5,False,0.5136832225577562,0.4914545745146348,5840
blur,2,9,1,False,0.4478268771144057,0.38840941752943353,2193
blur,2,3,3,True,0.7793958016956732,0.6571676374719284,5287
blur,2,6,1,False,0.6788744666259444,0.5648063704196931,1382
blur,2,4,4,True,0.8295625744531574,0.6986028328214967,646
blur,2,2,2,True,0.745077701713424,0.6549910427855239,3185
blur,2,2,2,True,0.5989559708779528,0.5189632927509068,8799
blur,2,5,5,True,0.8631171758488776,0.7360094420129207,714
blur,2,1,1,True,0.7174880848320039,0.6079169709008151,2479
blur,2,6,6,True,0.5495178604839472,0.46036783227627376,6275
blur,2,8,8,True,0.6020299030129961,0.5089280414685194,5460
blur,2,3,3,True,0.8202148336999308,0.732490482082004,4813
blur,2,5,5,True,0.6033280353660726,0.5638955603706258,2758
blur,2,9,9,True,0.8379379637828291,0.7645504746117926,2500
blur,2,7,9,False,0.2935450516607705,0.2782550324755423,6215
blur,2,4,4,True,0.7871115323998511,0.6741992818760604,904
blur,2,8,8,True,0.7094554867513931,0.6046808939997083,2534
blur,2,0,0,True,0.7718691884737837,0.6862116067464182,8486
blur,2,5,5,True,0.755325376222129,0.6520994057436554,6393
blur,2,2,2,True,0.7269175884959439,0.6411182811402454,5500
blur,2,1,1,True,0.644764901421468,0.6016589259222708,9658
blur,2,5,5,True,0.7586822700567661,0.6642165011193628,7302
blur,2,7,7,True,0.5846380721961045,0.5574993903876179,69
blur,2,7,5,False,0.5143339912031717,0.42964639618960276,1204
blur,2,7,7,True,0.7457596030437262,0.6578441107278827,77
blur,2,2,2,True,0.7671357206468868,0.6733400929610547,7244
blur,2,4,4,True,0.5206474741283871,0.4378687275827089,891
blur,2,1,9,False,0.48363729105053294,0.44212480830429685,3118
blur,2,6,4,False,0.4906075122293157,0.4626325852852756,5271
blur,2,8,3,False,0.6202527542373819,0.5862682374463966,6788
blur,2,4,6,False,0.413021165149309,0.374293787521318,6259
blur,2,3,3,True,0.933840300344056,0.7707621188521638,4050
blur,2,3,3,True,0.7089349899185816,0.6271345365506857,6024
blur,2,6,1,False,0.48234464024696116,0.439832135839792,393
blur,2,6,6,True,0.7150520103259557,0.6180904888248692,7426
blur,2,4,9,False,0.5531058930379674,0.4894423945909412,8538
blur,2,2,2,True,0.6352526811285714,0.5452962524683078,6136
blur,2,4,4,True,0.8108783701891524,0.7015727025029729,1201
blur,2,3,3,True,0.771059248908057,0.690750101278101,7140
blur,2,0,0,True,0.7712915542563615,0.6983782959219401,589
blur,2,4,7,False,0.6136894943953128,0.5112218917973308,6230
blur,2,8,8,True,0.7689337591190148,0.6583672475625363,4730
blur,2,6,6,True,0.6446074343922822,0.5311472293965686,6950
blur,2,1,1,True,0.786691486716802,0.7204542488856459,7973
blur,2,8,2,False,0.6071428258740915,0.5484869923827601,8488
blur,2,2,3,False,0.5322926567843416,0.42742869026830677,6778
blur,2,6,1,False,0.5397641180979322,0.4725088051340532,8726
blur,2,5,5,True,0.7182255834528717,0.6198225644919375,7259
blur,2,7,7,True,0.5867053479426136,0.4985807668672714,9640
blur,2,7,7,True,0.6525916362930883,0.590428437189853,2675
blur,2,2,2,True,0.7281993077749553,0.6542371484581867,7159
blur,2,7,7,True,0.6811450631650717,0.5993623358839449,9081
blur,2,5,7,False,0.4833283008602781,0.41299600690084065,6746
blur,2,3,3,True,0.8337988613156934,0.7110640715330069,5272
blur,2,1,1,True,0.6403691213756778,0.5601922881833642,7856
blur,2,5,5,True,0.7347803797664009,0.6304205956534484,496
blur,2,4,4,True,0.8566173987601242,0.743008359863764,508
blur,2,4,4,True,0.719262567582693,0.6375348043689616,4492
blur,2,6,4,False,0.49645883127705775,0.40631943732082704,5940
blur,2,7,4,False,0.6202167943722975,0.5270205895327448,3817
blur,2,1,7,False,0.49984330715341196,0.43919295186402557,5250
blur,2,2,5,False,0.4307576343542627,0.4124508871455969,1355
blur,2,9,9,True,0.6824202777277966,0.6119639070687721,4709
blur,2,5,2,False,0.42121152012196045,0.37295811159198883,3914
blur,2,4,3,False,0.41451909218311866,0.3753874024979494,2852
blur,2,9,9,True,0.7380434978785583,0.64030689584247,1572
blur,2,6,2,False,0.6067267519202361,0.5522622146091872,8926
blur,2,8,6,False,0.6303447299433325,0.5594680834797245,2436
blur,2,4,3,False,0.5173129841353427,0.48029204140270665,8643
blur,2,1,1,True,0.7991229964925374,0.6671477733705612,6636
blur,2,7,7,True,0.6673032014292782,0.5660839104130639,2690
blur,2,8,6,False,0.4497380648991895,0.4027687818970199,6611
blur,2,5,7,False,0.37695314029159993,0.34528039302123686,6188
blur,2,4,4,True,0.7140227913988351,0.6699261416891106,481
blur,2,1,1,True,0.8386203730348536,0.6916723843659339,7121
blur,2,2,2,True,0.7028124779402739,0.6117291012019564,4402
blur,2,9,9,True,0.7083882372365423,0.6155715618677663,4584
blur,2,1,9,False,0.3023677800258665,0.2767693852703946,4570
blur,2,6,6,True,0.7364419926398745,0.6756409061696635,5676
blur,2,6,6,True,0.7913566054971821,0.7051786269593742,3233
blur,2,4,1,False,0.5670248883974012,0.46489086870714375,8517
blur,2,9,9,True,0.7994436214617033,0.7252022671879853,1182
blur,2,6,3,False,0.5202498117553502,0.48732960048026436,1428
blur,2,9,9,True,0.7743227663841068,0.6784358427704681,3022
blur,2,2,2,True,0.9213480333274287,0.765790523370751,5777
blur,2,7,0,False,0.40621465859581785,0.35725008029337246,7152
blur,2,7,7,True,0.6320263542995594,0.5615969609128266,1181
blur,2,9,9,True,0.7455039222793424,0.6686093542055237,9777
blur,2,4,4,True,0.7581733469110782,0.6240383890494386,8544
blur,2,3,8,False,0.3899659627884292,0.33108897741681154,8412
blur,2,8,8,True,0.6869298604814219,0.620850709638036,9446
blur,2,7,7,True,0.6635914503157943,0.6090880341819761,7742
blur,2,2,2,True,0.6073623317502173,0.5398685306409475,3954
blur,2,3,2,False,0.4784583474180292,0.44465983957773025,2615
blur,2,7,7,True,0.6967230222961428,0.6163201943718478,9016
blur,2,5,4,False,0.40800735815175626,0.38106794959127194,3277
blur,2,9,1,False,0.44541089963339914,0.3965017101910385,5033
blur,2,6,0,False,0.5782120802892814,0.5160792391102536,7707
blur,2,9,9,True,0.7568321061746428,0.6338717183807839,5293
blur,2,3,3,True,0.6719251317357666,0.6005791072948531,9050
blur,2,7,3,False,0.6235849717596641,0.5200001690380099,6137
blur,2,1,2,False,0.3439458879811284,0.3217743261035709,1274
blur,2,7,0,False,0.5088297787610401,0.4387256512072513,8929
blur,2,4,0,False,0.4292043372448146,0.38722345273737047,2425
blur,2,5,1,False,0.3601280931981323,0.3020529448062727,6281
blur,2,8,8,True,0.8451289557749571,0.7232874486605745,1604
blur,2,1,2,False,0.4499231650777169,0.40479410870366817,977
blur,2,2,2,True,0.8414047170830916,0.7452806421856482,834
blur,2,5,9,False,0.4193111311768971,0.3932902850435419,1719
blur,2,4,0,False,0.4786358604881529,0.39883900813813195,9271
blur,2,5,5,True,0.6685389530411213,0.5532354536911915,4258
blur,2,4,4,True,0.660427277244649,0.5568570590198223,6988
blur,2,0,9,False,0.5937176917321058,0.4983478735183853,4881
blur,2,9,8,False,0.4781625686655412,0.452774761939288,812
blur,2,6,6,True,0.6951115493847685,0.6326489789166586,1171
blur,2,6,6,True,0.578159453686762,0.48650320097006183,3832
blur,2,1,4,False,0.5562763312574186,0.5220410632904761,4230
blur,2,1,8,False,0.335903250267402,0.3261277355976087,9339
blur,2,5,0,False,0.5627893904421271,0.46077892471552034,4352
blur,2,0,2,False,0.6541330868993754,0.5504084772635275,7413
blur,2,4,4,True,0.7732828305814345,0.6391052089483517,994
blur,2,8,8,True,0.6494552379787358,0.5653053193738511,1923
blur,2,8,3,False,0.4825439364747134,0.42551058848464435,7155
blur,2,5,5,True,0.8166808183551018,0.7094894925438391,3928
blur,2,2,2,True,0.8664234455021194,0.7109253808099232,6882
blur,2,0,0,True,0.8304733486864302,0.6923575677007532,7135
blur,2,1,1,True,0.598293510446867,0.52875258139634,6532
blur,2,2,2,True,0.8251525713912012,0.7288241354055237,1560
blur,2,5,7,False,0.48317050936536377,0.3852987070359597,7925
blur,2,7,7,True,0.5943240570073078,0.49455280809955643,5168
blur,2,4,6,False,0.5798575519419306,0.5283271819490328,1366
blur,2,8,8,True,0.7480173292055636,0.6263276654799663,4849
blur,2,1,5,False,0.5238468778556575,0.4599758628612309,6106
blur,2,4,4,True,0.7384946278199356,0.6163295660255023,4057
blur,2,6,6,True,0.7654608455683135,0.6822713578102662,7420
blur,2,0,0,True,0.8226068041867074,0.6738761323496323,2952
blur,2,9,2,False,0.4913506615633752,0.4265588822131109,940
blur,2,9,1,False,0.4705482262957415,0.4337721209149474,4412
blur,2,7,8,False,0.5072113573754916,0.4583302258686784,7167
blur,2,7,7,True,0.7374852416726573,0.6325802080095912,6889
blur,2,2,2,True,0.8557774989539576,0.7284372312556867,2791
blur,2,1,7,False,0.32695954432319096,0.2882576821797342,8307
blur,2,2,2,True,0.6811331675020963,0.568176170720911,1281
blur,2,1,2,False,0.47637571833076525,0.41791921231782897,8493
blur,2,5,3,False,0.526967949893652,0.46126523811540576,4423
blur,2,9,0,False,0.5457528515002198,0.4705309386464193,8975
blur,2,6,6,True,0.6874491525645636,0.6193387319692373,2883
blur,2,8,8,True,0.5433041620249227,0.4553988652442808,184
blur,2,9,9,True,0.717324875981378,0.5906383962390346,5762
blur,2,6,2,False,0.4654963268484168,0.40016549035798427,1421
blur,2,1,3,False,0.4480602443789973,0.39833116056118156,1772
blur,2,9,9,True,0.7726349900377176,0.6696051763971306,2841
blur,2,5,1,False,0.37330010023923643,0.3292818448844578,8410
blur,2,5,5,True,0.7260461856258104,0.6096119675216277,7054
blur,2,9,9,True,0.8842400255785696,0.7469532220908822,4319
blur,2,6,6,True,0.6772151344830815,0.5808659406926104,3168
blur,2,1,3,False,0.3747067204242592,0.3221567658405592,5628
blur,2,7,7,True,0.8267949777228623,0.7397374423741795,9938
blur,2,9,9,True,0.7273973856995293,0.6385660949142657,7694
blur,2,2,2,True,0.6110236675670012,0.5237188475802643,7623
blur,2,4,4,True,0.6498616060058504,0.5892826262576977,9247
blur,2,1,1,True,0.5424650329826252,0.48502084980652804,305
blur,2,7,7,True,0.7775319941210415,0.6487513229389817,4774
blur,2,1,5,False,0.4146739983249502,0.30263944221864014,9489
blur,2,4,0,False,0.5721316340329512,0.4747871972093836,3153
blur,2,6,6,True,0.7201828922751093,0.6390541508017453,7267
blur,2,8,0,False,0.524821215061289,0.478927733893738,2337
blur,2,3,5,False,0.35140902788893813,0.2804930614117034,1176
blur,2,9,5,False,0.47777751273732894,0.4342837701421406,8320
blur,2,0,0,True,0.7417782606970764,0.6579263184757211,6192
blur,2,1,7,False,0.44890992981148553,0.4244742756501523,4810
blur,2,1,5,False,0.4940472505175436,0.4539480458600883,7435
blur,2,7,7,True,0.6988065428507317,0.6360232107831703,4915
blur,2,3,5,False,0.32541370408330095,0.301368966703034,212
blur,2,0,0,True,0.7670702987300547,0.6761081917165547,1742
blur,2,7,0,False,0.565376174949646,0.48882405696197956,7343
blur,2,2,4,False,0.280645960214707,0.269954193450181,1527
blur,2,6,6,True,0.729094242362396,0.6080819715970229,1568
blur,2,5,5,True,0.8515272092145559,0.736024579257074,9477
blur,2,1,7,False,0.5548349246258875,0.4974073566984978,9884
blur,2,6,6,True,0.6972376910831273,0.6358163346459094,5919
blur,2,8,1,False,0.5201351099255599,0.44755607988697416,7247
blur,2,3,7,False,0.46182250046659556,0.4268807464433459,2838
blur,2,8,8,True,0.75756706781249,0.6549884356866666,7851
blur,2,2,2,True,0.7502899057161873,0.6724875985855704,4795
blur,2,2,5,False,0.5072334121401046,0.4301213582043538,7593
blur,2,1,3,False,0.47810281244328345,0.4359068220036531,9582
blur,2,2,2,True,0.748129713664674,0.6490035011955128,347
blur,2,2,2,True,0.6617710985730412,0.5538034100658639,5360
blur,2,6,6,True,0.5988589928180502,0.5209641916198389,2659
blur,2,1,9,False,0.43687645948937215,0.4127792149863679,791
blur,2,5,5,True,0.8039714022955675,0.6779915935582478,6296
blur,2,2,2,True,0.7586260549458953,0.630145797946467,4778
blur,2,1,1,True,0.7917408962255932,0.6959546122570629,4653
blur,2,8,3,False,0.4114870853331734,0.33120806048762963,8179
blur,2,5,5,True,0.6564934411681218,0.6042865242108563,9437
blur,2,2,8,False,0.6583758229978643,0.6053826568461408,8347
blur,2,6,6,True,0.776859173225737,0.6960959037962056,2583
blur,2,9,2,False,0.41326078442564795,0.36604702698733216,3601
blur,2,2,3,False,0.4370770379321254,0.4198087155981353,4274
blur,2,2,9,False,0.47806323653471444,0.4482627005075837,4539
blur,2,6,3,False,0.5121871338425295,0.439704686837374,3419
blur,2,4,4,True,0.8170306371985661,0.7382527621589644,7235
blur,2,6,6,True,0.7752075171718701,0.6556929195656054,9219
blur,2,1,1,True,0.7301806317364479,0.6317128783200265,4097
blur,2,9,9,True,0.8524989123648904,0.7037547962284033,7731
blur,2,0,1,False,0.41798986228604773,0.3732098582327504,9455
blur,2,2,2,True,0.6931852182105283,0.5983172655469131,6367
blur,2,6,4,False,0.5646435799493619,0.4859030441186073,6122
blur,2,5,5,True,0.7586472837126131,0.6565371080432123,4649
blur,2,3,1,False,0.6727863759049333,0.5752775145410863,9439
blur,2,9,7,False,0.5146272020238565,0.45326660456570905,9802
blur,2,3,8,False,0.45117457544567563,0.4241697709601468,4613
blur,2,6,6,True,0.6769794962649234,0.5691955154464289,2514
blur,2,4,1,False,0.3862148581651945,0.3605331776971628,6680
blur,2,4,5,False,0.5008561768332896,0.44503259458337824,1526
blur,2,7,7,True,0.7336925210839742,0.6461211715869513,3008
blur,2,3,9,False,0.32148782453085456,0.28765047359813295,9041
blur,2,3,5,False,0.4865827894951539,0.41424736893050745,241
blur,2,7,7,True,0.6616862996282822,0.58633062863235,5156
blur,2,0,0,True,0.5884856732747732,0.5255896082320276,7865
blur,2,4,4,True,0.640240205421804,0.5431947877442742,4292
blur,2,2,2,True,0.8456252495441936,0.7070111711383145,7637
blur,2,4,3,False,0.5949233313098659,0.5223909908169008,2608
blur,2,5,4,False,0.6973438458395591,0.6228366858427323,2684
blur,2,4,4,True,0.7950983678656461,0.7109354136886498,5153
blur,2,9,9,True,0.5714453661114772,0.524795025661296,68
blur,2,9,9,True,0.7278217718815899,0.641076322781771,5424
blur,2,1,1,True,0.6333798752295998,0.5481086403485889,7581
blur,2,6,8,False,0.6373254585127268,0.5566835499064803,2069
blur,2,3,8,False,0.390677504470743,0.32221234330021903,7735
blur,2,7,7,True,0.8083663406254562,0.6884584805228908,1192
blur,2,4,4,True,0.7063808151129503,0.6143587801289127,4310
blur,2,9,5,False,0.5027125951479169,0.4369729275970895,902
blur,2,9,9,True,0.6100603368817918,0.5353914722172212,3927
blur,2,0,0,True,0.6475612320882778,0.5379303024417561,9603
blur,2,1,8,False,0.452116399243872,0.3762695533228126,424
blur,2,0,5,False,0.6103011694335547,0.549267867871871,4534
blur,2,7,5,False,0.40980394397149406,0.34666645890559633,7144
blur,2,2,2,True,0.8309691008132111,0.7078000952638204,2580
blur,2,7,1,False,0.42271266187348255,0.3762064771251281,8522
blur,2,3,6,False,0.3731772843618874,0.3135769474777201,7904
blur,2,3,3,True,0.6356674704777632,0.577443948457714,9766
blur,2,6,6,True,0.8482299096463484,0.7108588206689165,2775
blur,2,7,7,True,0.7735579338218855,0.6725547235303071,2810
blur,2,5,5,True,0.8071601088558801,0.686114391927599,7181
blur,2,5,2,False,0.640296021094134,0.5623753678394413,9333
blur,2,7,2,False,0.4894914547492127,0.42111844926235037,8099
blur,2,1,1,True,0.8898846312854838,0.7709288992896394,2105
blur,2,5,5,True,0.7644303216405607,0.6891913917105936,3211
blur,2,2,2,True,0.824020937047548,0.701668867535455,9321
blur,2,1,1,True,0.7058490566353709,0.6010562904883263,3131
blur,2,3,3,True,0.6285215014192445,0.5429252583852383,4368
blur,2,1,2,False,0.5851879405069507,0.5418901370465815,8682
blur,2,3,9,False,0.6854147794777312,0.5958077089002234,5938
blur,2,0,3,False,0.5051331913830811,0.46904726486353876,1898
blur,2,7,7,True,0.8138286510709497,0.7032161249586739,6239
blur,2,3,1,False,0.4794347524826896,0.44631228007602797,3099
blur,2,6,4,False,0.4344461715263368,0.3924270769039536,3962
blur,2,7,7,True,0.8091430786839697,0.7138629457455262,7908
blur,2,8,8,True,0.7519651218477065,0.6254549906007673,784
blur,2,0,0,True,0.6976430618160624,0.5763136527353009,3019
blur,2,5,5,True,0.6088394220805391,0.5539175390090223,211
blur,2,4,8,False,0.6159312412609341,0.5596969833521002,2954
blur,2,3,1,False,0.4683722840005556,0.46154554615915083,845
blur,2,8,7,False,0.4432970849057399,0.3620834619403548,6502
blur,2,0,0,True,0.7223271074801051,0.6386940297348919,7583
blur,2,3,3,True,0.7541628842467232,0.6355620321760143,9118
blur,2,7,7,True,0.756040284574325,0.6428222193515423,8079
blur,2,3,3,True,0.7820605086412004,0.6697065089963914,6422
blur,2,0,7,False,0.6266649513178338,0.5553123094385874,9239
blur,2,1,1,True,0.723822779777735,0.6169688413492689,62
blur,2,3,3,True,0.7962127535102715,0.692453964325139,797
blur,2,2,2,True,0.703378925726446,0.6295127716174038,1855
blur,2,6,2,False,0.5889403907228681,0.5381587984485854,2297
blur,2,1,1,True,0.7377372774378997,0.6559284722111475,4870
blur,2,7,7,True,0.7621496854043942,0.6718645942246528,7573
blur,2,3,2,False,0.5766646236679964,0.5023322565310576,1512
blur,2,0,0,True,0.7118115523958828,0.6086611816775988,6516
blur,2,0,8,False,0.4871957606384063,0.43989662716262534,9336
blur,2,6,1,False,0.5757197952550523,0.4833436448396449,7418
blur,2,7,7,True,0.6639555855129914,0.5817448221349388,6420
blur,2,1,1,True,0.5599411158783036,0.4694364025209822,8724
blur,2,3,3,True,0.7214654698261943,0.6274200856184288,9324
blur,2,7,7,True,0.7459224527239581,0.6279598796855286,627
blur,2,8,9,False,0.4142793430384447,0.35912617081867937,2097
blur,2,7,7,True,0.6388551634995209,0.5445078286948699,4521
blur,2,6,6,True,0.7370820819617476,0.6255886090800162,2253
blur,2,7,3,False,0.5995842284346455,0.5228994538078939,9340
blur,2,2,7,False,0.3713792828874915,0.2821963604034465,7006
blur,2,0,4,False,0.3330141987122246,0.2620124929734344,850
blur,2,5,7,False,0.30794910121221153,0.29283098881021213,3433
blur,2,5,5,True,0.5810068578733745,0.5118054050425475,7209
blur,2,8,8,True,0.7518123456825133,0.6395731616273383,5145
blur,2,2,9,False,0.5349030326016985,0.4891456449729087,6801
blur,2,8,7,False,0.44719134163598223,0.3823290909914785,5872
blur,2,4,4,True,0.840940797697703,0.7182058117332049,5159
blur,2,4,0,False,0.38012776745760357,0.3224408968369764,4651
blur,2,9,2,False,0.5006290840676946,0.47866709687203357,9276
blur,2,5,5,True,0.7765971859908175,0.6798096427836381,7779
blur,2,0,1,False,0.47950271903060004,0.4264915286596537,4726
blur,2,2,2,True,0.7540000022905538,0.6652280216593924,5267
blur,2,5,2,False,0.5412661234164241,0.4380220150816684,600
blur,2,2,2,True,0.679519969582378,0.5807118047799141,2703
blur,2,1,3,False,0.49647283452871227,0.4461016465802567,4228
blur,2,2,3,False,0.37499099476904,0.3336601758729249,5030
blur,2,5,5,True,0.705151884023058,0.658487475426024,3063
blur,2,0,2,False,0.5456203642268603,0.46807347809157257,5596
blur,2,5,5,True,0.7016825889690056,0.6302938615618645,9929
blur,2,7,7,True,0.7669581593490896,0.6830345212549417,9641
blur,2,4,4,True,0.7647426600110948,0.6678876790327096,4484
blur,2,6,8,False,0.35069488316965197,0.31957871953302336,3001
blur,2,6,0,False,0.5293674371942887,0.4591583136296098,8738
blur,2,4,4,True,0.9204263660853396,0.7578990432570863,907
blur,2,9,2,False,0.44587347587771275,0.4009761265315875,6919
blur,2,6,8,False,0.46314832480991724,0.4172446436833836,3779
blur,2,8,8,True,0.6376493949897754,0.5687148978249673,3053
blur,2,6,4,False,0.48002223128640803,0.4242808231887849,6140
blur,2,9,9,True,0.6168569810315336,0.5587364554453164,1753
blur,2,4,2,False,0.4601792046098234,0.38883252394908563,4386
blur,2,1,1,True,0.6602889913096723,0.605613394779358,7328
blur,2,1,4,False,0.4347262407457188,0.36475900311585857,8030
blur,2,9,9,True,0.6874943896447947,0.597213447291696,8001
blur,2,7,7,True,0.7402399408762058,0.6578214248186102,3398
blur,2,3,7,False,0.49084731211433746,0.42192115340155056,3639
blur,2,4,2,False,0.6270761094357598,0.562994795111891,7464
blur,2,0,9,False,0.31999237543432,0.28013781030778534,9561
blur,2,9,7,False,0.5225178458466584,0.4615028295041338,2979
blur,2,4,9,False,0.4083620061671845,0.3584851341425753,1933
blur,2,3,3,True,0.6532397288480128,0.558717451014903,4180
blur,2,2,2,True,0.6646382522026817,0.6249640172339476,7800
blur,2,0,0,True,0.7827638369959967,0.6635543094080951,428
blur,2,7,7,True,0.8429913580173135,0.6858204116038193,4210
blur,2,2,1,False,0.5188784235525363,0.4399739348388872,1448
blur,2,0,0,True,0.6311837075317667,0.5541320691735451,6325
blur,2,9,9,True,0.7046617494012108,0.6064254249734227,9179
blur,2,5,5,True,0.6489341593893875,0.5869655486515466,7821
blur,2,0,7,False,0.5251934821950528,0.48105813586929624,4168
blur,2,2,2,True,0.6436132178711701,0.5557034128537478,205
blur,2,5,5,True,0.8078323768802622,0.6680129620919353,6601
blur,2,2,9,False,0.5817988715873913,0.48386606016419487,2241
blur,2,9,9,True,0.810327995328751,0.7031347484159371,6500
blur,2,8,9,False,0.438504507579332,0.35643863981392016,8152
blur,2,8,8,True,0.5893479431624973,0.5085899880124714,3443
blur,2,5,1,False,0.3561730737829335,0.34617316845088736,8976
blur,2,9,9,True,0.6724383215163833,0.5934292361186411,9573
blur,2,3,3,True,0.6126893798488079,0.5366993314841182,1319
blur,2,5,5,True,0.7137841274757962,0.6009010559703752,3245
blur,2,7,0,False,0.4107522702294229,0.36777418288076386,9487
blur,2,5,1,False,0.4565966183191577,0.3979366429077582,1614
blur,2,8,8,True,0.7674411317194249,0.672097696534506,346
blur,2,1,7,False,0.5333723367758866,0.4829084428145364,8755
blur,2,4,4,True,0.7524121074743456,0.6725127645209481,4095
blur,2,8,9,False,0.5718545729026335,0.5036541991963449,8978
blur,2,1,6,False,0.30116753924521755,0.2812308669378723,5870
blur,2,3,3,True,0.7265135797980297,0.6222969296436623,6907
blur,2,9,9,True,0.7942249191574632,0.7127425664411431,2406
blur,2,6,1,False,0.43094870432482674,0.36356392329929116,4426
blur,2,3,4,False,0.45127871493162103,0.3944375407083805,2692
blur,2,3,1,False,0.42009685356764764,0.39681467981250573,1109
blur,2,2,2,True,0.7650583278676955,0.6556663302147258,8543
blur,2,7,6,False,0.5771168269357352,0.4787335895458454,9381
blur,2,1,1,True,0.6868659635204394,0.5906210640182805,9327
blur,2,2,3,False,0.5139307201559553,0.47967579770681323,7220
blur,2,1,3,False,0.3939956408982991,0.30448156955001415,2316
blur,2,7,9,False,0.4864077439312716,0.4304944459222784,5237
blur,2,9,3,False,0.4445730833924769,0.3802070503356041,5847
blur,2,0,6,False,0.568939286459789,0.4952457114579759,6394
blur,2,9,9,True,0.8402297715960878,0.7222244255222401,7692
blur,2,9,2,False,0.3222205051888056,0.30809709444487254,4232
blur,2,5,5,True,0.8030024445828872,0.6986282389714545,9565
blur,2,0,0,True,0.7634936030705913,0.6841802579630436,9186
blur,2,6,6,True,0.9041068313645908,0.8091734360868086,1333
blur,2,5,5,True,0.7731871458205669,0.6728070140593093,5736
blur,2,8,8,True,0.6142979148708452,0.5299632707942281,7414
blur,2,2,2,True,0.8143493284599961,0.714740607164429,2285
blur,2,5,5,True,0.8658065467971784,0.7623393038352866,9494
blur,2,8,8,True,0.5882230184472983,0.4919237504723804,7148
blur,2,6,6,True,0.781130312622592,0.6836820418980873,7231
blur,2,6,4,False,0.5142339981432199,0.4470277059132967,1754
blur,2,9,2,False,0.49680000941318325,0.4288730387203998,8085
blur,2,4,7,False,0.43501635432997354,0.3709450016273909,7968
blur,2,1,7,False,0.6197471406071233,0.5292706664040583,4614
blur,2,9,7,False,0.45655572308990494,0.4281851816506347,4655
blur,2,1,1,True,0.8523820690450851,0.732244908096914,9564
blur,2,5,5,True,0.722912696558544,0.6523509622461486,7799
blur,2,7,7,True,0.6970151066613337,0.6100833722928705,1564
blur,2,7,7,True,0.6830790024828419,0.5729628596591189,5921
blur,2,7,0,False,0.5757210969475208,0.5081782937321043,94
blur,2,4,4,True,0.7345494553998505,0.6156086458976763,8552
blur,2,1,5,False,0.523069695099272,0.47175215349025423,8122
blur,2,0,0,True,0.7511216499484497,0.6492979354173359,1262
blur,2,3,7,False,0.5415868098380665,0.49245242518428783,6771
blur,2,9,9,True,0.5226192173035862,0.48789725170803916,1495
blur,2,6,1,False,0.5199353509147489,0.4222381456221499,6333
blur,2,4,8,False,0.41998374803691124,0.3627632744143592,2320
blur,2,4,4,True,0.7459791300941778,0.6248930605532581,4166
blur,2,3,3,True,0.6946025821926725,0.6485774192098964,938
blur,2,8,7,False,0.4992011992235212,0.430514771458199,1657
blur,2,4,4,True,0.7955426117921374,0.664908974951056,738
blur,2,8,8,True,0.6794550670720229,0.6373435796208877,1610
blur,2,0,2,False,0.3863239201497311,0.3288538753276797,8963
blur,2,4,8,False,0.663767941792936,0.5467655372268185,6409
blur,2,6,6,True,0.7434530083157712,0.6237670723098455,1067
blur,2,6,6,True,0.7320605960030698,0.6401153303207874,8896
blur,2,0,0,True,0.8102147990216337,0.7045975277430071,5846
blur,2,6,9,False,0.5055987279005172,0.4280388667601279,7317
blur,2,8,8,True,0.6652151881521196,0.5707319548022656,1470
blur,2,0,0,True,0.6184404541552045,0.5417360065442745,8582
blur,2,3,3,True,0.6846612435059207,0.6234403113533963,7237
blur,2,4,0,False,0.6527847631462784,0.5765326274837665,4039
blur,2,2,2,True,0.5861725245380631,0.5019833287921528,8249
blur,2,4,2,False,0.6030535575983051,0.5230270221526117,7200
blur,2,8,8,True,0.7788632282373498,0.6924279426224917,858
blur,2,8,7,False,0.5036690543827624,0.47672003396303875,869
blur,2,6,6,True,0.7360164423244377,0.6185218037590157,7117
blur,2,8,2,False,0.21451911077749192,0.21962343499622777,8961
blur,2,8,1,False,0.5614789409254375,0.48600153303827526,48
blur,2,0,0,True,0.7322948428613512,0.60496607981133,7388
blur,2,3,3,True,0.7169015995802167,0.58792166535397,8418
blur,2,8,7,False,0.34060469669464155,0.3311974847164094,8442
blur,2,4,4,True,0.7052699638093378,0.6435466160720562,5703
blur,2,6,7,False,0.3043608264198323,0.26232505211084767,5508
blur,2,4,6,False,0.5218649795379822,0.45434233962766285,287
blur,2,0,0,True,0.8079569291158731,0.6661162106592373,7645
blur,2,5,5,True,0.631867332313667,0.5673280513809525,3018
blur,2,3,3,True,0.742635760022193,0.6456727863487915,1044
blur,2,7,6,False,0.453498039542533,0.36942778863978076,7270
blur,2,8,8,True,0.8181148022872238,0.7144923970991692,5853
blur,2,1,9,False,0.4091531404146352,0.33499145423119236,5874
blur,2,3,3,True,0.7499793732452895,0.6636324008599438,6897
blur,2,3,9,False,0.483554576417197,0.4043652644935981,5763
blur,2,6,6,True,0.6578920383186894,0.580949615938843,8392
blur,2,3,3,True,0.7096934901633307,0.605178817163089,5261
blur,2,5,5,True,0.775990051546437,0.6272775599587764,7161
blur,2,9,9,True,0.7611771958251897,0.6819238425701107,4963
blur,2,5,5,True,0.7930977994642837,0.7101518173268434,5154
blur,2,0,3,False,0.40054796235522033,0.3450301006670089,4043
blur,2,4,4,True,0.7173234261697392,0.6302134131523239,1491
blur,2,8,8,True,0.7453481188265731,0.6573094600321893,2186
blur,2,4,3,False,0.5439677268748566,0.48678235688629296,7911
blur,2,9,8,False,0.5145699115390182,0.4868963947988578,4092
blur,2,9,9,True,0.6968920871843418,0.6156942369090951,2252
blur,2,2,2,True,0.7821354021609658,0.6726619492870408,6734
blur,2,4,4,True,0.6968378208858712,0.6158704710257851,7635
blur,2,1,1,True,0.6949803708749915,0.5971343550962681,7932
blur,2,1,1,True,0.711039846802863,0.5980727898040895,1621
blur,2,3,3,True,0.6303905063922051,0.5752267372385679,5580
blur,2,4,2,False,0.5717745011891942,0.5116915357663172,7132
blur,2,3,0,False,0.5336961719175063,0.4314093554607907,7917
blur,2,7,7,True,0.7736562045600297,0.6589344645043251,5134
blur,2,1,1,True,0.6567316113427761,0.5883746893531345,9593
blur,2,4,0,False,0.4967791129038782,0.4059857542568036,1152
blur,2,8,8,True,0.7959147197591181,0.676468847945192,6474
blur,2,7,1,False,0.3961258154537103,0.40493713549831434,4666
blur,2,2,7,False,0.4976027176942396,0.43134063231600206,4266
blur,2,2,7,False,0.3362456629455649,0.32246268926537736,6938
blur,2,9,4,False,0.4489017127270282,0.426575795783096,8446
blur,2,5,5,True,0.7726728946904328,0.6536020118980659,1380
blur,2,8,6,False,0.5971145002768065,0.5278746309912244,6040
blur,2,8,0,False,0.3255986252732743,0.3329352399177096,6669
blur,2,4,4,True,0.7745628202994393,0.682568891984015,9655
blur,2,5,6,False,0.47317638865813233,0.46451030417123806,2452
blur,2,3,3,True,0.7063848808518317,0.6026893163878452,2556
blur,2,6,6,True,0.8918714946030856,0.8090327119630735,1302
blur,2,6,6,True,0.7016119593265624,0.6117036451937149,4359
blur,2,6,1,False,0.6192208950532061,0.5347881594550654,3985
blur,2,8,8,True,0.7109295559094873,0.6320909363541201,7592
blur,2,7,7,True,0.8165009607696767,0.70679664739913,7740
blur,2,1,3,False,0.47894278005687757,0.4204099876809546,8985
blur,2,3,3,True,0.7281865784531785,0.6436624440677555,8502
blur,2,5,5,True,0.6974591053673463,0.5716855586961153,9214
blur,2,6,6,True,0.6955513556063888,0.5902455285569811,8987
blur,2,8,8,True,0.5918191855007137,0.532499168885473,2631
blur,2,4,2,False,0.5668525088460578,0.5166552409506668,2616
blur,2,8,8,True,0.7364317004607742,0.648111499559658,3141
blur,2,3,1,False,0.4135532317787515,0.37203765801565236,5450
blur,2,1,0,False,0.4140925092544651,0.37502547532232866,6565
blur,2,4,8,False,0.6756464044110532,0.6084554121330912,1725
blur,2,1,1,True,0.756609840617097,0.6295938044473423,4187
blur,2,4,4,True,0.7615716192009743,0.6521463965198915,2831
blur,2,2,1,False,0.5204576048225258,0.45590038244857195,1683
blur,2,0,0,True,0.7617418468344779,0.6663963637233385,4966
blur,2,6,6,True,0.7157133991405739,0.5811636142425075,955
blur,2,7,7,True,0.7991590322636897,0.6691373060380442,8981
blur,2,1,1,True,0.6520143218487455,0.5688789640496217,7376
blur,2,5,6,False,0.3890372005959201,0.36594443487453554,7716
blur,2,5,4,False,0.6354410361713365,0.5467440818210424,4405
blur,2,1,4,False,0.45921395313992225,0.3919940582877635,7262
blur,2,6,7,False,0.5500446458410276,0.4931113179022622,4620
blur,2,2,0,False,0.541971109163812,0.4691140233505761,7741
blur,2,8,3,False,0.6421900780631926,0.5784795357247834,8762
blur,2,6,0,False,0.43620296511857765,0.3813460052782938,3478
blur,2,1,3,False,0.4906082267278758,0.4097126755309221,7730
blur,2,5,9,False,0.33986055064760023,0.33229339354491916,5121
blur,2,1,1,True,0.6343114962707797,0.5789099904859014,7553
blur,2,7,7,True,0.8610179643993492,0.7277556801873878,4540
blur,2,2,2,True,0.7145418893920401,0.6302746779560673,1907
blur,2,4,0,False,0.7112669539607887,0.6130435233155405,9739
blur,2,6,8,False,0.5319709915370949,0.47955662534154,9359
blur,2,8,7,False,0.4259587596648677,0.3595511766799447,8199
blur,2,5,2,False,0.5255764748006171,0.479176847629561,5439
blur,2,0,8,False,0.3336605197337604,0.32251047148904094,1032
blur,2,2,2,True,0.6563753884267608,0.5539722253878996,2901
blur,2,6,6,True,0.6876425364037685,0.6008501588775628,7956
blur,2,0,1,False,0.4816110889157624,0.4486887256727424,4693
blur,2,3,3,True,0.688752953233137,0.5804127582850314,970
blur,2,3,1,False,0.6005109650269658,0.5120577880465589,4157
blur,2,3,1,False,0.47009315117815076,0.42781393862867834,2207
blur,2,9,9,True,0.8681682164982434,0.7497292014223186,5515
blur,2,9,3,False,0.6359317715687993,0.5240365104300414,867
blur,3,6,5,False,0.35535128780286873,0.3425430705927082,5256
blur,3,2,2,True,0.7975899419366572,0.6902191584826077,5236
blur,3,9,5,False,0.3385689804194629,0.31437707119993086,1180
blur,3,4,4,True,0.6424292715963816,0.5655529610350345,4903
blur,3,5,2,False,0.34281230078102387,0.29220175798783843,9677
blur,3,2,3,False,0.2298023607881311,0.20801950201718225,9901
blur,3,4,7,False,0.5155956871624108,0.48921274341086074,1130
blur,3,6,6,True,0.6539196506086724,0.583754934822824,3455
blur,3,9,9,True,0.6385496391442606,0.5989545450233861,1859
blur,3,8,8,True,0.6982194640880107,0.5868365729296363,2854
blur,3,1,1,True,0.6755233197039524,0.5815636707666155,2349
blur,3,0,0,True,0.6242302015577272,0.5539008412422952,9953
blur,3,9,9,True,0.6790431618102182,0.607033844728045,1756
blur,3,8,4,False,0.36504569644315477,0.3229531602622339,5947
blur,3,1,1,True,0.6098673072581937,0.5493972282384408,7664
blur,3,8,8,True,0.6696018230582012,0.6000207109010998,9459
blur,3,7,2,False,0.5745203972532367,0.4755838795570472,239
blur,3,9,9,True,0.6113601101826647,0.5497249251550623,3805
blur,3,1,0,False,0.3196650344806669,0.3081805668694084,870
blur,3,8,5,False,0.44678939005795265,0.4006940828154503,1188
blur,3,3,6,False,0.40350022339750763,0.3211759637606592,405
blur,3,5,0,False,0.22012660387864996,0.19657088748151716,2227
blur,3,2,9,False,0.23548431899507558,0.22392047583201768,3284
blur,3,0,4,False,0.4133510382477025,0.34903428991187224,9329
blur,3,6,1,False,0.42177989327696386,0.3918790663075084,3838
blur,3,0,8,False,0.39052502597660904,0.3615380767830571,3147
blur,3,4,7,False,0.5084181786243568,0.4498451853683752,1399
blur,3,1,1,True,0.7134053922642936,0.6217433861241465,8258
blur,3,9,9,True,0.6724762245424994,0.5904625183479916,5936
blur,3,4,5,False,0.33743077042779773,0.30173496480941747,4436
blur,3,1,5,False,0.3590223937533761,0.29445928507567676,2771
blur,3,9,1,False,0.4141846755147267,0.3584548359059529,4121
blur,3,6,6,True,0.6971740066976587,0.6090474170435949,9464
blur,3,1,1,True,0.7519839492682057,0.6825584134670334,5934
blur,3,3,8,False,0.1630694619732868,0.167449921627457,4699
blur,3,5,3,False,0.432315915874904,0.41191488791806385,1323
blur,3,7,7,True,0.7180909752949338,0.5972782271045644,6308
blur,3,9,6,False,0.21946453386279755,0.19442130851296643,1660
blur,3,8,5,False,0.4824941300679053,0.4665971730090308,9318
blur,3,0,5,False,0.5745181035148552,0.4884810240229292,615
blur,3,4,2,False,0.41055414612304103,0.34871247010626827,3831
blur,3,0,0,True,0.7612040948737239,0.6565883872843049,2837
blur,3,3,3,True,0.6499150623700813,0.6077900378865294,1217
blur,3,2,2,True,0.7144412705291829,0.6088445962459045,5836
blur,3,2,2,True,0.6979502890072568,0.6194074352443156,8936
blur,3,2,2,True,0.6560279803040472,0.5804644642639539,2764
blur,3,4,3,False,0.6036799179593358,0.4895581538146188,8019
blur,3,4,1,False,0.37623801893044695,0.33448877012678063,1666
blur,3,9,9,True,0.7979673234652334,0.6822137210844985,520
blur,3,4,6,False,0.5558557520061709,0.5010368294711663,1267
blur,3,0,3,False,0.46989103925272524,0.4491887881386962,707
blur,3,5,4,False,0.5074663707459608,0.4394554483901668,6277
blur,3,3,4,False,0.3552923641568875,0.3101066958001497,3535
blur,3,1,1,True,0.7020309985238984,0.6620829134769598,6744
blur,3,6,6,True,0.8134104769979877,0.6921680751854133,8167
blur,3,6,1,False,0.41947601792934786,0.3446945822332572,8391
blur,3,3,3,True,0.5972752881831788,0.5502354331494996,894
blur,3,2,8,False,0.6543553943462691,0.5701894144119235,4063
blur,3,4,4,True,0.5642649397316328,0.500291587552119,8194
blur,3,4,4,True,0.6703645459956481,0.6294399859841249,4944
blur,3,9,3,False,0.41984445743813803,0.34380820767907644,5166
blur,3,0,7,False,0.45681709875598375,0.39938528459220574,5466
blur,3,1,1,True,0.6614474699671409,0.5525049726142153,2920
blur,3,7,8,False,0.30972408165657667,0.2849691385647091,4179
blur,3,9,1,False,0.48605160763590693,0.4170837932594893,1025
blur,3,6,9,False,0.3238612589743864,0.26682331836994033,4669
blur,3,3,5,False,0.4775443718777079,0.43555826520241014,4294
blur,3,2,6,False,0.3154122872250027,0.28330702646890366,3219
blur,3,8,3,False,0.36660986897476827,0.30158575245843544,4000
blur,3,6,5,False,0.5156150080724178,0.42946549692340685,7839
blur,3,4,9,False,0.4689174114315674,0.41773596368354715,1993
blur,3,4,1,False,0.42314211602963625,0.341255321994965,2872
blur,3,1,2,False,0.4170096149839031,0.37400785810375653,8923
blur,3,8,8,True,0.713308532852295,0.6481033899385366,9051
blur,3,0,0,True,0.5752378365905356,0.5172933670003605,9815
blur,3,9,0,False,0.2683302738905188,0.23061423084748897,1779
blur,3,1,5,False,0.47691729932328275,0.42586650985654195,3752
blur,3,1,1,True,0.7413798602756136,0.620141357450469,1303
blur,3,0,3,False,0.4804232928860325,0.42608547603383795,4078
blur,3,4,4,True,0.6860573651078459,0.5916117698549794,4067
blur,3,0,0,True,0.7184185861145242,0.6048687700100066,7337
blur,3,2,1,False,0.5077174270893194,0.4590341470784779,1516
blur,3,7,2,False,0.4681394387453388,0.37336904431437007,1273
blur,3,7,2,False,0.4960146500832827,0.4128961971083362,1798
blur,3,3,1,False,0.5233891010651204,0.43856911278161465,7477
blur,3,0,8,False,0.5786006967043655,0.49671444106902446,8121
blur,3,1,8,False,0.3085278149354055,0.3032353920577633,5621
blur,3,5,9,False,0.29110230661111003,0.2775221580128967,4922
blur,3,4,4,True,0.6535024905286686,0.5725833582067886,9701
blur,3,8,8,True,0.8122695064082666,0.7065923620732507,4715
blur,3,4,4,True,0.7130385379606129,0.6208476185146719,779
blur,3,3,3,True,0.6881610457188129,0.62737338786016,6152
blur,3,6,6,True,0.6984568690003309,0.5723745687583877,1696
blur,3,8,8,True,0.6624937703677285,0.5935508655783228,5219
blur,3,8,8,True,0.49753452802142106,0.42774046552053047,1435
blur,3,1,3,False,0.42630390625081266,0.38741812667911907,9715
blur,3,4,4,True,0.7193790679731029,0.6366277270368189,6732
blur,3,9,9,True,0.5963563879606609,0.5365678286061508,9830
blur,3,8,8,True,0.6613931407504552,0.6088571196000753,8937
blur,3,7,7,True,0.5718045502436887,0.47361315888540356,3367
blur,3,1,2,False,0.5311504518907734,0.486586778139332,9262
blur,3,3,4,False,0.46300812472346425,0.40727980861036966,3577
blur,3,8,6,False,0.3761053699984707,0.32547244529917,7156
blur,3,1,3,False,0.4581701519527877,0.44511987158062366,172
blur,3,7,1,False,0.5085673513855657,0.46132047346674515,843
blur,3,5,0,False,0.2872282108824602,0.25079988802485337,5559
blur,3,7,7,True,0.5559657030262045,0.5067170941011997,6429
blur,3,6,6,True,0.674512847945378,0.5874147512529296,1674
blur,3,0,6,False,0.2978241875165723,0.25949286237726693,7624
blur,3,1,2,False,0.296397058043847,0.2548157571409236,746
blur,3,3,8,False,0.37794129282721256,0.3423413624189365,5059
blur,3,9,9,True,0.7369535442022009,0.6291330728628851,9485
blur,3,9,2,False,0.517315098114067,0.4578264112246259,2287
blur,3,7,1,False,0.45210801739545714,0.41703213233521924,6723
blur,3,2,0,False,0.43802809896696243,0.3895341064773327,1299
blur,3,9,4,False,0.6287478428415783,0.5889656875983942,9978
blur,3,7,7,True,0.5663874152155354,0.496693427562031,7013
blur,3,2,2,True,0.7495947724487948,0.6791363282086229,823
blur,3,7,7,True,0.7910952645000985,0.7069568831748018,2457
blur,3,4,4,True,0.583517067596692,0.5414955323014514,7245
blur,3,4,8,False,0.5384881064793476,0.5121569720835475,3622
blur,3,2,2,True,0.5440421266263031,0.44220906759342576,6634
blur,3,6,6,True,0.591857314689928,0.5233820033967723,6854
blur,3,2,2,True,0.6907863468699234,0.5999310216474693,6359
blur,3,9,0,False,0.5446637164531695,0.48019282024451787,4818
blur,3,1,1,True,0.5167045179697601,0.4462508413508335,4392
blur,3,2,2,True,0.8075091813925048,0.6905136725065925,3713
blur,3,1,0,False,0.5094205369657445,0.4260157003788578,8939
blur,3,2,2,True,0.5816475561501461,0.5113480883327627,9090
blur,3,6,2,False,0.3683142074293103,0.34674738504941977,1357
blur,3,9,9,True,0.6635306246049752,0.5691271229882359,5212
blur,3,1,8,False,0.5837327624520626,0.504602697801078,3611
blur,3,2,6,False,0.4915496318639998,0.41885573253955777,6219
blur,3,1,1,True,0.6951406788074604,0.5859825651377749,4184
blur,3,8,1,False,0.3231660553398829,0.28496827228200333,3024
blur,3,5,5,True,0.5645452688310565,0.5017278082802656,5298
blur,3,3,3,True,0.6145396757078714,0.5625056470270987,7214
blur,3,7,0,False,0.381643884341192,0.31555523850096334,6056
blur,3,0,1,False,0.3975843047515386,0.352338966412631,9267
blur,3,7,7,True,0.6634662004100336,0.602509003118056,3323
blur,3,0,8,False,0.600644507709121,0.5019710726402151,3731
blur,3,5,5,True,0.6373579979860042,0.5820946272765319,2312
blur,3,0,0,True,0.6305651975270096,0.5422013409917885,7831
blur,3,2,2,True,0.569304957091974,0.5131359826448636,3114
blur,3,6,1,False,0.4867610613632487,0.42438557090701845,9838
blur,3,5,9,False,0.5865442848546031,0.5227376128671138,3128
blur,3,4,1,False,0.5203538319789487,0.4894815596958961,7928
blur,3,6,8,False,0.4407731052550137,0.3872288573108185,6421
blur,3,8,3,False,0.37109864144164245,0.3503638465299771,1056
blur,3,2,2,True,0.6259907333307072,0.5525848661458527,4330
blur,3,9,9,True,0.7028557522359926,0.5967069949781293,9154
blur,3,1,5,False,0.4432308905720749,0.38883451276016284,5174
blur,3,9,9,True,0.6609793016548644,0.5726703179298268,539
blur,3,9,9,True,0.7241270488316128,0.602271810702243,4013
blur,3,4,4,True,0.5670418503161291,0.5061663381040515,3522
blur,3,0,0,True,0.6456822352392014,0.5769893256416745,9043
blur,3,4,3,False,0.3216642627739209,0.3046624398753444,5799
blur,3,2,0,False,0.4364097431808428,0.4145440787273588,3652
blur,3,5,2,False,0.39980723563251763,0.3739146587998357,7373
blur,3,2,5,False,0.5223295960449515,0.44691962606279695,8077
blur,3,0,5,False,0.5257112112211438,0.4540505148793526,7189
blur,3,8,8,True,0.5335841533385874,0.4853216901988816,9747
blur,3,8,7,False,0.3444435939989756,0.31557121432252466,6747
blur,3,5,5,True,0.7208796584768385,0.6273911919981552,1372
blur,3,8,9,False,0.4984527345383497,0.4211904104583006,2913
blur,3,9,5,False,0.4628339679825042,0.39779452375798524,7158
blur,3,9,9,True,0.5925587383926342,0.5303311158480865,5142
blur,3,8,2,False,0.44163994324924694,0.3513770053816284,1431
blur,3,0,7,False,0.30737387102549724,0.2294684012933701,9483
blur,3,7,2,False,0.3457447219926085,0.32275056151063397,5671
blur,3,9,9,True,0.6278283354233445,0.5379844782785459,5592
blur,3,1,1,True,0.6738301376471697,0.5971263626823207,8838
blur,3,0,7,False,0.43416943425959176,0.41557746437824805,4819
blur,3,3,3,True,0.6435783524231915,0.5417802836086796,215
blur,3,8,8,True,0.6148591985150506,0.5042384551050605,3237
blur,3,8,1,False,0.5257115298951399,0.45632684741652463,429
blur,3,5,3,False,0.3169516562542556,0.27071290566124234,1022
blur,3,9,9,True,0.7264384131883208,0.6319654710694453,1996
blur,3,1,1,True,0.6699256851752402,0.5951974839522303,9402
blur,3,8,8,True,0.9233472541341258,0.8063790515122088,1162
blur,3,8,8,True,0.6434130517802535,0.5628261308283994,1869
blur,3,9,9,True,0.7050298519137778,0.6354385481532083,4156
blur,3,2,2,True,0.6451972972719092,0.5768316949113177,648
blur,3,6,4,False,0.402958236931406,0.3538865133154405,8196
blur,3,2,8,False,0.4072165454094303,0.37383903616411157,7975
blur,3,4,4,True,0.7498038700091991,0.6214210027840601,4389
blur,3,9,9,True,0.5296248151259985,0.48645606435397437,7681
blur,3,5,5,True,0.5881979209247328,0.515412033221955,2507
blur,3,7,7,True,0.6591006714568135,0.5512219807943288,7507
blur,3,4,8,False,0.5947751084585308,0.5122260742786685,5180
blur,3,0,0,True,0.5493338307630194,0.5026845640058855,4607
blur,3,1,3,False,0.37619130259453915,0.31940942139236916,821
blur,3,6,8,False,0.3894876097118732,0.354276427682016,4964
blur,3,3,7,False,0.47841449036482403,0.43922785618831695,912
blur,3,3,1,False,0.3890624718993241,0.3461918621378586,3076
blur,3,0,9,False,0.26843902748074244,0.22588131057866873,122
blur,3,8,4,False,0.35282230615658117,0.31362089751203504,9857
blur,3,0,0,True,0.7908652602131007,0.6590476213805995,9018
blur,3,5,4,False,0.4735624578408699,0.4077549777825161,6270
blur,3,3,3,True,0.7376660235994749,0.619871534846603,133
blur,3,9,9,True,0.6110989015895348,0.5334958777890986,8358
blur,3,6,8,False,0.42449256478392156,0.35043242574454253,5824
blur,3,0,7,False,0.3422576707700288,0.30758740250602173,3101
blur,3,6,6,True,0.7961416861470182,0.714377835566403,6065
blur,3,1,6,False,0.4667211783308981,0.4356262989991762,3026
blur,3,5,5,True,0.6906110406803935,0.5771105259928423,2136
blur,3,2,4,False,0.4506455570981819,0.38472677632562097,2746
blur,3,7,4,False,0.3109692860291317,0.2963791985111878,4302
blur,3,4,4,True,0.6044653705782341,0.5428764371672228,8904
blur,3,4,4,True,0.7176158550444394,0.6126694508594759,3806
blur,3,8,7,False,0.5565418340737669,0.4783311673493511,9022
blur,3,4,4,True,0.5405061954664245,0.47607556125181866,9829
blur,3,2,7,False,0.3736051978619478,0.2958985671718534,9054
blur,3,5,5,True,0.7394411489126889,0.6540315879310916,9680
blur,3,8,8,True,0.7872589675493962,0.7058315506274693,7029
blur,3,0,3,False,0.6147942057892982,0.5297928406093239,2787
blur,3,2,5,False,0.3777974946416728,0.3077434901897178,2309
blur,3,5,5,True,0.5856444418119526,0.5410500480001488,3628
blur,3,2,8,False,0.4105448969556469,0.3683517467181186,3396
blur,3,7,7,True,0.781904954748013,0.6937984039479118,9288
blur,3,0,0,True,0.6214338949182746,0.5167961584409986,5043
blur,3,2,9,False,0.26145356427629923,0.21088590037177485,9082
blur,3,5,7,False,0.4152116185302444,0.3762122999035201,6364
blur,3,8,5,False,0.4650758389274221,0.4308657612590368,8566
blur,3,3,0,False,0.33402344571573794,0.27633516391408713,8070
blur,3,2,3,False,0.46574081237553316,0.4088436460701562,3595
blur,3,9,9,True,0.5794710782939602,0.47580595951133337,2680
blur,3,5,9,False,0.4293566526598161,0.36592193830160574,7487
blur,3,2,2,True,0.6144118138462287,0.5321095631289937,7776
blur,3,8,1,False,0.3981409904550163,0.363195946673273,5750
blur,3,0,8,False,0.32218231965753724,0.24673945854384716,324
blur,3,7,3,False,0.2774862349011621,0.2772712701699044,323
blur,3,9,9,True,0.6333545481511186,0.5499403844712978,7323
blur,3,5,5,True,0.7218978965732206,0.6545009604294052,4617
blur,3,9,9,True,0.651190685894997,0.5824860303045727,5525
blur,3,6,1,False,0.37363091444949764,0.3496322837027224,5275
blur,3,5,5,True,0.6391667049483254,0.5986976247894514,8098
blur,3,1,1,True,0.7521185566163839,0.6386684812189768,1469
blur,3,1,4,False,0.35107332631075194,0.31612119548052725,5211
blur,3,6,6,True,0.5497333403047193,0.46245917573179085,4152
blur,3,6,6,True,0.6041329285398287,0.5264688037689751,3315
blur,3,6,1,False,0.23983913106205312,0.2332651543187469,9831
blur,3,2,2,True,0.5707495129335373,0.5226838117480024,9903
blur,3,0,0,True,0.7030921742941241,0.6049831556317419,1225
blur,3,0,0,True,0.6488546718345339,0.5424307438070078,5595
blur,3,1,0,False,0.3681199329644598,0.3293680633703819,4711
blur,3,2,1,False,0.4472651248944543,0.3781319968951138,5027
blur,3,9,9,True,0.5351442627310179,0.4583150151227631,6101
blur,3,7,9,False,0.3226362687857767,0.3026754824742636,6345
blur,3,1,1,True,0.573583613076073,0.5122586641593595,9069
blur,3,3,8,False,0.42495578161565556,0.39289646086991137,545
blur,3,8,8,True,0.5186299528929922,0.44909108661448494,1394
blur,3,4,1,False,0.4683253688144754,0.43325603834266363,9957
blur,3,2,5,False,0.3616836083671703,0.32271804194141523,1103
blur,3,3,2,False,0.4547049202424337,0.3958160735254689,6245
blur,3,3,3,True,0.5797935037868942,0.4858484264573143,8259
blur,3,5,0,False,0.4246859270743958,0.33418433245613277,4847
blur,3,5,5,True,0.6572584610887455,0.5423911375682091,4158
blur,3,5,9,False,0.39644566543720283,0.3562880605020888,1346
blur,3,6,5,False,0.3582612603767393,0.301371673089111,7926
blur,3,2,8,False,0.3262020768583174,0.2593664967890378,8385
blur,3,4,5,False,0.39018616790602406,0.33827073579506073,6580
blur,3,8,9,False,0.4650798922098732,0.4159135091113416,1124
blur,3,3,2,False,0.33108452841390623,0.30472323784279204,6906
blur,3,9,9,True,0.7908466708031251,0.6866422667533325,9367
blur,3,4,4,True,0.7681944548334684,0.6667480621899295,2004
blur,3,3,9,False,0.5977805811114795,0.512345303414832,2563
blur,3,7,5,False,0.4922778052461747,0.44611424987602544,8407
blur,3,3,2,False,0.4906564298338859,0.428521673790193,6334
blur,3,3,0,False,0.5120044822842912,0.44867716368773886,356
blur,3,3,2,False,0.36543056663063145,0.34637288675236133,5893
blur,3,5,5,True,0.8059079386495085,0.7158597497663707,6534
blur,3,0,0,True,0.6328273240215666,0.5492059205247655,8548
blur,3,3,2,False,0.41553347339530433,0.36166232120945213,6852
blur,3,7,7,True,0.5333383658113089,0.46164084904109615,1800
blur,3,3,3,True,0.5555426288160146,0.4467859051216738,4131
blur,3,5,9,False,0.24340611063984055,0.24383312153811268,9122
blur,3,2,2,True,0.7193424211294474,0.6127449120214064,4493
blur,3,9,9,True,0.6529841191606677,0.5871288530716013,5092
blur,3,2,8,False,0.38016486553738044,0.3389719016217131,9779
blur,3,7,5,False,0.2814044380759064,0.28202711340998576,1885
blur,3,7,6,False,0.4903603490352846,0.4423959960083823,4021
blur,3,4,2,False,0.47925326326810846,0.44060773611594806,50
blur,3,9,7,False,0.5889779079243822,0.5037896663829029,8542
blur,3,9,2,False,0.5861467836669189,0.48751658119027,4183
blur,3,0,0,True,0.7062640826470326,0.6182749903525243,4734
blur,3,5,5,True,0.7971295536168331,0.654216421050325,1701
blur,3,1,5,False,0.44613058276417855,0.3848519366576634,2443
blur,3,9,7,False,0.37726469932653983,0.3118863380837044,7745
blur,3,9,9,True,0.8260533614538679,0.7003521734159006,5840
blur,3,4,4,True,0.6027445309400463,0.5392467083106285,2193
blur,3,3,3,True,0.6829682615954241,0.6061223515805997,5287
blur,3,8,8,True,0.6781462570601432,0.588185117227005,1382
blur,3,3,3,True,0.6892718972926059,0.6072812837340323,646
blur,3,7,9,False,0.4683791558389568,0.4023084980190252,3185
blur,3,6,8,False,0.46748684426621,0.46089704266231213,8799
blur,3,2,0,False,0.4109710918167415,0.37034217758649507,714
blur,3,3,2,False,0.49564700217383906,0.42449350976756717,2479
blur,3,9,9,True,0.7221149045094706,0.6463050013517083,6275
blur,3,4,4,True,0.6741504583436025,0.6128316115459593,5460
blur,3,4,8,False,0.46816617558317297,0.39745687099808097,4813
blur,3,9,7,False,0.4815337141376129,0.39593245235594005,2758
blur,3,5,5,True,0.7394711709315352,0.6191414175959974,2500
blur,3,5,9,False,0.45098580188370835,0.38493881045898637,6215
blur,3,3,8,False,0.5160889685306482,0.4525902500217204,904
blur,3,6,6,True,0.7039562079828845,0.5807801752398476,2534
blur,3,0,9,False,0.3752995942525129,0.32563971688795484,8486
blur,3,2,2,True,0.5554668567924286,0.4829880795265576,6393
blur,3,8,2,False,0.39462145341265775,0.35692543378172187,5500
blur,3,2,0,False,0.5734891904244908,0.5147014573690525,9658
blur,3,9,9,True,0.8301264143522193,0.7286383218592476,7302
blur,3,8,8,True,0.7748100354135271,0.7094319958914133,69
blur,3,3,2,False,0.38755216262523146,0.36630180580548627,1204
blur,3,9,6,False,0.3789769014172727,0.34156960696431016,77
blur,3,7,8,False,0.3320697814996884,0.27784956148312373,7244
blur,3,8,8,True,0.838241594739294,0.7139954065631677,891
blur,3,4,3,False,0.36829136664306056,0.2994743510242466,3118
blur,3,1,6,False,0.5473664577539825,0.4833283851945066,5271
blur,3,5,5,True,0.752401485134868,0.661168505726164,6788
blur,3,8,8,True,0.7662037838522533,0.684131472365312,6259
blur,3,0,3,False,0.40198184367296663,0.36203093301976064,4050
blur,3,0,5,False,0.4571064143909523,0.4246202280693476,6024
blur,3,8,8,True,0.5856500328278953,0.5342925084752971,393
blur,3,5,9,False,0.316022393304867,0.2630571137280505,7426
blur,3,5,9,False,0.44778097404655914,0.38525256139924213,8538
blur,3,6,6,True,0.6708755819013564,0.5850234753905454,6136
blur,3,6,6,True,0.5784179512004711,0.4925337649147436,1201
blur,3,4,4,True,0.7501941940845597,0.6477985988129404,7140
blur,3,6,6,True,0.6316902238561252,0.5579618618624012,589
blur,3,4,4,True,0.6179219595441122,0.5377721391328952,6230
blur,3,2,9,False,0.5013890057092483,0.44118684115625356,4730
blur,3,7,7,True,0.5635437703130594,0.47515942768768216,6950
blur,3,3,5,False,0.44782886738412087,0.4057833793573453,7973
blur,3,8,4,False,0.3771453510968563,0.34423878227686916,8488
blur,3,3,3,True,0.6099596564004464,0.5182157007109,6778
blur,3,1,1,True,0.5528916140171252,0.45909332370350947,8726
blur,3,8,8,True,0.6747666826206425,0.6131565748731861,7259
blur,3,1,4,False,0.37125633665608415,0.36553139380463395,9640
blur,3,9,7,False,0.47719701683391513,0.4253116565750684,2675
blur,3,6,5,False,0.39074163509654164,0.3398966910534581,7159
blur,3,4,9,False,0.4621232705019408,0.4287303401810038,9081
blur,3,2,0,False,0.39577601646684424,0.36081661473108023,6746
blur,3,2,5,False,0.48112446806084275,0.41974165551745946,5272
blur,3,1,9,False,0.46149422486126257,0.42663158163439563,7856
blur,3,8,3,False,0.365927915073068,0.3098460644567735,496
blur,3,2,7,False,0.32463223502826377,0.2771212987755789,508
blur,3,0,0,True,0.5189608651658545,0.4633893705262323,4492
blur,3,1,2,False,0.33866114607185294,0.30514680241961023,5940
blur,3,6,2,False,0.4700784974797475,0.4273123033074308,3817
blur,3,4,2,False,0.42310928596551717,0.39850951149659314,5250
blur,3,3,8,False,0.3736937395586965,0.3015906966270356,1355
blur,3,9,9,True,0.7344809620839461,0.640087853350122,4709
blur,3,3,5,False,0.5567878138578736,0.5262912500079371,3914
blur,3,8,5,False,0.48255119011675635,0.4132374377934919,2852
blur,3,1,7,False,0.43292896876761794,0.368694668446291,1572
blur,3,5,5,True,0.5918973056502805,0.47329296334767296,8926
blur,3,1,1,True,0.7040919106023611,0.6155130919843271,2436
blur,3,0,0,True,0.7147371066970523,0.6341387103129427,8643
blur,3,6,6,True,0.637477220547287,0.5684267219304004,6636
blur,3,6,4,False,0.5619323369240496,0.47190146131780697,2690
blur,3,5,5,True,0.6526164000917513,0.5695496664905375,6611
blur,3,4,3,False,0.2483713845284899,0.23054659947712333,6188
blur,3,2,5,False,0.37636248839592856,0.335950268693114,481
blur,3,7,0,False,0.2876173395477566,0.23757864861464315,7121
blur,3,1,0,False,0.4159549319051446,0.370107842620986,4402
blur,3,4,6,False,0.5101832371036269,0.43236445658672074,4584
blur,3,9,9,True,0.6952221760932458,0.5685006997884395,4570
blur,3,6,6,True,0.5844899404559631,0.5254425786138139,5676
blur,3,8,7,False,0.377497966123624,0.33867398846656005,3233
blur,3,2,2,True,0.787011956173552,0.6957980679470736,8517
blur,3,0,0,True,0.7031038095757826,0.6019491456667256,1182
blur,3,8,0,False,0.6547303445208726,0.5840516324740225,1428
blur,3,5,9,False,0.3014900485024293,0.29170910459345206,3022
blur,3,7,7,True,0.5986912229048359,0.5589673176242551,5777
blur,3,8,0,False,0.44440561423007685,0.40902187569441933,7152
blur,3,3,3,True,0.6669277827490467,0.5895844082833471,1181
blur,3,1,1,True,0.598542387456789,0.49616335372872905,9777
blur,3,9,9,True,0.7840038077340623,0.679272731989178,8544
blur,3,3,3,True,0.6939032188455821,0.576364507237988,8412
blur,3,1,1,True,0.7261739978149397,0.6158703807480117,9446
blur,3,5,4,False,0.4650114115639918,0.4493608663360668,7742
blur,3,0,0,True,0.8043926764993625,0.6782731047994294,3954
blur,3,0,0,True,0.6575256787646792,0.5270449748614714,2615
blur,3,7,7,True,0.7515245414392115,0.6700591841118528,9016
blur,3,0,0,True,0.6233737754296192,0.5314063677480912,3277
blur,3,6,1,False,0.42980503060159264,0.3956944258997516,5033
blur,3,4,4,True,0.714626882417471,0.5990302494876536,7707
blur,3,1,9,False,0.3704522244621346,0.3213661161379644,5293
blur,3,9,0,False,0.5523016864090844,0.5083740630001014,9050
blur,3,1,1,True,0.6862050115465365,0.5718338551149896,6137
blur,3,6,7,False,0.4293977306427418,0.37660275140944627,1274
blur,3,1,6,False,0.4307981723797405,0.38700453417936903,8929
blur,3,5,6,False,0.629485324895345,0.5356778242067666,2425
blur,3,1,1,True,0.5903330139649681,0.5216224660273859,6281
blur,3,8,8,True,0.7473743913124891,0.6505811864996954,1604
blur,3,4,9,False,0.43250125134420975,0.39331691974110233,977
blur,3,0,7,False,0.4294428223866151,0.41687030378779166,834
blur,3,0,0,True,0.5726620396575304,0.5552669529687179,1719
blur,3,5,0,False,0.3088346461450723,0.2867760315315401,9271
blur,3,5,5,True,0.6247658624921868,0.543843099157571,4258
blur,3,3,1,False,0.4954171500638,0.4449229540128195,6988
blur,3,6,6,True,0.7867307194172898,0.6790762666068804,4881
blur,3,7,7,True,0.7735760615864191,0.6407920035239958,812
blur,3,7,8,False,0.41294422713888235,0.36507078360388406,1171
blur,3,7,0,False,0.5113924628899938,0.4713259346275228,3832
blur,3,9,1,False,0.4685089690793222,0.38393768111197174,4230
blur,3,2,7,False,0.3487037202066931,0.2917063645084088,9339
blur,3,0,4,False,0.4437776346326862,0.38057195255063875,4352
blur,3,1,1,True,0.6077812221225964,0.5390609159391098,7413
blur,3,0,0,True,0.6424352887336799,0.6086099807639638,994
blur,3,2,7,False,0.3878922092022586,0.32852205461656364,1923
blur,3,1,1,True,0.792208817103172,0.690201797821468,7155
blur,3,9,9,True,0.6695221370111476,0.584209389764601,3928
blur,3,3,3,True,0.6150465594957291,0.5317646575681888,6882
blur,3,2,4,False,0.5615299009718461,0.4913463615577283,7135
blur,3,5,5,True,0.7774452457854647,0.6665337140439785,6532
blur,3,4,9,False,0.41296177962042485,0.42087706373883965,1560
blur,3,0,7,False,0.39695998067127597,0.3674094876590603,7925
blur,3,9,9,True,0.6276408359574621,0.5393718278188715,5168
blur,3,6,6,True,0.7566211875320368,0.6817996479391122,1366
blur,3,8,9,False,0.3133715389985362,0.28649964930703997,4849
blur,3,9,7,False,0.4470521298929476,0.3961532589185316,6106
blur,3,8,0,False,0.3700250560201714,0.3258809872759251,4057
blur,3,2,2,True,0.7624767203695367,0.6581045389361045,7420
blur,3,7,5,False,0.5630395857558157,0.46918423426729633,2952
blur,3,0,8,False,0.6573721099100026,0.5402930545007727,940
blur,3,3,3,True,0.684815048747624,0.6045075875533987,4412
blur,3,7,2,False,0.26978220028672484,0.2404732249618259,7167
blur,3,6,6,True,0.5798530120805411,0.5254236952626692,6889
blur,3,7,8,False,0.21146294587933623,0.17694545973969328,2791
blur,3,7,1,False,0.2849831781436223,0.23527683051276646,8307
blur,3,0,6,False,0.461364892581897,0.4226837392818513,1281
blur,3,5,5,True,0.607640944857521,0.5255880342790763,8493
blur,3,6,6,True,0.6269689928060502,0.5650383199921851,4423
blur,3,1,5,False,0.27163724836744296,0.24656088871914755,8975
blur,3,2,8,False,0.4256259514535459,0.41433251657291026,2883
blur,3,4,2,False,0.5323240491759218,0.48259026654939097,184
blur,3,6,5,False,0.35871513124243404,0.32810281668754643,5762
blur,3,8,8,True,0.6400640825989851,0.5750529972879513,1421
blur,3,7,7,True,0.6135052516750815,0.5310215052065735,1772
blur,3,9,9,True,0.7797062099767054,0.6448919913802489,2841
blur,3,2,6,False,0.33686293821443414,0.30855205919048095,8410
blur,3,3,2,False,0.49859301330977357,0.4776358457425462,7054
blur,3,2,5,False,0.2786498048633892,0.20604348734912686,4319
blur,3,8,7,False,0.3868145929627081,0.35317530319226814,3168
blur,3,6,6,True,0.736127028843326,0.6100041830445674,5628
blur,3,5,5,True,0.771660386387427,0.6704452373426701,9938
blur,3,5,7,False,0.46406073756215077,0.41104081503889495,7694
blur,3,3,3,True,0.6517815177034798,0.5839513641538857,7623
blur,3,8,3,False,0.36311110418597015,0.32784769747588866,9247
blur,3,6,6,True,0.6833699731678461,0.6233348502902796,305
blur,3,5,5,True,0.6082354654924902,0.5553281529575974,4774
blur,3,7,4,False,0.3347796593077608,0.2956292281298685,9489
blur,3,7,7,True,0.6717777405471006,0.6078989370996379,3153
blur,3,3,4,False,0.45602617403374335,0.3963666322105673,7267
blur,3,7,7,True,0.7039563651537734,0.6036657590213569,2337
blur,3,7,1,False,0.47985492431624027,0.39878901878067285,1176
blur,3,6,6,True,0.5896722587553548,0.5424606985734944,8320
blur,3,1,4,False,0.27623069278726986,0.24379558461558443,6192
blur,3,1,9,False,0.4451166585993453,0.34491907518571724,4810
blur,3,0,0,True,0.7969734974362925,0.7032687934133879,7435
blur,3,2,2,True,0.6825606128535481,0.5864961845365806,4915
blur,3,1,1,True,0.6406508439187925,0.5535809390688555,212
blur,3,5,0,False,0.4153462824620966,0.36336400995527146,1742
blur,3,9,9,True,0.6302131055822993,0.5439500905579625,7343
blur,3,0,0,True,0.6637264713942064,0.6337228585423432,1527
blur,3,2,3,False,0.3935960199723279,0.3828107313707331,1568
blur,3,0,1,False,0.4080850265929015,0.37585571432266884,9477
blur,3,0,0,True,0.719794507988625,0.6316518289975778,9884
blur,3,0,0,True,0.589971542048753,0.539051035220813,5919
blur,3,6,7,False,0.3488503005395995,0.31639595549992683,7247
blur,3,9,9,True,0.661179290842634,0.5933197248064035,2838
blur,3,7,8,False,0.398062928192759,0.3645179269327499,7851
blur,3,6,6,True,0.8039283818566134,0.7009060237474302,4795
blur,3,1,6,False,0.3614579087709519,0.3410454710751164,7593
blur,3,8,1,False,0.2588669960013603,0.22663345650591382,9582
blur,3,5,7,False,0.5033642067788333,0.44402864185166574,347
blur,3,9,3,False,0.462562091378058,0.3885890308124916,5360
blur,3,3,7,False,0.5401661499054913,0.4568617827901053,2659
blur,3,7,3,False,0.4509643808190676,0.34773670958252817,791
blur,3,4,9,False,0.6540008908465406,0.5800321116327714,6296
blur,3,5,4,False,0.40111119914957116,0.370574917651084,4778
blur,3,1,1,True,0.748957446458171,0.673322221776642,4653
blur,3,4,8,False,0.36745426145137844,0.30528759096895347,8179
blur,3,1,5,False,0.46917765263340033,0.4225991831945588,9437
blur,3,7,1,False,0.4878022440396058,0.4296176899468275,8347
blur,3,7,8,False,0.503256278957497,0.45751946931027865,2583
blur,3,8,5,False,0.4976326576643154,0.42495935063668155,3601
blur,3,4,9,False,0.1,0.1,4274
blur,3,8,2,False,0.41313227442513983,0.33509243603919514,4539
blur,3,8,2,False,0.362489236012257,0.30877744770930116,3419
blur,3,4,4,True,0.5272751479498854,0.46324584032286475,7235
blur,3,9,9,True,0.516041735765451,0.4571179909225562,9219
blur,3,7,2,False,0.5177473999961478,0.4213676333083196,4097
blur,3,2,2,True,0.6317779561607424,0.5417822467671921,7731
blur,3,4,3,False,0.36924767374099354,0.3320668340447073,9455
blur,3,1,5,False,0.27317352196583444,0.27535836188952884,6367
blur,3,3,3,True,0.6807020838361934,0.5766965187056502,6122
blur,3,3,7,False,0.35526820022140315,0.3267792505231468,4649
blur,3,2,4,False,0.4069293553590777,0.34965865002738855,9439
blur,3,3,6,False,0.6338868884705994,0.5448883269422152,9802
blur,3,0,0,True,0.6400806662645645,0.5415171415911222,4613
blur,3,4,4,True,0.705475384471014,0.5937672780018584,2514
blur,3,2,9,False,0.44321792838256996,0.3822393799666309,6680
blur,3,2,9,False,0.25940534983128904,0.25645476994365163,1526
blur,3,7,5,False,0.2478201099426346,0.21054769574659948,3008
blur,3,8,3,False,0.37183867980616836,0.31284813311291254,9041
blur,3,1,1,True,0.7174004991364722,0.628972979815464,241
blur,3,5,5,True,0.7421817680899889,0.645958769815961,5156
blur,3,9,8,False,0.3222005667695681,0.28750559812203985,7865
blur,3,6,6,True,0.6516446422708357,0.5739776993748892,4292
blur,3,0,5,False,0.20432830839560712,0.16848750862518724,7637
blur,3,7,9,False,0.41297086000119976,0.34804718683270897,2608
blur,3,0,2,False,0.4560176307176818,0.4223399976957319,2684
blur,3,6,1,False,0.4528444240521829,0.3969991504214759,5153
blur,3,4,4,True,0.679343378652708,0.604370697764999,68
blur,3,5,5,True,0.7957926520542641,0.7159045862051164,5424
blur,3,2,6,False,0.400812959582332,0.3726058769738526,7581
blur,3,8,9,False,0.5433959238670664,0.4494907783159669,2069
blur,3,1,2,False,0.36005325643005803,0.3187152919211518,7735
blur,3,9,9,True,0.6193101610821982,0.562230266516784,1192
blur,3,0,6,False,0.5337244665898412,0.47912070790230743,4310
blur,3,3,3,True,0.5662205935822007,0.4999663294126605,902
blur,3,5,5,True,0.5768958243713979,0.47257044771540613,3927
blur,3,5,2,False,0.3222258276802992,0.2765615730890668,9603
blur,3,2,2,True,0.7379444873752748,0.643639358849914,424
blur,3,2,2,True,0.5460609008524172,0.45063378534969806,4534
blur,3,5,5,True,0.5282356217644255,0.47987299255830473,7144
blur,3,0,2,False,0.4463459406477759,0.39204193518347397,2580
blur,3,1,1,True,0.7225889706242944,0.5896075960801903,8522
blur,3,3,3,True,0.6814581370326577,0.5829071949273473,7904
blur,3,0,0,True,0.6100020905910053,0.5277752578976891,9766
blur,3,0,3,False,0.42772619421735025,0.37596979100326033,2775
blur,3,0,0,True,0.6799444258985777,0.6213451853884462,2810
blur,3,8,3,False,0.5250790818832467,0.47288642684102683,7181
blur,3,1,3,False,0.38368550091713427,0.3138235502203032,9333
blur,3,1,9,False,0.44312421604128516,0.36186541760366864,8099
blur,3,7,7,True,0.8265542048277581,0.712234744085435,2105
blur,3,4,0,False,0.4124200387946231,0.3680812385399183,3211
blur,3,4,4,True,0.593456510771722,0.5392857239388194,9321
blur,3,6,6,True,0.6394198904241926,0.5931047731488126,3131
blur,3,6,0,False,0.3303605972316922,0.33149095799633804,4368
blur,3,4,4,True,0.7406675113602729,0.6357203839628097,8682
blur,3,8,8,True,0.7196868032071055,0.6454248096890769,5938
blur,3,2,2,True,0.6158723193424389,0.547004045419545,1898
blur,3,2,2,True,0.7717261466986878,0.6491514940534293,6239
blur,3,5,5,True,0.7351750688600089,0.6021409119548076,3099
blur,3,8,8,True,0.634389313857886,0.5571130799711955,3962
blur,3,8,4,False,0.4081260076228993,0.3320037264072619,7908
blur,3,7,7,True,0.7180535266529753,0.6083163086069068,784
blur,3,0,0,True,0.7559762793317762,0.6438831816342571,3019
blur,3,7,9,False,0.6135487537635181,0.5408914673473757,211
blur,3,1,4,False,0.34960691992794646,0.3377783060267536,2954
blur,3,8,3,False,0.4986170940631452,0.43907939911980254,845
blur,3,1,0,False,0.5657868187718011,0.48514114568798017,6502
blur,3,1,1,True,0.6239359051133956,0.5039761807464413,7583
blur,3,5,5,True,0.7543501127928157,0.6653650668672145,9118
blur,3,5,3,False,0.5716799336040175,0.5014991738211654,8079
blur,3,3,9,False,0.4189675375780979,0.3601286686661879,6422
blur,3,4,4,True,0.6244165752340001,0.5690759242396936,9239
blur,3,7,1,False,0.42473394034653184,0.35220777042772106,62
blur,3,6,6,True,0.6947760201100781,0.5918619920097202,797
blur,3,7,7,True,0.7416867257623686,0.6405331610013529,1855
blur,3,2,2,True,0.7786730195425826,0.6656283980675425,2297
blur,3,5,4,False,0.45273254123084644,0.4108377484352298,4870
blur,3,1,1,True,0.5824179654849962,0.5193335472720633,7573
blur,3,2,2,True,0.613129739461336,0.5571796790538184,1512
blur,3,9,1,False,0.5295987848911996,0.4752053745650942,6516
blur,3,0,0,True,0.7598209451110769,0.6585403307137151,9336
blur,3,4,7,False,0.404790135756214,0.3522752577181011,7418
blur,3,4,4,True,0.5763997750728364,0.514045361926184,6420
blur,3,2,6,False,0.41255045636307736,0.3618617658243109,8724
blur,3,0,0,True,0.5665098250855345,0.49747789602304127,9324
blur,3,1,1,True,0.579998172589079,0.5181921124646444,627
blur,3,7,2,False,0.5995487362976826,0.5273875430139495,2097
blur,3,5,2,False,0.4911309643999671,0.43863322309216907,4521
blur,3,5,5,True,0.6461750415435098,0.5484303515410957,2253
blur,3,1,1,True,0.7794635057270605,0.7045380920924146,9340
blur,3,5,5,True,0.5849618675765185,0.4900841297443378,7006
blur,3,1,1,True,0.5688812369700046,0.5073330060601859,850
blur,3,3,7,False,0.5340606198936944,0.4592347132702847,3433
blur,3,9,8,False,0.5004499609688515,0.46202938769904456,7209
blur,3,4,8,False,0.459272573699622,0.42305650454447596,5145
blur,3,0,0,True,0.6451132739745954,0.5633052866228873,6801
blur,3,5,1,False,0.5293347000266843,0.4960289029150162,5872
blur,3,1,2,False,0.45781356321799416,0.40039354434251934,5159
blur,3,0,0,True,0.6954496027451836,0.6237660001198057,4651
blur,3,6,6,True,0.7365098345178344,0.626508742549006,9276
blur,3,6,8,False,0.46859302517258683,0.42140354754865,7779
blur,3,2,4,False,0.5500653985944727,0.46390638231955267,4726
blur,3,7,7,True,0.7229916531196041,0.6299323304190557,5267
blur,3,1,2,False,0.4667638566380769,0.41072103506756924,600
blur,3,5,3,False,0.34225649811301806,0.32348919947628463,2703
blur,3,5,1,False,0.47766801345739196,0.40760281263024156,4228
blur,3,1,9,False,0.44512871307242086,0.4548264128651109,5030
blur,3,6,6,True,0.7069269972277249,0.5882462124193231,3063
blur,3,5,5,True,0.6801906133388993,0.5978210047008712,5596
blur,3,4,7,False,0.3631290682264819,0.32941552189729556,9929
blur,3,7,8,False,0.38219990701515605,0.35063179838822833,9641
blur,3,7,7,True,0.62174958208482,0.5331792920806171,4484
blur,3,4,7,False,0.44683988596218616,0.39964931281281013,3001
blur,3,8,9,False,0.227952173140598,0.19747038246280663,8738
blur,3,0,0,True,0.7142248159075891,0.6595538988470083,907
blur,3,6,6,True,0.6698953778055438,0.5717089203840919,6919
blur,3,2,2,True,0.5648032108082721,0.4921223130991938,3779
blur,3,5,5,True,0.7025417430073566,0.5988938082075186,3053
blur,3,6,9,False,0.415460869850661,0.35213644289892765,6140
blur,3,8,8,True,0.5525029032030612,0.45660573614265326,1753
blur,3,5,6,False,0.5473522794304844,0.4936907712396059,4386
blur,3,0,0,True,0.6999219639366668,0.5964773051953098,7328
blur,3,9,1,False,0.3236076409941495,0.2741234919929626,8030
blur,3,5,5,True,0.582874330098414,0.49117979973668213,8001
blur,3,1,7,False,0.4458657741806534,0.40007358289337425,3398
blur,3,1,1,True,0.5838820997780441,0.5117332749942773,3639
blur,3,0,9,False,0.470312178650918,0.41529051725147764,7464
blur,3,2,2,True,0.5730727001172359,0.48688458544639684,9561
blur,3,2,5,False,0.37707689633416197,0.3442200175107326,2979
blur,3,9,9,True,0.6803914497689665,0.5800857577446817,1933
blur,3,8,8,True,0.6448248562173048,0.5645047521194572,4180
blur,3,0,9,False,0.3750429759785978,0.3309918643041657,7800
blur,3,3,3,True,0.6732657125655829,0.5535061600780607,428
blur,3,3,0,False,0.4784706519394222,0.4622757345429544,4210
blur,3,4,6,False,0.5463258533567794,0.49087272908392976,1448
blur,3,1,1,True,0.5877962351151809,0.5182309215618026,6325
blur,3,2,3,False,0.4320400378339714,0.38899475003318623,9179
blur,3,5,5,True,0.7820345293289379,0.7207759530517381,7821
blur,3,5,7,False,0.21407623494971456,0.2197021284401321,4168
blur,3,8,8,True,0.6268548090871289,0.5548018679959155,205
blur,3,9,6,False,0.4155278200538939,0.3540324767334036,6601
blur,3,3,0,False,0.389205800374918,0.334814104642867,2241
blur,3,8,8,True,0.7559285555215599,0.6214741446429584,6500
blur,3,8,6,False,0.4002346825869012,0.3478338321283599,8152
blur,3,3,3,True,0.6265446641081512,0.560799731901434,3443
blur,3,4,9,False,0.5072266598035238,0.4588152387984454,8976
blur,3,6,6,True,0.6110840853389997,0.5467443924520954,9573
blur,3,9,9,True,0.5615687562662278,0.4820261611861242,1319
blur,3,7,7,True,0.6803387966146924,0.604308848770135,3245
blur,3,8,9,False,0.5633569053159607,0.510337050314335,9487
blur,3,7,6,False,0.3257473995094764,0.24734621479992233,1614
blur,3,1,9,False,0.27035660662225314,0.2508915649339442,346
blur,3,2,9,False,0.4329857403086261,0.42465889452520467,8755
blur,3,8,7,False,0.27124586643289783,0.23972969593398263,4095
blur,3,4,7,False,0.4328851290554814,0.33251596687978024,8978
blur,3,1,6,False,0.38636891574610555,0.3271604013447035,5870
blur,3,2,2,True,0.6731015501285375,0.5508455317865277,6907
blur,3,4,9,False,0.5036696332018074,0.43043199085900197,2406
blur,3,5,5,True,0.5986627139700305,0.49938198725148747,4426
blur,3,1,4,False,0.4406261727841588,0.40814935581495204,2692
blur,3,2,2,True,0.650878185852094,0.5838167540730149,1109
blur,3,3,3,True,0.5450148630220495,0.48512238358831183,8543
blur,3,2,1,False,0.36693034267820357,0.3514154190090486,9381
blur,3,9,9,True,0.6553634039833425,0.5607513000325757,9327
blur,3,0,6,False,0.39508119353403487,0.35229002536883613,7220
blur,3,7,6,False,0.4361015496400093,0.4295745536439084,2316
blur,3,2,5,False,0.5718595740383442,0.5127862626505846,5237
blur,3,5,0,False,0.4454613128881885,0.40529803743330045,5847
blur,3,3,3,True,0.7540488616763836,0.6405906649073689,6394
blur,3,9,9,True,0.6812425357457067,0.5857246709331398,7692
blur,3,9,8,False,0.37715241914138525,0.3155204242911228,4232
blur,3,3,3,True,0.6439136402039121,0.5959448464390357,9565
blur,3,0,0,True,0.7390635239049264,0.6120397823572543,9186
blur,3,1,1,True,0.6041648234299217,0.5468228793540097,1333
blur,3,7,9,False,0.4386371566109958,0.39946400648960556,5736
blur,3,8,3,False,0.5800046201862155,0.47593665738105606,7414
blur,3,0,0,True,0.6669052424899866,0.6047176023680609,2285
blur,3,0,0,True,0.755530084503211,0.6520265928596999,9494
blur,3,4,2,False,0.36095032018740625,0.29539002256609614,7148
blur,3,8,8,True,0.6612130362218439,0.5843207277409316,7231
blur,3,7,7,True,0.7076286107061721,0.600034646490472,1754
blur,3,0,0,True,0.6058058049168435,0.5258362215248218,8085
blur,3,9,7,False,0.5708255774867144,0.49008673946154024,7968
blur,3,2,2,True,0.6286012274945497,0.5317286247694729,4614
blur,3,2,2,True,0.9216102492209928,0.7746006492327893,4655
blur,3,3,0,False,0.3118150498143534,0.295979483874614,9564
blur,3,7,7,True,0.8417956133670338,0.7370237937813762,7799
blur,3,3,9,False,0.4201248652556981,0.37731937666480986,1564
blur,3,6,7,False,0.33441869073313873,0.2919713430742988,5921
blur,3,2,5,False,0.4896837165452244,0.4322570895890363,94
blur,3,1,1,True,0.5957271672046047,0.5066470173613667,8552
blur,3,1,1,True,0.6448535319709827,0.5480594632419529,8122
blur,3,4,2,False,0.25791324517122644,0.26843104239186766,1262
blur,3,0,0,True,0.6582838475848907,0.5922321179804647,6771
blur,3,5,0,False,0.3689516726134187,0.3173798744308459,1495
blur,3,7,7,True,0.7364024552487785,0.6110188186893202,6333
blur,3,5,9,False,0.3169330234537421,0.25037134658984894,2320
blur,3,4,4,True,0.6289631489229377,0.5369351635694799,4166
blur,3,1,9,False,0.28197497649980774,0.2568328170846876,938
blur,3,1,1,True,0.7218798515893285,0.6309652372121045,1657
blur,3,1,1,True,0.6259751424533959,0.5500452625037419,738
blur,3,0,0,True,0.8154762722845059,0.7148392723871326,1610
blur,3,5,5,True,0.6672332313357131,0.5613810135124747,8963
blur,3,2,6,False,0.3524404796392468,0.34472943785227317,6409
blur,3,6,6,True,0.5889625107310199,0.5116704065076334,1067
blur,3,3,3,True,0.719830937573143,0.6327531515477927,8896
blur,3,3,7,False,0.31914190550030314,0.2731465424856001,5846
blur,3,4,4,True,0.7874165802504203,0.690533879180697,7317
blur,3,3,7,False,0.34261087524132067,0.3477586973101624,1470
blur,3,1,1,True,0.7831696128156538,0.6609074685246835,8582
blur,3,0,4,False,0.4950904769332394,0.41351502080183955,7237
blur,3,9,4,False,0.3199158264141059,0.26963774614992425,4039
blur,3,1,1,True,0.7363350096324812,0.6342216683674763,8249
blur,3,2,2,True,0.63284595235815,0.5424910389755422,7200
blur,3,4,3,False,0.3025538923970761,0.2513575937205298,858
blur,3,4,3,False,0.5306536512756143,0.4650623572968066,869
blur,3,7,7,True,0.5831598894046918,0.5419087230982508,7117
blur,3,7,1,False,0.5469001208602938,0.47686872655465773,8961
blur,3,6,0,False,0.27286641559996627,0.24500767242604826,48
blur,3,3,1,False,0.28674127228127355,0.2655889382440918,7388
blur,3,9,5,False,0.6178379075919161,0.5531155169357586,8418
blur,3,0,2,False,0.39456672799583004,0.37784627827511347,8442
blur,3,3,8,False,0.2825204722660952,0.25994322917835944,5703
blur,3,3,3,True,0.7502559934406362,0.6526644660479062,5508
blur,3,3,3,True,0.5898556087190419,0.4965466159503716,287
blur,3,5,5,True,0.7161767119814137,0.638549431059547,7645
blur,3,0,0,True,0.6829400168962199,0.5786086862409334,3018
blur,3,8,8,True,0.6066751126683921,0.5131638629841294,1044
blur,3,1,9,False,0.5148803413995632,0.45651097436602284,7270
blur,3,3,3,True,0.6886219993405271,0.6311592004116375,5853
blur,3,5,9,False,0.5435000367065916,0.4915041710331175,5874
blur,3,8,8,True,0.6715699239474446,0.5850837766238492,6897
blur,3,5,5,True,0.6004244490937171,0.505728987314542,5763
blur,3,5,5,True,0.5774497283891397,0.5362745345520739,8392
blur,3,2,2,True,0.6340464315549821,0.5528078704411794,5261
blur,3,7,7,True,0.6394630055769959,0.55273943063847,7161
blur,3,5,5,True,0.6056660951834745,0.5409195198270172,4963
blur,3,0,6,False,0.42914038457029197,0.37080831238996653,5154
blur,3,4,4,True,0.6087378742519386,0.517367116798351,4043
blur,3,8,8,True,0.5954216766924096,0.5079665469807987,1491
blur,3,8,8,True,0.5751423808470321,0.49067577164165327,2186
blur,3,2,2,True,0.5674413554600499,0.4747778107157477,7911
blur,3,7,7,True,0.7521961347630534,0.6295882631207728,4092
blur,3,3,3,True,0.6906533734794881,0.6214959637003113,2252
blur,3,7,4,False,0.3289949349380977,0.30802251730828584,6734
blur,3,5,7,False,0.278968441449395,0.23566721803830484,7635
blur,3,3,2,False,0.36043181439808686,0.3391350894119351,7932
blur,3,9,0,False,0.33072804976085524,0.3023050977551136,1621
blur,3,2,2,True,0.6198487857392074,0.5353955950341246,5580
blur,3,3,3,True,0.582341917936156,0.4854740170193063,7132
blur,3,9,1,False,0.4647971404270063,0.41690651131144874,7917
blur,3,2,2,True,0.6815638302358799,0.631636866631887,5134
blur,3,1,4,False,0.43058649249850617,0.3812899494164235,9593
blur,3,9,0,False,0.2755714420068684,0.26920878523775227,1152
blur,3,4,0,False,0.3286780324569222,0.2901419703944618,6474
blur,3,8,8,True,0.6950441447211481,0.6242242216992266,4666
blur,3,0,0,True,0.7787682062819771,0.6739487436429257,4266
blur,3,6,6,True,0.6913344780311725,0.5545277492711023,6938
blur,3,1,1,True,0.7095407227407482,0.6036749104068562,8446
blur,3,4,4,True,0.5565828519775688,0.49074063970105936,1380
blur,3,2,7,False,0.6362179278269844,0.5774377270420723,6040
blur,3,4,4,True,0.542732615877591,0.47325273036327886,6669
blur,3,3,3,True,0.6268536518708422,0.548421911161948,9655
blur,3,9,9,True,0.6244346173758187,0.5340240522771568,2452
blur,3,6,0,False,0.2879827163618184,0.2910038391620349,2556
blur,3,0,0,True,0.6219520501378357,0.5736730330374068,1302
blur,3,4,4,True,0.7053503550306,0.6010229152851889,4359
blur,3,7,6,False,0.46118625222928483,0.37668010117980755,3985
blur,3,4,4,True,0.5867922351384135,0.47762943822729426,7592
blur,3,6,6,True,0.7156284282388485,0.6353523345314331,7740
blur,3,5,5,True,0.6124826917502578,0.5383147064884073,8985
blur,3,9,2,False,0.45400787269620396,0.3852708009888056,8502
blur,3,6,4,False,0.48761184177150146,0.4349068996758893,9214
blur,3,5,1,False,0.5863340633649524,0.48877745632035186,8987
blur,3,9,6,False,0.36772667081496035,0.3434661343768663,2631
blur,3,2,1,False,0.43273865511139115,0.3751816592387027,2616
blur,3,7,7,True,0.6610824481943209,0.5552908995609469,3141
blur,3,7,0,False,0.522406200487887,0.4517049764254552,5450
blur,3,3,5,False,0.660008075834762,0.5679773570556874,6565
blur,3,9,9,True,0.6561333949108913,0.5800145530423159,1725
blur,3,2,0,False,0.49982439105588905,0.46317068397956435,4187
blur,3,9,9,True,0.6541255310460983,0.5932893802174386,2831
blur,3,0,0,True,0.6605298229757475,0.5796429798828224,1683
blur,3,2,2,True,0.6507166696325201,0.564365356140276,4966
blur,3,3,3,True,0.6125084641720321,0.524259323191709,955
blur,3,3,9,False,0.47995949400431875,0.3876051720543326,8981
blur,3,4,6,False,0.16187903552394545,0.15221290726801345,7376
blur,3,7,7,True,0.6954634777550315,0.5891237268355585,7716
blur,3,4,3,False,0.4751037954351962,0.44320500064380036,4405
blur,3,5,2,False,0.3653173029145904,0.3215052915248835,7262
blur,3,1,1,True,0.6005073852133285,0.5403729973018807,4620
blur,3,0,5,False,0.41856052290996426,0.361126186271771,7741
blur,3,3,5,False,0.4422842252763701,0.37743194218926984,8762
blur,3,1,1,True,0.7300606770420807,0.6476473808352068,3478
blur,3,1,0,False,0.357857202594924,0.3247313015987056,7730
blur,3,0,5,False,0.3303211490058925,0.3022171219289722,5121
blur,3,2,8,False,0.41482145869170295,0.36572265478098226,7553
blur,3,1,2,False,0.33981234341699845,0.3196282936624071,4540
blur,3,1,8,False,0.5009300309199156,0.4536859836632632,1907
blur,3,3,3,True,0.6728617184523725,0.543396057857866,9739
blur,3,2,0,False,0.2475334070574305,0.22025432917434998,9359
blur,3,9,7,False,0.4376699466655514,0.4073142701870709,8199
blur,3,6,6,True,0.7878873194786444,0.6643135217324121,5439
blur,3,6,0,False,0.5817987874540468,0.4756810529187227,1032
blur,3,6,8,False,0.5128139064491626,0.4481161836147797,2901
blur,3,0,4,False,0.33013091110502424,0.3060259916172174,7956
blur,3,4,4,True,0.5805191567483181,0.49923165626985094,4693
blur,3,6,6,True,0.6268040203190403,0.5736423424652596,970
blur,3,9,5,False,0.4228166940249975,0.41126663095866506,4157
blur,3,4,7,False,0.495406809918851,0.3975942376637256,2207
blur,3,2,2,True,0.5958511787657212,0.5137936156962304,5515
blur,3,7,7,True,0.7149839270475653,0.5770995095515425,867
blur,4,6,9,False,0.3432359047459265,0.3178175282027779,5256
blur,4,3,2,False,0.4403254954860904,0.3807148542471758,5236
blur,4,4,4,True,0.7317534532731467,0.6624109891181771,1180
blur,4,2,6,False,0.23321834483774898,0.20536443186035105,4903
blur,4,4,3,False,0.27548517508629033,0.27080056586558937,9677
blur,4,5,6,False,0.32711532004179844,0.27643279392725073,9901
blur,4,8,8,True,0.5152752550266292,0.47664502694207905,1130
blur,4,7,6,False,0.3417182038109337,0.3328435371410048,3455
blur,4,1,1,True,0.7484561393920396,0.6398920006450041,1859
blur,4,9,1,False,0.3518658661666769,0.3238772205566344,2854
blur,4,0,7,False,0.3836788981031618,0.346481361656295,2349
blur,4,0,1,False,0.2659830864804801,0.25141976344732725,9953
blur,4,8,8,True,0.4972379472160494,0.4633409924185098,1756
blur,4,2,2,True,0.6080302803561107,0.5512899692252051,5947
blur,4,8,7,False,0.4201655413370451,0.38242296552071164,7664
blur,4,0,2,False,0.3308814870172878,0.30951030998043355,9459
blur,4,2,2,True,0.5365900885360224,0.4457162060126713,239
blur,4,8,2,False,0.408115441739786,0.3610797274008266,3805
blur,4,1,7,False,0.4574141275900273,0.3817719279581774,870
blur,4,5,6,False,0.27882894567970024,0.25164141461476647,1188
blur,4,7,3,False,0.4080284965709861,0.3841603995370691,405
blur,4,3,6,False,0.339027228548903,0.30303206596223087,2227
blur,4,1,1,True,0.6164320630110975,0.488855450137389,3284
blur,4,8,2,False,0.5552967599748431,0.46606624850309614,9329
blur,4,6,9,False,0.33962803700515715,0.31530559424976423,3838
blur,4,9,9,True,0.5961678107310973,0.5109603645397923,3147
blur,4,7,5,False,0.29754089912449416,0.28358663945297474,1399
blur,4,7,7,True,0.5967405857403113,0.4980853047354474,8258
blur,4,6,6,True,0.5957529608649116,0.5290243887177786,5936
blur,4,6,1,False,0.25574603486353686,0.24102299607290972,4436
blur,4,4,4,True,0.6160959618076307,0.5544795867489581,2771
blur,4,9,6,False,0.4438146757944067,0.37913827797523875,4121
blur,4,8,8,True,0.5277937027769848,0.479220511124964,9464
blur,4,2,2,True,0.6765419010638168,0.6201917961508661,5934
blur,4,9,0,False,0.2838781281524403,0.2108425227111181,4699
blur,4,2,2,True,0.7057625608559871,0.6159322333822915,1323
blur,4,7,4,False,0.4210693411601045,0.33678194021540375,6308
blur,4,9,9,True,0.7435577436503172,0.6298201629595289,1660
blur,4,4,8,False,0.25154778849746606,0.21324413149360721,9318
blur,4,1,7,False,0.20240973300345155,0.18571924901238146,615
blur,4,9,7,False,0.3628572213976047,0.33097945894859,3831
blur,4,7,7,True,0.7374608676627681,0.6599414044298064,2837
blur,4,4,1,False,0.4785624537543375,0.4270585125525839,1217
blur,4,9,9,True,0.6878192153474374,0.6131188842205358,5836
blur,4,1,1,True,0.7015352997084203,0.5897350275728643,8936
blur,4,5,9,False,0.3518880302051887,0.33523800429642536,2764
blur,4,1,1,True,0.6264237840145649,0.4815437632926708,8019
blur,4,1,4,False,0.4660977508108269,0.44171693026418873,1666
blur,4,3,3,True,0.5209416373354911,0.4847443916210314,520
blur,4,5,3,False,0.420528098066921,0.38744996497423806,1267
blur,4,1,4,False,0.47768041214255075,0.46560766747294857,707
blur,4,5,6,False,0.30343924177977327,0.23684698564663437,6277
blur,4,7,0,False,0.27720842992312117,0.2662157098850544,3535
blur,4,1,1,True,0.5096418308813276,0.4508976788639,6744
blur,4,0,0,True,0.7457434474637448,0.6537636416638404,8167
blur,4,7,8,False,0.33214015405024233,0.274047732448234,8391
blur,4,4,1,False,0.4839895753602391,0.4342872891313929,894
blur,4,1,0,False,0.32917430545817833,0.3017546275995869,4063
blur,4,8,2,False,0.3925485384192158,0.3348743548207299,8194
blur,4,4,0,False,0.3031766734401667,0.27132630379028233,4944
blur,4,1,0,False,0.35830294957396763,0.29326742975704734,5166
blur,4,3,2,False,0.3325929868747971,0.2897960624707851,5466
blur,4,5,5,True,0.5334339549476167,0.48763521521810493,2920
blur,4,2,3,False,0.38428624908951364,0.36125944817209177,4179
blur,4,9,9,True,0.557129111125457,0.5039337769227057,1025
blur,4,6,7,False,0.417598704134523,0.38916664543657814,4669
blur,4,0,4,False,0.32954557380192756,0.3145830388012135,4294
blur,4,3,6,False,0.18799004913832867,0.16192060643866252,3219
blur,4,3,5,False,0.4220848090907109,0.3805630233211791,4000
blur,4,1,3,False,0.42375974960089297,0.3969313816961283,7839
blur,4,0,8,False,0.5853552005885196,0.4849606720480414,1993
blur,4,1,3,False,0.3617721836356368,0.29479996726809543,2872
blur,4,6,1,False,0.3783321658677242,0.30776935834270236,8923
blur,4,2,3,False,0.4078589991497959,0.32596934677569334,9051
blur,4,4,0,False,0.46197021459350607,0.38665855759803236,9815
blur,4,1,8,False,0.45571993398895755,0.39185257046940775,1779
blur,4,9,5,False,0.39187853828722685,0.378342867882849,3752
blur,4,9,2,False,0.35670246973812336,0.3094476142788093,1303
blur,4,6,7,False,0.4442661820960893,0.36229884904511334,4078
blur,4,3,7,False,0.3525400693088321,0.3179828268424384,4067
blur,4,6,4,False,0.23108319495749413,0.20764144086553746,7337
blur,4,3,3,True,0.5831726735350944,0.4950541340010111,1516
blur,4,9,1,False,0.33067352071960543,0.28430122916829764,1273
blur,4,6,4,False,0.3719969035328267,0.3525391465987294,1798
blur,4,1,0,False,0.6072029240271783,0.50292479237515,7477
blur,4,0,6,False,0.34799744763726215,0.27748244071624156,8121
blur,4,7,5,False,0.36466005455686645,0.3342977584616533,5621
blur,4,7,0,False,0.3195667151094834,0.27435229795100563,4922
blur,4,7,7,True,0.6297892437684488,0.5813650389278445,9701
blur,4,3,3,True,0.7262178831601668,0.6291991365955136,4715
blur,4,6,2,False,0.2961663438782717,0.2647339409024074,779
blur,4,2,9,False,0.2588539486272047,0.25075689374800747,6152
blur,4,6,3,False,0.31976331347799203,0.25335561233162474,1696
blur,4,3,0,False,0.2756628925558617,0.25606517891890107,5219
blur,4,1,3,False,0.33688390296864185,0.2940389535554277,1435
blur,4,8,7,False,0.37414797880320066,0.35356191516489693,9715
blur,4,8,5,False,0.3098806477884819,0.26546300658754873,6732
blur,4,7,7,True,0.5573377557095706,0.49227353468914326,9830
blur,4,6,6,True,0.6740179435131621,0.5807359676751851,8937
blur,4,6,8,False,0.33704423521499616,0.3097455902064025,3367
blur,4,7,3,False,0.26358337633111545,0.2340229462956064,9262
blur,4,5,4,False,0.3570206244666552,0.3237137385406994,3577
blur,4,8,8,True,0.5983878340580423,0.5586944325991128,7156
blur,4,7,8,False,0.3537217544365547,0.30994375677611724,172
blur,4,5,5,True,0.6066507229662514,0.5387081029827232,843
blur,4,5,5,True,0.5140285210347051,0.49765360141901605,5559
blur,4,9,9,True,0.6861683826321894,0.6060402156531386,6429
blur,4,5,5,True,0.5313731526491514,0.41798362594457455,1674
blur,4,1,9,False,0.3338064647698393,0.28541023520524145,7624
blur,4,8,1,False,0.3693961147341536,0.3049117151724371,746
blur,4,0,0,True,0.6186520630371325,0.5592935158169134,5059
blur,4,2,5,False,0.36722199527674065,0.32526230885483154,9485
blur,4,3,8,False,0.3202816369907399,0.308509751292959,2287
blur,4,0,0,True,0.6366251605539647,0.5683625223616078,6723
blur,4,2,9,False,0.2882200817234819,0.27213187908691777,1299
blur,4,1,1,True,0.6167801543241739,0.5147969866431161,9978
blur,4,5,6,False,0.2710020938025829,0.25544967213992015,7013
blur,4,8,1,False,0.29233104960409817,0.29081319096135194,823
blur,4,2,2,True,0.5263419163957643,0.4334486983121328,2457
blur,4,3,1,False,0.1907293276351101,0.17077706032113957,7245
blur,4,6,9,False,0.4103460905736055,0.3708825539630499,3622
blur,4,6,6,True,0.6768652435687361,0.5922957755983447,6634
blur,4,9,3,False,0.41577040827900547,0.3971365892326231,6854
blur,4,5,1,False,0.31169031013163506,0.2945069116623448,6359
blur,4,7,0,False,0.18835639045947855,0.1832247696760097,4818
blur,4,8,9,False,0.37919439535344607,0.35366726696891587,4392
blur,4,4,9,False,0.19926931804622852,0.19966471118225892,3713
blur,4,8,9,False,0.3513340655426704,0.31445533786005125,8939
blur,4,9,9,True,0.6143539879193828,0.5301044858217017,9090
blur,4,1,5,False,0.13194053362351596,0.14695564664357563,1357
blur,4,7,7,True,0.4410287184474426,0.37501283269083163,5212
blur,4,6,2,False,0.23441961022648122,0.21281109646992044,3611
blur,4,8,8,True,0.4977765621012511,0.41497540548871914,6219
blur,4,5,5,True,0.597693512419066,0.53767299857642,4184
blur,4,2,9,False,0.3129549331012727,0.3056621508612235,3024
blur,4,4,4,True,0.6993553461824531,0.5907410804421145,5298
blur,4,6,5,False,0.2859029604830494,0.2549389289569028,7214
blur,4,8,8,True,0.6185018048151227,0.5311252188324048,6056
blur,4,0,8,False,0.39185049295990976,0.3695794452045145,9267
blur,4,1,2,False,0.22222482994652298,0.23223053519114953,3323
blur,4,2,7,False,0.3835840528495896,0.33146457504228233,3731
blur,4,5,6,False,0.25460276496909895,0.169588848624023,2312
blur,4,0,8,False,0.2434359233203659,0.2449765568592018,7831
blur,4,9,9,True,0.6518813126271095,0.5700010139304361,3114
blur,4,7,7,True,0.5376334740898039,0.4729675225442409,9838
blur,4,9,9,True,0.4914268910066418,0.45198713320983613,3128
blur,4,0,0,True,0.5524562173841964,0.4773074292978523,7928
blur,4,2,2,True,0.5380543974869603,0.45974072335083793,6421
blur,4,4,5,False,0.43406178896042,0.3768383523552618,1056
blur,4,7,7,True,0.49745517542262474,0.44761862722131024,4330
blur,4,6,3,False,0.3013362228886503,0.28871513458537923,9154
blur,4,4,5,False,0.3464126025638444,0.34211378649191987,5174
blur,4,3,4,False,0.436914266938215,0.3944449756939787,539
blur,4,3,2,False,0.32803889350627113,0.2909405443607605,4013
blur,4,3,3,True,0.5837805866123887,0.528937316035117,3522
blur,4,6,8,False,0.5090692996470874,0.4282837413967912,9043
blur,4,8,3,False,0.37167835225037105,0.35931436390730354,5799
blur,4,4,9,False,0.33720125095799,0.3058486021056286,3652
blur,4,9,6,False,0.3415326520649772,0.3007289488928332,7373
blur,4,2,1,False,0.29993466077682734,0.2505839594406759,8077
blur,4,8,8,True,0.6546994551146822,0.5840333358650608,7189
blur,4,0,4,False,0.4287546601206866,0.3738291308138442,9747
blur,4,7,3,False,0.2250521896650375,0.20440871558629126,6747
blur,4,9,8,False,0.4242779081489501,0.3422123434342885,1372
blur,4,2,3,False,0.4533551073188481,0.3916582557325668,2913
blur,4,6,1,False,0.4172176861951548,0.35826508859932243,7158
blur,4,0,0,True,0.6112405362468247,0.5429257119895576,5142
blur,4,8,1,False,0.413063052553798,0.3607506674931819,1431
blur,4,4,3,False,0.4899280990156092,0.37846142444050557,9483
blur,4,4,4,True,0.7109155108859022,0.6109779427765395,5671
blur,4,9,9,True,0.6486839411172027,0.5372916812713238,5592
blur,4,9,5,False,0.5732544903165617,0.48140941834693257,8838
blur,4,2,2,True,0.6262032706988059,0.5673504716673461,4819
blur,4,9,9,True,0.6567501947538881,0.5394579909445042,215
blur,4,2,8,False,0.44729712496846946,0.40109942889554023,3237
blur,4,8,0,False,0.4001941901372,0.34502065644349905,429
blur,4,7,7,True,0.5984425984398102,0.5096755038415451,1022
blur,4,5,4,False,0.24960478058565844,0.20757758676836274,1996
blur,4,5,5,True,0.6242866684852355,0.5520341344555965,9402
blur,4,3,3,True,0.48212733428434523,0.4334443335839944,1162
blur,4,4,4,True,0.46497026534563324,0.37572172920367003,1869
blur,4,5,6,False,0.35115262402796726,0.3364902131144833,4156
blur,4,8,3,False,0.34485614869489895,0.28440244361499856,648
blur,4,4,4,True,0.5966230487424564,0.5299017733969391,8196
blur,4,5,2,False,0.40915896765987386,0.33916577871057185,7975
blur,4,7,7,True,0.4688314310652011,0.4043254729534643,4389
blur,4,9,9,True,0.5234751506306777,0.4343778437080941,7681
blur,4,8,8,True,0.510260757586693,0.43814683158151796,2507
blur,4,3,1,False,0.49261790864212207,0.42970572869371754,7507
blur,4,8,1,False,0.5967781835848399,0.4992750834970565,5180
blur,4,4,8,False,0.3604842955814168,0.32770047797765806,4607
blur,4,0,0,True,0.6563598605597696,0.581814523217221,821
blur,4,0,1,False,0.11566347456071899,0.16743454405456437,4964
blur,4,2,8,False,0.45044623635601844,0.41645321722702716,912
blur,4,3,3,True,0.4798578805903006,0.44640760566305676,3076
blur,4,4,6,False,0.3883135828886013,0.30968623691873887,122
blur,4,1,7,False,0.2353786764136389,0.17590256399711784,9857
blur,4,1,2,False,0.557988796281914,0.48335066541106725,9018
blur,4,0,5,False,0.5120542939033561,0.48598247583208004,6270
blur,4,9,9,True,0.6906449056583537,0.6515354265934274,133
blur,4,2,7,False,0.45919947561905095,0.39156883955704436,8358
blur,4,6,1,False,0.36511099569583805,0.3136198903595498,5824
blur,4,4,7,False,0.4421077055779836,0.4016694276535316,3101
blur,4,3,3,True,0.48598788835872925,0.4241465259921024,6065
blur,4,2,4,False,0.13262907453804296,0.12429602540224877,3026
blur,4,0,7,False,0.23305084783447846,0.2257912030675159,2136
blur,4,1,0,False,0.2793517408623979,0.3067593396499087,2746
blur,4,6,9,False,0.29564374662290815,0.292388651796181,4302
blur,4,4,9,False,0.404811278378512,0.3964721175748704,8904
blur,4,9,0,False,0.33426617010845716,0.26224354603055844,3806
blur,4,1,1,True,0.7178211780191209,0.6466436308663008,9022
blur,4,9,1,False,0.2415390213319053,0.20131079609042313,9829
blur,4,0,4,False,0.23288339513032424,0.24647985535585926,9054
blur,4,7,4,False,0.3641103373634314,0.3516403174092805,9680
blur,4,9,9,True,0.5098411739612126,0.46044129438607195,7029
blur,4,1,1,True,0.5264881715970027,0.44765707955128353,2787
blur,4,4,1,False,0.4144399365185525,0.35759758178612594,2309
blur,4,9,6,False,0.5239486121755516,0.45229817883395707,3628
blur,4,8,9,False,0.3579547824414765,0.33450823642685434,3396
blur,4,2,2,True,0.5730725558610452,0.5101894278108349,9288
blur,4,1,2,False,0.4006274824210977,0.38393400674474604,5043
blur,4,3,3,True,0.5534555211542562,0.5176535908618314,9082
blur,4,4,7,False,0.46530851019348696,0.3936050808241792,6364
blur,4,2,5,False,0.4319746579144673,0.3916823895050087,8566
blur,4,0,5,False,0.2798293178141241,0.2621156437752041,8070
blur,4,4,0,False,0.4683055041102606,0.41115920574598386,3595
blur,4,4,4,True,0.6411522970612885,0.5788147451811686,2680
blur,4,3,5,False,0.39016887196724365,0.35646300897117317,7487
blur,4,8,6,False,0.3732851208634502,0.320801196333582,7776
blur,4,2,9,False,0.47440963656607577,0.4154058480747848,5750
blur,4,8,1,False,0.39930668835292593,0.34742626355913314,324
blur,4,0,6,False,0.2213839494508163,0.1886260135362556,323
blur,4,5,8,False,0.5691656758063917,0.4970843869567946,7323
blur,4,9,9,True,0.6116160985704726,0.5089351935031705,4617
blur,4,2,3,False,0.3049507394486653,0.2836857814662129,5525
blur,4,6,6,True,0.6940643129411116,0.633037033547994,5275
blur,4,7,7,True,0.5887860129429536,0.5164775352728156,8098
blur,4,3,3,True,0.7044378832132774,0.6327007566605629,1469
blur,4,6,3,False,0.44007168725158263,0.39216752519408654,5211
blur,4,6,7,False,0.46690828580269406,0.39142994577064116,4152
blur,4,4,6,False,0.2950232343590205,0.30591105205330144,3315
blur,4,3,3,True,0.5579330372372064,0.4407944956953789,9831
blur,4,4,7,False,0.3129782614217832,0.2812376702573091,9903
blur,4,1,1,True,0.652332729113211,0.5541117609461295,1225
blur,4,4,3,False,0.38295685571929894,0.3721471885876067,5595
blur,4,3,3,True,0.5561050749205376,0.49200868084246674,4711
blur,4,3,9,False,0.43274921359734975,0.43394636697254374,5027
blur,4,2,0,False,0.2766675907303934,0.2508875865329263,6101
blur,4,5,4,False,0.4439959368741516,0.37717971471693384,6345
blur,4,0,9,False,0.26123239508105095,0.20284215606145015,9069
blur,4,0,6,False,0.44393923282152675,0.41448125600198776,545
blur,4,2,6,False,0.21133406504219512,0.17793934907459846,1394
blur,4,5,9,False,0.5167739914023501,0.44586172053711426,9957
blur,4,2,2,True,0.6041260447396629,0.5530692788079525,1103
blur,4,4,6,False,0.4199088860221722,0.39298986347481923,6245
blur,4,1,7,False,0.4278461500146527,0.36647653538113784,8259
blur,4,4,0,False,0.23304656826429873,0.20400941475343912,4847
blur,4,4,3,False,0.4435133164259865,0.35686495054662926,4158
blur,4,3,5,False,0.30492520707688997,0.23307619220279924,1346
blur,4,0,7,False,0.3293926379649015,0.310257703302999,7926
blur,4,6,6,True,0.6554658612288208,0.5896268150293635,8385
blur,4,2,5,False,0.5213793573115236,0.46531664983406645,6580
blur,4,4,5,False,0.24300252492083685,0.22529664115356965,1124
blur,4,7,7,True,0.5286396564774969,0.4502203763629308,6906
blur,4,1,1,True,0.7124539173975389,0.6499484837346879,9367
blur,4,6,0,False,0.469107214601571,0.3780607086729616,2004
blur,4,3,3,True,0.5358439269929752,0.46109746574720856,2563
blur,4,5,4,False,0.2969654739098812,0.2706346806711327,8407
blur,4,0,0,True,0.7068604139166499,0.6158231040643515,6334
blur,4,4,4,True,0.6465820444138859,0.5645537603255251,356
blur,4,3,8,False,0.46380711875078606,0.39885106556592337,5893
blur,4,1,1,True,0.5136365273150567,0.4624091972087518,6534
blur,4,5,5,True,0.5114163711945433,0.4253960682417199,8548
blur,4,6,8,False,0.32022690721639085,0.2843127628742456,6852
blur,4,3,6,False,0.5843737498763577,0.5203557074285851,1800
blur,4,6,3,False,0.14084758053259305,0.12806984213380215,4131
blur,4,3,6,False,0.39768656014710047,0.35312931569161166,9122
blur,4,8,1,False,0.358945864988273,0.3244142683890241,4493
blur,4,2,5,False,0.3553265231361101,0.2818111302903294,5092
blur,4,7,8,False,0.3885394225535538,0.31191250433617096,9779
blur,4,3,0,False,0.3658433927579865,0.3286454590894697,1885
blur,4,5,5,True,0.7438977760074621,0.6351454680384334,4021
blur,4,0,3,False,0.40081005240574497,0.3447281085653199,50
blur,4,0,3,False,0.5348981021478307,0.4810435331105853,8542
blur,4,9,2,False,0.1,0.1,4183
blur,4,0,0,True,0.6662767306323116,0.5330704112012248,4734
blur,4,5,5,True,0.46050575677427114,0.4395704689314885,1701
blur,4,4,4,True,0.5610027040325215,0.5160491680214285,2443
blur,4,6,6,True,0.5807145182260097,0.5325507301115155,7745
blur,4,0,7,False,0.49712926027934656,0.4151449197210294,5840
blur,4,1,9,False,0.4518533237693705,0.39752694755411694,2193
blur,4,3,3,True,0.7251143686299357,0.6059788416444443,5287
blur,4,9,6,False,0.3971943306111865,0.35141599039470867,1382
blur,4,3,9,False,0.15672066520086336,0.14125234632794853,646
blur,4,5,5,True,0.6090974011775344,0.5111716677842396,3185
blur,4,5,5,True,0.6179322702975418,0.5503081527144017,8799
blur,4,4,1,False,0.5066343537056343,0.44046434320526356,714
blur,4,8,1,False,0.20660100018507885,0.22506485543036273,2479
blur,4,7,6,False,0.23840103205150615,0.21935647689899435,6275
blur,4,4,4,True,0.610948295683125,0.4833481381305167,5460
blur,4,3,9,False,0.49330939742252733,0.39807045763649124,4813
blur,4,2,1,False,0.5211589153916123,0.49989784340403015,2758
blur,4,9,2,False,0.28742540225868246,0.2521308521039218,2500
blur,4,1,3,False,0.3193561300012419,0.29125287343566575,6215
blur,4,1,1,True,0.5965154207489991,0.5222326906924821,904
blur,4,2,9,False,0.3047220702603601,0.3023401503555665,2534
blur,4,8,8,True,0.5083896206143144,0.4089929696808606,8486
blur,4,6,9,False,0.3148156502165898,0.30917834442691644,6393
blur,4,9,9,True,0.6133847507549962,0.5615844739875191,5500
blur,4,7,9,False,0.27336668592826985,0.24748486760027402,9658
blur,4,4,2,False,0.2762164182957503,0.25804967817094115,7302
blur,4,0,0,True,0.538370916866096,0.46520334338918107,69
blur,4,8,3,False,0.3054782705016809,0.2409515133609868,1204
blur,4,6,6,True,0.601951776774226,0.5382647368676586,77
blur,4,0,0,True,0.6602204845644315,0.5811190030392368,7244
blur,4,9,9,True,0.6838955257751234,0.6016583847609803,891
blur,4,6,4,False,0.30094949585420006,0.28045294705441715,3118
blur,4,6,9,False,0.2611534145331864,0.2248937403369707,5271
blur,4,3,4,False,0.3609509267848892,0.35167361915063305,6788
blur,4,3,7,False,0.2748653539448127,0.2487981824161154,6259
blur,4,3,3,True,0.649509797199327,0.5779175443789859,4050
blur,4,0,9,False,0.466426602902058,0.40602010629207924,6024
blur,4,4,0,False,0.3680506338540106,0.3488474886968051,393
blur,4,0,8,False,0.37784934463522846,0.3382517998003988,7426
blur,4,5,3,False,0.16728357806228894,0.15548866127726707,8538
blur,4,2,2,True,0.5270324770609011,0.4871247460114487,6136
blur,4,6,5,False,0.2184123231773575,0.16619306732052755,1201
blur,4,3,8,False,0.3579530102847375,0.3136597158166145,7140
blur,4,2,4,False,0.3734324918893165,0.32016470519983264,589
blur,4,1,0,False,0.37335992827350706,0.3398335352974591,6230
blur,4,3,3,True,0.46894197747761984,0.41991672582482215,4730
blur,4,0,5,False,0.27470293197519907,0.2482615369422853,6950
blur,4,2,5,False,0.3406783619173672,0.2902965648504753,7973
blur,4,4,4,True,0.603459296832827,0.527459778893839,8488
blur,4,6,6,True,0.6287166962098782,0.5558765639693763,6778
blur,4,4,8,False,0.26625935375711063,0.23775176222076008,8726
blur,4,1,9,False,0.2705287279610126,0.2671003569575995,7259
blur,4,7,1,False,0.2941570699418852,0.27727380180288924,9640
blur,4,4,2,False,0.3147350585963916,0.28290544322544975,2675
blur,4,6,9,False,0.25018186639372497,0.1807341808235,7159
blur,4,9,2,False,0.3154488946891411,0.2787653896547198,9081
blur,4,0,0,True,0.5819549374886337,0.5222636269679628,6746
blur,4,9,9,True,0.5963632327403932,0.5163215451500355,5272
blur,4,9,9,True,0.7520882768646278,0.660340132717671,7856
blur,4,5,7,False,0.13415066144620014,0.12453653022441509,496
blur,4,0,8,False,0.5436386717224744,0.48174273547844,508
blur,4,2,0,False,0.4739319904021996,0.4458623610747692,4492
blur,4,2,4,False,0.38846046563865594,0.3609262941139265,5940
blur,4,5,0,False,0.4762703229553214,0.39391815899581,3817
blur,4,6,4,False,0.4127595723051095,0.33268516088554845,5250
blur,4,4,4,True,0.5966933038073353,0.5310404668919918,1355
blur,4,3,9,False,0.2359811612613401,0.23894105291742002,4709
blur,4,0,6,False,0.5508633522232746,0.45002086669311914,3914
blur,4,9,2,False,0.3162958940567115,0.2796553591701664,2852
blur,4,9,9,True,0.6549128041559158,0.6191402515520399,1572
blur,4,0,0,True,0.5906080985823005,0.5116441185029348,8926
blur,4,3,4,False,0.3654621353594111,0.3761599646450523,2436
blur,4,9,8,False,0.41747070145813314,0.3533780816599255,8643
blur,4,3,2,False,0.4059587559858438,0.3471268913940848,6636
blur,4,6,5,False,0.3023136350510346,0.2579075473585656,2690
blur,4,5,6,False,0.362588667675879,0.297616617227146,6611
blur,4,6,6,True,0.5962453685171007,0.48798239528004983,6188
blur,4,8,5,False,0.2938009176451711,0.2603059344393805,481
blur,4,3,3,True,0.43444829436994625,0.3871783483084586,7121
blur,4,7,0,False,0.35797480685177135,0.30494299319786494,4402
blur,4,4,7,False,0.5198475802661482,0.447346060094539,4584
blur,4,2,6,False,0.2207864419925566,0.2315899808391081,4570
blur,4,0,0,True,0.5247247098101856,0.48045087474353904,5676
blur,4,7,7,True,0.5953286015880878,0.5158557865847001,3233
blur,4,6,9,False,0.29655283903407875,0.27566742177290027,8517
blur,4,8,4,False,0.45048511195410773,0.3651838727736445,1182
blur,4,2,8,False,0.33715227403923487,0.3069719709254957,1428
blur,4,7,6,False,0.6197411841432605,0.5405318201177027,3022
blur,4,0,0,True,0.5052076894110148,0.4369432215252051,5777
blur,4,1,9,False,0.29042243180679633,0.26251526703352557,7152
blur,4,5,2,False,0.41198006759887074,0.362606222010826,1181
blur,4,5,4,False,0.33628000173001604,0.274565215007391,9777
blur,4,5,9,False,0.44320511721774974,0.4253198119829848,8544
blur,4,8,9,False,0.33038133183454765,0.3148404826617719,8412
blur,4,8,6,False,0.4006676542787388,0.3478115912788475,9446
blur,4,1,1,True,0.6841604453362464,0.5613250266758355,7742
blur,4,2,6,False,0.36784288310389784,0.2785408592775588,3954
blur,4,5,0,False,0.46417982592808504,0.4496469287169688,2615
blur,4,9,3,False,0.17967474560820038,0.16425030822851466,9016
blur,4,6,6,True,0.5868550683104922,0.5290864558753943,3277
blur,4,1,1,True,0.6915903222489909,0.5838771946488931,5033
blur,4,6,5,False,0.22513490863072902,0.20021724388565262,7707
blur,4,3,3,True,0.7130117842522161,0.6159333602685665,5293
blur,4,1,5,False,0.2980246088502757,0.27315014501740537,9050
blur,4,7,4,False,0.33646626848643163,0.30279369751307955,6137
blur,4,2,9,False,0.39373293495857714,0.33122767656651136,1274
blur,4,7,3,False,0.4142293263289244,0.348441189856427,8929
blur,4,5,0,False,0.3190931744368786,0.2845982643304405,2425
blur,4,4,5,False,0.5184623304955132,0.42060673029496304,6281
blur,4,2,2,True,0.5009965488729216,0.4243855478104284,1604
blur,4,2,1,False,0.16535434063182383,0.15246842578113906,977
blur,4,3,7,False,0.32554086348078887,0.2996597251572159,834
blur,4,6,6,True,0.5886350991046087,0.5454085385607078,1719
blur,4,4,4,True,0.6917849165743297,0.5934878851260582,9271
blur,4,0,3,False,0.48073359151298534,0.4243458426597085,4258
blur,4,0,2,False,0.35009233344838164,0.27523120944620333,6988
blur,4,2,6,False,0.24476041630746825,0.2297426268014091,4881
blur,4,5,1,False,0.26398704933803363,0.2212018413147038,812
blur,4,3,8,False,0.43617249993890395,0.3795819278485261,1171
blur,4,9,7,False,0.44839211784580085,0.4056509311899902,3832
blur,4,2,0,False,0.29512340333759707,0.2762085631908504,4230
blur,4,4,8,False,0.22447083822684782,0.1767252585481852,9339
blur,4,3,1,False,0.37308805411284535,0.3481638485961901,4352
blur,4,2,9,False,0.3914409763306656,0.34694734416594236,7413
blur,4,8,8,True,0.577321934222789,0.5310672186782811,994
blur,4,2,0,False,0.30368726430475845,0.3023667847127647,1923
blur,4,0,1,False,0.34779011425495027,0.3427442133764527,7155
blur,4,5,5,True,0.7116400017064765,0.5914056113491649,3928
blur,4,6,1,False,0.45668118028850735,0.41122470688491514,6882
blur,4,4,4,True,0.6196309989433385,0.5101383459615497,7135
blur,4,4,4,True,0.446688947013429,0.4207146153857341,6532
blur,4,8,4,False,0.4902480515446236,0.46058626283985926,1560
blur,4,3,6,False,0.5413461174269585,0.4947052223780999,7925
blur,4,6,6,True,0.6549788646784109,0.5632400513612839,5168
blur,4,8,8,True,0.5548801618860825,0.49753307706689454,1366
blur,4,3,3,True,0.7026429017860102,0.6012015598057641,4849
blur,4,5,1,False,0.22235795519344817,0.20427966007546378,6106
blur,4,3,0,False,0.5964464827475784,0.52013533931844,4057
blur,4,6,8,False,0.26247646647870454,0.1981381415514429,7420
blur,4,5,4,False,0.448764809876355,0.3802599746676312,2952
blur,4,8,7,False,0.5044253790837625,0.4891787612156868,940
blur,4,2,2,True,0.6851795487519361,0.5956687835782685,4412
blur,4,1,1,True,0.6624161063240156,0.5812582393342752,7167
blur,4,4,7,False,0.26520560687744793,0.24025135266367584,6889
blur,4,6,8,False,0.3956813576933338,0.34311867422025094,2791
blur,4,2,4,False,0.42356208617362945,0.3757499172490655,8307
blur,4,9,0,False,0.3421208389412647,0.29766252038052365,1281
blur,4,5,6,False,0.3674335347020047,0.28165951021876245,8493
blur,4,8,8,True,0.573054554940787,0.517820922404419,4423
blur,4,5,8,False,0.5374352300915288,0.504077338282138,8975
blur,4,3,9,False,0.32220663352559814,0.26559207741059,2883
blur,4,8,8,True,0.7403967600258496,0.6360802651025155,184
blur,4,1,8,False,0.5003562080761763,0.47030186178407873,5762
blur,4,2,2,True,0.5614357971793531,0.4767923655494558,1421
blur,4,7,2,False,0.3728015346828502,0.3396356463086126,1772
blur,4,9,9,True,0.6379152142204498,0.6437663468995849,2841
blur,4,2,8,False,0.33419493721819055,0.31171109351433013,8410
blur,4,5,7,False,0.45273551725641115,0.4012016961388486,7054
blur,4,4,3,False,0.2932755718018813,0.28191844482757855,4319
blur,4,7,7,True,0.5157527747596453,0.4689247959771083,3168
blur,4,4,4,True,0.5806605174854237,0.49531618163352353,5628
blur,4,6,8,False,0.5925542959078832,0.4839422890844307,9938
blur,4,6,0,False,0.2937200326553153,0.27654029768981825,7694
blur,4,8,4,False,0.43449459180810057,0.39919755112275923,7623
blur,4,1,1,True,0.6195684861717343,0.5356830199296029,9247
blur,4,6,8,False,0.26816347399681006,0.27584287189520784,305
blur,4,1,5,False,0.3695332949170703,0.3579980194416323,4774
blur,4,0,9,False,0.26135870709432285,0.25264525831168105,9489
blur,4,7,7,True,0.6159762096979234,0.5330073493358569,3153
blur,4,3,3,True,0.5383609608405409,0.4307882928463763,7267
blur,4,7,7,True,0.4859966239474247,0.4246100359310967,2337
blur,4,9,2,False,0.3089071684752458,0.24084726546996105,1176
blur,4,1,1,True,0.6935023000681011,0.5573351126547237,8320
blur,4,4,0,False,0.3606127407720228,0.33446400116382496,6192
blur,4,0,6,False,0.24031983890024972,0.24271800814992875,4810
blur,4,8,9,False,0.395162021582984,0.31187579111296837,7435
blur,4,9,0,False,0.4813332105179698,0.4190023175841404,4915
blur,4,8,0,False,0.4930645221285307,0.43375498602858814,212
blur,4,9,9,True,0.45821182514838804,0.3986319586108401,1742
blur,4,3,3,True,0.6247519757028925,0.5184689206406522,7343
blur,4,2,3,False,0.29189998265058803,0.2897357243807927,1527
blur,4,8,3,False,0.32566363068544385,0.2647962907039135,1568
blur,4,6,9,False,0.3998524746731374,0.3158906450189916,9477
blur,4,3,9,False,0.3265287984759989,0.26506052562711774,9884
blur,4,2,2,True,0.6135401632486148,0.5461359841037792,5919
blur,4,0,0,True,0.6073415741035352,0.5258962619194358,7247
blur,4,0,3,False,0.277139611348261,0.23516373312195912,2838
blur,4,6,0,False,0.3080023757570287,0.28735500398226527,7851
blur,4,2,3,False,0.46582226891092904,0.41760148938483527,4795
blur,4,8,8,True,0.7051887081283956,0.5682639707346028,7593
blur,4,8,6,False,0.3776111136438366,0.3463207959555362,9582
blur,4,4,6,False,0.21306926229255826,0.21973353272458057,347
blur,4,2,1,False,0.24366997010704516,0.21965583916246745,5360
blur,4,1,3,False,0.399732428373046,0.3500742679855921,2659
blur,4,2,1,False,0.42300317127095116,0.412430191364188,791
blur,4,6,3,False,0.38530193601298185,0.32831026832980026,6296
blur,4,7,7,True,0.5164376391775265,0.450658780932145,4778
blur,4,7,7,True,0.6393052329939277,0.5650290472116457,4653
blur,4,9,9,True,0.6988900328720187,0.6100253344023958,8179
blur,4,6,4,False,0.23482279065763556,0.2091536859306123,9437
blur,4,5,3,False,0.36916890172018846,0.33057804988423245,8347
blur,4,3,8,False,0.22112296738162165,0.23433344415785645,2583
blur,4,3,5,False,0.25473715539723596,0.24767973499841925,3601
blur,4,3,3,True,0.6443246663673675,0.5611816103126447,4274
blur,4,8,5,False,0.4183232012227741,0.3532959182704165,4539
blur,4,5,5,True,0.6410870075069024,0.5453038714578904,3419
blur,4,2,2,True,0.5877826167318893,0.5336195658990696,7235
blur,4,1,7,False,0.17289820888655535,0.13009703283070517,9219
blur,4,0,0,True,0.48547084199401525,0.4757140106413759,4097
blur,4,8,6,False,0.1700621391691264,0.15891712461214802,7731
blur,4,2,5,False,0.4544425825785562,0.3737052326854363,9455
blur,4,1,9,False,0.25186647149913205,0.23272601861253026,6367
blur,4,2,0,False,0.5834189045279947,0.49489194892107086,6122
blur,4,4,4,True,0.6182068755001422,0.5320961049397063,4649
blur,4,9,6,False,0.40629536067940664,0.3301356207016876,9439
blur,4,8,1,False,0.2863392460295944,0.253616303131572,9802
blur,4,1,4,False,0.34318261387497073,0.2642524659861614,4613
blur,4,5,7,False,0.37839735506352445,0.32464042997161763,2514
blur,4,8,6,False,0.4460292453059396,0.3775787211839564,6680
blur,4,7,1,False,0.4619515280108838,0.39761243154551257,1526
blur,4,4,7,False,0.43273191640651126,0.36753814225826076,3008
blur,4,2,2,True,0.7480760849630187,0.6515439548939854,9041
blur,4,7,9,False,0.2983886009379434,0.2863904158970325,241
blur,4,4,9,False,0.42487959108387113,0.3833598950957347,5156
blur,4,2,2,True,0.5570925558058518,0.5145139121698121,7865
blur,4,7,9,False,0.4586227538220152,0.39485876093815653,4292
blur,4,8,6,False,0.3715574191408849,0.3373181033784051,7637
blur,4,8,2,False,0.42202624986271725,0.3810046041708746,2608
blur,4,9,9,True,0.6240917253874042,0.5685110008743643,2684
blur,4,6,1,False,0.4360378240736702,0.3710232475373643,5153
blur,4,7,3,False,0.27923477902183286,0.2681262079527228,68
blur,4,2,9,False,0.20280855070308323,0.17024106812452378,5424
blur,4,3,5,False,0.45889678071505385,0.39366385823635097,7581
blur,4,1,2,False,0.4944994339061295,0.42815139484552334,2069
blur,4,0,3,False,0.34841020746371437,0.3202121459645425,7735
blur,4,8,5,False,0.44111008168394517,0.36820341661525186,1192
blur,4,4,4,True,0.5761260624703787,0.48575407597104225,4310
blur,4,5,5,True,0.80111454875759,0.6830460956721421,902
blur,4,0,0,True,0.6713465077799751,0.5866133963131823,3927
blur,4,1,9,False,0.18647327923639498,0.15477731954954194,9603
blur,4,0,9,False,0.20705118058693484,0.19627293767799878,424
blur,4,4,7,False,0.375795174640749,0.32726925587587513,4534
blur,4,5,5,True,0.6318995586395535,0.5652727391481808,7144
blur,4,1,8,False,0.325332423903629,0.29279139221498485,2580
blur,4,7,9,False,0.3193697594215706,0.32150698540634876,8522
blur,4,1,3,False,0.23164209349452894,0.21431870627579447,7904
blur,4,8,8,True,0.48576580431668,0.403533144520204,9766
blur,4,9,9,True,0.7254479146556144,0.6273753805847601,2775
blur,4,6,1,False,0.30172896461400844,0.271892421802968,2810
blur,4,5,6,False,0.3098524636530131,0.26020111283137604,7181
blur,4,7,7,True,0.5696541100456621,0.5295479684813782,9333
blur,4,2,3,False,0.44197612084197146,0.38448094689653983,8099
blur,4,9,8,False,0.35055379308825574,0.3000773515820717,2105
blur,4,8,6,False,0.1673672105360247,0.16089295131016942,3211
blur,4,6,6,True,0.6879354496266191,0.5816209849194051,9321
blur,4,9,6,False,0.4531813972478092,0.41953112388936176,3131
blur,4,3,3,True,0.5688179272104786,0.5138022872454597,4368
blur,4,8,1,False,0.3511513295254736,0.3160911206165695,8682
blur,4,0,1,False,0.5524891041954466,0.4964467979882125,5938
blur,4,7,7,True,0.7465053608465932,0.6395361442013041,1898
blur,4,2,2,True,0.5449137079129182,0.44812225964398744,6239
blur,4,9,1,False,0.5044907852632614,0.4373050133934786,3099
blur,4,5,5,True,0.5983032314429617,0.5135274458502427,3962
blur,4,1,1,True,0.7357382160687902,0.599646767046898,7908
blur,4,3,7,False,0.3904170132622158,0.3256974098074825,784
blur,4,8,8,True,0.5757534638895894,0.4797829455365992,3019
blur,4,8,6,False,0.3520258563329379,0.29314607191937986,211
blur,4,3,9,False,0.21184315663033315,0.2217328749590988,2954
blur,4,2,2,True,0.6226653075291654,0.5545042888274045,845
blur,4,0,8,False,0.22181826587180967,0.22284497610393933,6502
blur,4,1,1,True,0.6609358153146362,0.5869872100130027,7583
blur,4,0,9,False,0.32378590457096246,0.3118782320179688,9118
blur,4,3,3,True,0.6369350486797591,0.5569333578631315,8079
blur,4,1,8,False,0.29239742527351364,0.2938512477592785,6422
blur,4,0,1,False,0.39391673628099655,0.32520138986656694,9239
blur,4,7,0,False,0.4054365483664323,0.35826628627005586,62
blur,4,8,8,True,0.6654181183322074,0.5601076758324407,797
blur,4,8,8,True,0.4468538449129793,0.4196597994197236,1855
blur,4,8,2,False,0.3667726221802634,0.3351525945037304,2297
blur,4,1,6,False,0.3504131045516152,0.33658504140641676,4870
blur,4,1,9,False,0.28484624629229477,0.22904996625785096,7573
blur,4,8,8,True,0.6175983474130364,0.5279098296414021,1512
blur,4,0,9,False,0.47827918655439705,0.38585831281637184,6516
blur,4,7,7,True,0.6588822864237763,0.5822754850588169,9336
blur,4,1,0,False,0.4726483930185422,0.4081884179412599,7418
blur,4,0,5,False,0.3899908433861127,0.3616039541264537,6420
blur,4,7,7,True,0.607601465699692,0.5320943398050092,8724
blur,4,7,6,False,0.1,0.1,9324
blur,4,0,9,False,0.23810132796480582,0.18417856539200522,627
blur,4,0,0,True,0.683320320455785,0.5974705510630319,2097
blur,4,8,8,True,0.6600568347922783,0.5853627493901247,4521
blur,4,2,4,False,0.38023186694163136,0.29387138557655773,2253
blur,4,9,6,False,0.2022463478664976,0.18523983866278176,9340
blur,4,5,5,True,0.5396800206093723,0.4533799821791281,7006
blur,4,9,9,True,0.651146875130854,0.5462705612467375,850
blur,4,9,3,False,0.42979579142753377,0.3672261595380717,3433
blur,4,6,4,False,0.24880823732113674,0.22895738289311302,7209
blur,4,1,1,True,0.6781931202832068,0.5773332471688076,5145
blur,4,8,6,False,0.4485112873858722,0.3565117206466505,6801
blur,4,3,5,False,0.5527812551353128,0.48717672475056417,5872
blur,4,2,2,True,0.6740310396679611,0.5809124449869719,5159
blur,4,5,1,False,0.2600387969674045,0.21726726612342084,4651
blur,4,3,3,True,0.6406124839568503,0.5533640601582925,9276
blur,4,7,7,True,0.45107973203896856,0.39146067574123505,7779
blur,4,2,1,False,0.24119736274836087,0.22089801476761428,4726
blur,4,9,9,True,0.664309445019884,0.5747052304672982,5267
blur,4,0,0,True,0.5991179123315951,0.5275584106970946,600
blur,4,4,1,False,0.27512136155524053,0.24788101464846865,2703
blur,4,9,7,False,0.3230244076548267,0.3059646282351407,4228
blur,4,8,5,False,0.37113036799156796,0.3621555766743867,5030
blur,4,8,8,True,0.697879582638214,0.6078949587067911,3063
blur,4,6,4,False,0.18331654892269136,0.15838680413847436,5596
blur,4,5,3,False,0.4401957173508025,0.36042953370595987,9929
blur,4,2,1,False,0.3786325034303036,0.34976459441047014,9641
blur,4,2,2,True,0.6045998940080508,0.5108600208196842,4484
blur,4,5,7,False,0.34582961377527704,0.35590610750459134,3001
blur,4,3,3,True,0.556655857963254,0.543740945388094,8738
blur,4,3,1,False,0.30954612743547044,0.2738536230073175,907
blur,4,6,6,True,0.5250655691341155,0.4280057069919265,6919
blur,4,7,1,False,0.5263706925880176,0.47549076922250355,3779
blur,4,4,0,False,0.14013805148891448,0.1760931339858725,3053
blur,4,2,8,False,0.34462019045795994,0.2816816470431883,6140
blur,4,1,7,False,0.3524492410181645,0.3525428995760983,1753
blur,4,2,4,False,0.34854476839494575,0.2742829974226597,4386
blur,4,3,3,True,0.5986490371400885,0.49476766025312674,7328
blur,4,9,7,False,0.24149550357524857,0.22645045074381442,8030
blur,4,3,3,True,0.49635259315399255,0.4572338770040703,8001
blur,4,9,9,True,0.7218683581258147,0.6272593161163968,3398
blur,4,5,2,False,0.3182689834179555,0.29451702517359885,3639
blur,4,4,1,False,0.2669336281173243,0.26398183971217315,7464
blur,4,2,2,True,0.5284780810678733,0.48861008367642644,9561
blur,4,7,7,True,0.7451980695576168,0.6359723628891527,2979
blur,4,8,8,True,0.5631058341624351,0.4763708548443545,1933
blur,4,9,5,False,0.1,0.12107151991331427,4180
blur,4,8,4,False,0.11760882076800139,0.1240517719767146,7800
blur,4,0,3,False,0.37368175642259704,0.3444041551104172,428
blur,4,8,4,False,0.38661810436380406,0.3304017147084612,4210
blur,4,6,9,False,0.31226722165335064,0.29318826925614305,1448
blur,4,5,3,False,0.3567050946436895,0.2963096097084542,6325
blur,4,2,3,False,0.3352760925353787,0.3049295074313825,9179
blur,4,5,6,False,0.3626428119876508,0.32548180675329497,7821
blur,4,8,5,False,0.26990905196421144,0.2467962697450355,4168
blur,4,5,2,False,0.35877484328060555,0.3355825687702902,205
blur,4,1,1,True,0.7181915017313251,0.6050587040835628,6601
blur,4,7,3,False,0.2842289117864029,0.27013309768489585,2241
blur,4,7,3,False,0.17331073823828833,0.16272714649526576,6500
blur,4,6,7,False,0.3424459015571265,0.2902479799195581,8152
blur,4,2,0,False,0.44029735667912717,0.362816382592381,3443
blur,4,2,0,False,0.32744151063875854,0.33109879634750106,8976
blur,4,4,4,True,0.5179182875835056,0.4538415345667235,9573
blur,4,8,0,False,0.48557191335756833,0.42063677509509495,1319
blur,4,8,9,False,0.46249824044552235,0.38525001962275174,3245
blur,4,0,5,False,0.5334582720816925,0.4902126140318809,9487
blur,4,0,3,False,0.5857085224825523,0.5330739342366329,1614
blur,4,0,2,False,0.36594871802949847,0.3424264138957619,346
blur,4,9,1,False,0.2442832433103354,0.22142009383213396,8755
blur,4,8,4,False,0.307886149056296,0.29172838549235325,4095
blur,4,2,6,False,0.4173002051186641,0.35322873190313314,8978
blur,4,9,6,False,0.5040105245617261,0.44776123741717644,5870
blur,4,5,5,True,0.5255436124894872,0.46062559501404293,6907
blur,4,3,6,False,0.38552782345586767,0.3480395913176109,2406
blur,4,7,3,False,0.2807138226523321,0.21734353623613084,4426
blur,4,0,3,False,0.3453345724443645,0.3459281532492549,2692
blur,4,1,6,False,0.34383865974051764,0.3396334834861813,1109
blur,4,2,2,True,0.6393144271193383,0.5354165953528685,8543
blur,4,6,6,True,0.6037407708720267,0.5397268885507684,9381
blur,4,8,8,True,0.45315725715021665,0.3704440823675054,9327
blur,4,5,2,False,0.3170166597878364,0.2861414383362332,7220
blur,4,4,8,False,0.30051290634301214,0.22652142803907166,2316
blur,4,5,3,False,0.34091576120968126,0.2989351089341679,5237
blur,4,0,0,True,0.8178706724667391,0.7004348928540085,5847
blur,4,6,6,True,0.6207172162617707,0.5657444682232424,6394
blur,4,8,4,False,0.1188764619687559,0.14941453745293642,7692
blur,4,4,4,True,0.5971595179339713,0.5564053469668281,4232
blur,4,6,8,False,0.3467991349351097,0.3329444402758602,9565
blur,4,2,1,False,0.24393491505591397,0.22399303051561353,9186
blur,4,9,9,True,0.7093697537571344,0.6257302418447792,1333
blur,4,1,6,False,0.47199155161717404,0.42386156436093736,5736
blur,4,1,8,False,0.4792049354436603,0.39871782686431895,7414
blur,4,9,9,True,0.6099365900043408,0.5563646212751764,2285
blur,4,5,9,False,0.4123485335164951,0.379297405433352,9494
blur,4,4,4,True,0.582199824062702,0.5245999018437512,7148
blur,4,8,9,False,0.3303841347128128,0.2501970876222215,7231
blur,4,2,2,True,0.5905250316348643,0.5260012564272318,1754
blur,4,2,8,False,0.5126927712881154,0.470901679537642,8085
blur,4,0,5,False,0.47928030798003846,0.4220833966711754,7968
blur,4,5,2,False,0.3808929546414907,0.32874418294275937,4614
blur,4,7,4,False,0.26884782601524054,0.21627242891751192,4655
blur,4,9,9,True,0.6901403266581486,0.5729363000635854,9564
blur,4,5,2,False,0.32597117897511263,0.29516215597799295,7799
blur,4,0,5,False,0.40484891907466686,0.3544265084893014,1564
blur,4,1,2,False,0.34774725026873526,0.3056096626142233,5921
blur,4,2,8,False,0.5592242134540236,0.5209190615691263,94
blur,4,8,7,False,0.29899562286059084,0.2440279769071006,8552
blur,4,5,4,False,0.45162540285219543,0.39196755308349085,8122
blur,4,9,0,False,0.35135952512763496,0.3475377798457358,1262
blur,4,8,6,False,0.41691045632337154,0.363132043382735,6771
blur,4,8,0,False,0.5220012217976637,0.46002679281601716,1495
blur,4,2,3,False,0.1595427229855173,0.1471094573487909,6333
blur,4,5,5,True,0.5784492011120281,0.5207975116625779,2320
blur,4,0,0,True,0.5329677282524539,0.42692173530903477,4166
blur,4,3,3,True,0.6611043533354112,0.572871606124559,938
blur,4,3,3,True,0.5433054429069906,0.4778985203240958,1657
blur,4,1,1,True,0.5851844116479124,0.4924426805495786,738
blur,4,0,1,False,0.30779482386546947,0.2834974352224835,1610
blur,4,3,3,True,0.5999243492559867,0.5406632683574023,8963
blur,4,0,0,True,0.5709015217499216,0.5093050442939604,6409
blur,4,6,1,False,0.39332177481573727,0.38490907915813993,1067
blur,4,2,4,False,0.2782290022456013,0.24282745704001527,8896
blur,4,2,2,True,0.5805258512423573,0.5184185009984863,5846
blur,4,1,7,False,0.22821191435884539,0.21850100770168135,7317
blur,4,4,9,False,0.3032731683480253,0.26806987007969585,1470
blur,4,1,9,False,0.28488627434067815,0.279821312181999,8582
blur,4,5,7,False,0.33018419340238037,0.30142129810799057,7237
blur,4,9,2,False,0.49763400623456294,0.41396801489010565,4039
blur,4,7,2,False,0.4445967506924086,0.4079191506508244,8249
blur,4,1,3,False,0.31203157233879936,0.2702393556041336,7200
blur,4,0,0,True,0.637293076869676,0.5502440975946765,858
blur,4,8,8,True,0.5446356435424492,0.4729664817945412,869
blur,4,8,3,False,0.24360430485921153,0.23676948601534978,7117
blur,4,3,9,False,0.362238189676626,0.3444821786519234,8961
blur,4,4,4,True,0.5743830207045383,0.5000358214623192,48
blur,4,3,3,True,0.5048504392730765,0.43978606566966777,7388
blur,4,5,1,False,0.44091079212385803,0.34883126967177397,8418
blur,4,2,7,False,0.29307485427943586,0.24991709560452696,8442
blur,4,9,0,False,0.45741480424308056,0.3848672756214497,5703
blur,4,4,4,True,0.6167881068604419,0.5454937625342585,5508
blur,4,1,1,True,0.5517237013001084,0.4818237765688204,287
blur,4,3,3,True,0.5652115055518777,0.4772530552549248,7645
blur,4,8,1,False,0.47571351514321547,0.42241055381725723,3018
blur,4,2,3,False,0.24911546040595878,0.2253950265170128,1044
blur,4,8,7,False,0.5121073009288462,0.39948274754330076,7270
blur,4,7,3,False,0.28469332783926593,0.2791477392372411,5853
blur,4,9,9,True,0.6934608764754071,0.624659559464321,5874
blur,4,1,1,True,0.5903319410399714,0.5120237555817373,6897
blur,4,3,3,True,0.7113992283310357,0.6267412940736774,5763
blur,4,8,1,False,0.20404254680145362,0.18193072930894924,8392
blur,4,1,4,False,0.33867484891707095,0.27078465771709964,5261
blur,4,0,1,False,0.25203065661986096,0.27250053529610213,7161
blur,4,0,0,True,0.6627271236615746,0.5933133594791955,4963
blur,4,0,5,False,0.480551920865631,0.44228119141406325,5154
blur,4,7,7,True,0.6117804810468148,0.5293225200066809,4043
blur,4,3,3,True,0.601521075003046,0.548812448792667,1491
blur,4,1,1,True,0.7349839098198776,0.6123317510003806,2186
blur,4,7,7,True,0.5960021027773592,0.5166920456737489,7911
blur,4,3,3,True,0.6791426597890483,0.607067511970003,4092
blur,4,1,1,True,0.6602810671182123,0.5637027635768985,2252
blur,4,9,0,False,0.2813536805942935,0.27236487450973745,6734
blur,4,5,2,False,0.49496007227670524,0.4417911109358338,7635
blur,4,4,6,False,0.2805015394282995,0.25761865617284574,7932
blur,4,9,0,False,0.2845312096889558,0.24245018955398487,1621
blur,4,2,4,False,0.2901272555026102,0.2696956936682622,5580
blur,4,5,6,False,0.2937689131695662,0.3033544951658824,7132
blur,4,7,7,True,0.7935423659675545,0.6930167391763934,7917
blur,4,0,4,False,0.27613063714008756,0.2608303517529291,5134
blur,4,2,3,False,0.38314114548020173,0.35474042085523977,9593
blur,4,0,1,False,0.1,0.1,1152
blur,4,5,7,False,0.38281459078428476,0.33774089198634977,6474
blur,4,6,6,True,0.6212362541209916,0.539790352422116,4666
blur,4,1,1,True,0.5740872695738802,0.46047598602616874,4266
blur,4,1,7,False,0.2954739117265667,0.28193227280878136,6938
blur,4,4,6,False,0.45431722470362823,0.3825331682812939,8446
blur,4,3,7,False,0.41046010665155547,0.3774837531030717,1380
blur,4,1,1,True,0.6136805567602195,0.5214679243126447,6040
blur,4,6,6,True,0.5921911262599563,0.5592047201008284,6669
blur,4,7,1,False,0.4382877800372292,0.38197347650830143,9655
blur,4,4,0,False,0.5394709996431333,0.5119735713291211,2452
blur,4,3,3,True,0.7453378031739744,0.6450829287307792,2556
blur,4,1,2,False,0.20016812556414892,0.1840735095126493,1302
blur,4,3,2,False,0.28971039206200166,0.2925856450828877,4359
blur,4,5,5,True,0.7265287794408247,0.6141981112179424,3985
blur,4,9,9,True,0.5679354974335854,0.49874431754023313,7592
blur,4,1,1,True,0.5756229669319503,0.5150702571882263,7740
blur,4,8,9,False,0.2697816885984247,0.2523902148481854,8985
blur,4,5,5,True,0.6597237110604539,0.5766256110022712,8502
blur,4,5,4,False,0.2066171973113886,0.18873810753536754,9214
blur,4,3,6,False,0.35653431933046853,0.33498302089939935,8987
blur,4,9,9,True,0.5849260184934478,0.5157228485405551,2631
blur,4,0,0,True,0.5178950058141397,0.4745383257535326,2616
blur,4,2,2,True,0.5263996581792931,0.4702776036976448,3141
blur,4,3,7,False,0.4618403587779144,0.4205684062001625,5450
blur,4,5,6,False,0.22672197970242272,0.23038494461799924,6565
blur,4,4,8,False,0.3772731114333279,0.3294805074078752,1725
blur,4,9,8,False,0.4327753145523923,0.4049880046634966,4187
blur,4,1,8,False,0.37594623425274254,0.33141800439840574,2831
blur,4,5,1,False,0.4831181591416411,0.397637219222286,1683
blur,4,4,4,True,0.6017614493396607,0.5199132828459545,4966
blur,4,3,7,False,0.2809086373187439,0.2393182941940066,955
blur,4,0,9,False,0.3138766159534526,0.2893018162625946,8981
blur,4,8,6,False,0.6890696813621817,0.5949936673066085,7376
blur,4,2,5,False,0.41078037322214295,0.3667207586691307,7716
blur,4,1,7,False,0.4295016537930079,0.4003607743179136,4405
blur,4,5,9,False,0.42533496757101896,0.4062502016990956,7262
blur,4,1,3,False,0.3678820239091424,0.333553747500487,4620
blur,4,6,2,False,0.46494377529982245,0.43191520705679515,7741
blur,4,7,7,True,0.5131573383768728,0.4476408477280332,8762
blur,4,2,2,True,0.6660391843525946,0.549870127391972,3478
blur,4,0,4,False,0.40282175192361824,0.33381203982964625,7730
blur,4,0,1,False,0.46186486247395,0.4036709549588149,5121
blur,4,0,8,False,0.24443181936509162,0.23867892841138968,7553
blur,4,4,4,True,0.6149488137907101,0.5338490679994669,4540
blur,4,3,9,False,0.2581121365371326,0.25811291520577895,1907
blur,4,7,7,True,0.6378401955659337,0.5937971303655737,9739
blur,4,3,8,False,0.41365847973568654,0.34884421189655096,9359
blur,4,6,5,False,0.2650196222382877,0.28276389333121466,8199
blur,4,4,1,False,0.5514276367830317,0.4510186068699249,5439
blur,4,4,3,False,0.3886371447609169,0.38231826024930593,1032
blur,4,7,4,False,0.3724205834664719,0.3308870120772062,2901
blur,4,5,7,False,0.3392373028157325,0.2986948315216621,7956
blur,4,5,0,False,0.453049367452071,0.3999315759286333,4693
blur,4,4,4,True,0.6896618719018706,0.5852132014236137,970
blur,4,7,7,True,0.5175791371449969,0.4849733765760764,4157
blur,4,3,8,False,0.23861004814632464,0.20397846691180155,2207
blur,4,0,0,True,0.5349052901416108,0.4583792667130926,5515
blur,4,4,7,False,0.28599415992734567,0.23051001317787762,867
brightness,1,0,0,True,0.7914058357295373,0.6118498046241913,5256
brightness,1,2,2,True,0.8696662118591388,0.7366989528342179,5236
brightness,1,4,2,False,0.5837403300705736,0.5253261746478083,1180
brightness,1,9,9,True,0.7604972997863386,0.6446463666841744,4903
brightness,1,8,5,False,0.4503077828115767,0.41486993575626935,9677
brightness,1,4,4,True,0.9133977415160789,0.8096206540855657,9901
brightness,1,2,8,False,0.4254176257674542,0.37129511879066834,1130
brightness,1,7,7,True,0.9172137082573961,0.7828207748519536,3455
brightness,1,9,5,False,0.5625602338899807,0.4933680208301457,1859
brightness,1,3,1,False,0.4180361784096194,0.36945052295547515,2854
brightness,1,4,4,True,0.8913821406634269,0.7852148841055653,2349
brightness,1,1,4,False,0.5084813395868902,0.40038692609572457,9953
brightness,1,1,0,False,0.48374820069973573,0.41150458250132754,1756
brightness,1,8,6,False,0.6285037701588867,0.5289802751316844,5947
brightness,1,2,6,False,0.44409694971886887,0.3421163560047589,7664
brightness,1,1,5,False,0.6835704443060652,0.5861386093180682,9459
brightness,1,3,3,True,0.8347760775163826,0.6945677112154764,239
brightness,1,3,5,False,0.4409898309075322,0.38209165737296913,3805
brightness,1,2,2,True,0.6802926114688967,0.5834895215959734,870
brightness,1,7,7,True,0.7859121839596843,0.6920929526528237,1188
brightness,1,5,5,True,0.8062699972288624,0.6953261767049648,405
brightness,1,5,5,True,0.7809292340749716,0.6449605808540699,2227
brightness,1,9,6,False,0.3820877061070026,0.3467053207764762,3284
brightness,1,9,2,False,0.4104621670670362,0.41229063266338706,9329
brightness,1,2,5,False,0.4995025353153554,0.46107874886294276,3838
brightness,1,9,9,True,0.6884994423028136,0.613809244919248,3147
brightness,1,6,6,True,0.7430806965956215,0.6427094939128627,1399
brightness,1,1,1,True,0.8495397533922531,0.7272906516552214,8258
brightness,1,3,3,True,0.8573341697284319,0.7325283636083746,5936
brightness,1,2,9,False,0.34049159751388713,0.3092307012578235,4436
brightness,1,7,9,False,0.6224225283769929,0.5213404638570663,2771
brightness,1,6,6,True,0.8104831426049982,0.7083176438003658,4121
brightness,1,7,9,False,0.6189361249795319,0.5278230251395212,9464
brightness,1,1,1,True,0.7143874721826456,0.5879399371524349,5934
brightness,1,5,3,False,0.45149585543591586,0.38521662400390555,4699
brightness,1,5,6,False,0.4318062984683105,0.40705930212219354,1323
brightness,1,6,6,True,0.8530674922721746,0.7428749308124702,6308
brightness,1,3,2,False,0.7664562870723916,0.5954377134428563,1660
brightness,1,0,0,True,0.7918357589232805,0.674587836879487,9318
brightness,1,8,5,False,0.6304685975373067,0.5689635134385906,615
brightness,1,4,8,False,0.6249637968515338,0.5402518933529405,3831
brightness,1,9,5,False,0.5542610451106493,0.496597758164747,2837
brightness,1,4,4,True,0.7996489975289578,0.6867957732613952,1217
brightness,1,2,5,False,0.5918693637141111,0.521767772098535,5836
brightness,1,4,4,True,0.7933865176259346,0.6900844514469983,8936
brightness,1,0,4,False,0.6002304982678259,0.5122781754046721,2764
brightness,1,5,2,False,0.4363123843143218,0.3972951453317978,8019
brightness,1,9,9,True,0.6828355645501288,0.6260410118695195,1666
brightness,1,2,2,True,0.929363846686393,0.8126521498097359,520
brightness,1,1,1,True,0.812578751789068,0.7077711534912392,1267
brightness,1,1,0,False,0.2965904482302778,0.25023837314214015,707
brightness,1,1,1,True,0.6766894169709354,0.6089502433677255,6277
brightness,1,3,6,False,0.45940948077126337,0.39527699511585274,3535
brightness,1,2,7,False,0.5276638175140445,0.47472798466963945,6744
brightness,1,7,7,True,0.9414197941861057,0.8304407902768942,8167
brightness,1,3,3,True,0.8086380549176195,0.7220925085211495,8391
brightness,1,3,3,True,0.8177647669011341,0.730222589452689,894
brightness,1,1,1,True,0.8208885439887517,0.7321544390589402,4063
brightness,1,5,3,False,0.7436995080221811,0.6220201193386476,8194
brightness,1,3,3,True,0.7546887682808242,0.6393038999624271,4944
brightness,1,7,7,True,0.9152374107801804,0.7655023065970437,5166
brightness,1,0,0,True,0.7581136730830952,0.6306002160226383,5466
brightness,1,6,7,False,0.4821146395372216,0.4553036477796417,2920
brightness,1,8,8,True,0.783631135071393,0.6613678856892821,4179
brightness,1,7,8,False,0.7155202005068448,0.6006615827011318,1025
brightness,1,2,2,True,0.8349610757837369,0.7235995390181275,4669
brightness,1,6,6,True,0.6040812991500747,0.5135495869294715,4294
brightness,1,8,8,True,0.801828797693487,0.7417925570451277,3219
brightness,1,5,5,True,0.7421002244863368,0.6403166894310109,4000
brightness,1,6,6,True,0.7320837785458316,0.6461746817862467,7839
brightness,1,8,8,True,0.6863378043593912,0.5827777073795671,1993
brightness,1,4,4,True,0.7608156876903863,0.628452634245648,2872
brightness,1,1,7,False,0.6601889977254448,0.5615863831752278,8923
brightness,1,9,9,True,0.7558695342289581,0.6431295588421354,9051
brightness,1,3,3,True,0.658911436405286,0.5605750590436853,9815
brightness,1,3,3,True,0.7978519822557399,0.6611730323191756,1779
brightness,1,6,6,True,0.7266696993431866,0.6353907090449499,3752
brightness,1,1,1,True,0.6591971669782161,0.5685816712878172,1303
brightness,1,3,5,False,0.4182691347398587,0.33969043674104377,4078
brightness,1,5,4,False,0.6060521716627838,0.5322698020806903,4067
brightness,1,7,7,True,0.7932909791983207,0.7045419869603778,7337
brightness,1,1,3,False,0.27368397749408596,0.2715859901386422,1516
brightness,1,8,8,True,0.67403675713906,0.5395254367443618,1273
brightness,1,2,9,False,0.6773063420606056,0.5760923842683865,1798
brightness,1,9,9,True,0.6518678724353453,0.5416721526086812,7477
brightness,1,9,9,True,0.8809702385508567,0.7507784024229307,8121
brightness,1,7,0,False,0.3881512580546467,0.3726996219842805,5621
brightness,1,8,8,True,0.9035131669067952,0.7684418179005915,4922
brightness,1,1,1,True,0.7428121909378217,0.6368895468510941,9701
brightness,1,4,3,False,0.6766374263841735,0.5735603601335764,4715
brightness,1,1,9,False,0.6144661236575951,0.5698148560074868,779
brightness,1,4,2,False,0.6316393497092948,0.5058981452967153,6152
brightness,1,5,5,True,0.7397184926478189,0.6326333869606083,1696
brightness,1,5,5,True,0.7762415426315041,0.6574931976750239,5219
brightness,1,0,0,True,0.7981961336408652,0.6590432844579829,1435
brightness,1,0,6,False,0.5542248358613615,0.50813547447128,9715
brightness,1,9,9,True,0.7898570874448619,0.6503164472106988,6732
brightness,1,2,2,True,0.76211834750443,0.6536116604046037,9830
brightness,1,4,4,True,0.8981672572627312,0.7768675317845776,8937
brightness,1,5,7,False,0.43010542005491037,0.365571179636559,3367
brightness,1,1,1,True,0.7763177555454718,0.6401848159986978,9262
brightness,1,3,4,False,0.3755699464944857,0.3308692539708264,3577
brightness,1,6,6,True,0.7809439673908636,0.6635657374798215,7156
brightness,1,2,2,True,0.6810061340842972,0.6100281848930494,172
brightness,1,7,0,False,0.4617489152744057,0.41780880494693023,843
brightness,1,6,6,True,0.9856789510142792,0.8917126442362618,5559
brightness,1,9,9,True,0.6579664777684382,0.5764710308708821,6429
brightness,1,5,5,True,0.8117421327733355,0.7167658350267486,1674
brightness,1,8,8,True,0.8174019637817889,0.7026129717233481,7624
brightness,1,3,4,False,0.7088965164987286,0.6517966254692894,746
brightness,1,6,4,False,0.7673330246152891,0.6674384532301261,5059
brightness,1,9,9,True,0.941269331896028,0.8130278494797534,9485
brightness,1,8,1,False,0.5118198775856342,0.4608584523033132,2287
brightness,1,7,1,False,0.49869209894063504,0.4259891065917614,6723
brightness,1,4,0,False,0.5991201440189919,0.5142597805753815,1299
brightness,1,5,2,False,0.524369406339045,0.4715111655106777,9978
brightness,1,5,5,True,0.7919870011542839,0.702833627918374,7013
brightness,1,2,8,False,0.5313530519775549,0.47859140842193326,823
brightness,1,2,2,True,0.7604658769808443,0.6597923405770376,2457
brightness,1,6,6,True,0.8027802872940883,0.7027717912223719,7245
brightness,1,6,6,True,0.8071989925486546,0.7203275951360221,3622
brightness,1,6,6,True,0.6238073515628431,0.5233567388410136,6634
brightness,1,6,6,True,0.7785485248621821,0.6767941020175743,6854
brightness,1,5,5,True,0.8611898179968956,0.6887833291950349,6359
brightness,1,5,5,True,0.68198486006923,0.6094918366694306,4818
brightness,1,6,3,False,0.4609486400624473,0.39115408189445444,4392
brightness,1,3,5,False,0.702459645474486,0.5969695234690218,3713
brightness,1,1,4,False,0.431687013011549,0.37949597762529724,8939
brightness,1,6,6,True,0.7403385084227085,0.6566698186570122,9090
brightness,1,3,3,True,0.8039187779826387,0.7461676568198083,1357
brightness,1,7,7,True,0.783755804784113,0.6501317326241728,5212
brightness,1,8,8,True,0.88415807687191,0.749544144183536,3611
brightness,1,3,3,True,0.7473322844708542,0.6548061514523814,6219
brightness,1,1,1,True,0.7597083017712974,0.6462175529978165,4184
brightness,1,0,0,True,0.8972613772023781,0.7943909334311536,3024
brightness,1,5,2,False,0.6914712840171084,0.5993946790521579,5298
brightness,1,8,8,True,0.7501632965161015,0.6703450100338022,7214
brightness,1,8,8,True,0.8006318690530686,0.6905672789518938,6056
brightness,1,8,8,True,0.9119015850967427,0.8010140292384907,9267
brightness,1,0,0,True,0.6945230133537784,0.5862019754719009,3323
brightness,1,0,7,False,0.5512956405420277,0.5223497251562835,3731
brightness,1,9,9,True,0.8374040657330205,0.6928002661712973,2312
brightness,1,6,6,True,0.8497559974974244,0.7231373149258631,7831
brightness,1,8,8,True,0.8069244541614398,0.6724781050023686,3114
brightness,1,9,9,True,0.7806623038929593,0.6945689273465452,9838
brightness,1,7,7,True,0.8003721923404404,0.7061085750224615,3128
brightness,1,4,0,False,0.5282399312924408,0.4396401835066065,7928
brightness,1,7,6,False,0.5302067091099573,0.4856179793393872,6421
brightness,1,6,6,True,0.9085698323413425,0.773313514226863,1056
brightness,1,8,7,False,0.44575842493464346,0.4016410350092114,4330
brightness,1,8,9,False,0.6670116673705058,0.5944024864780058,9154
brightness,1,1,1,True,0.7582496843899638,0.654614816877883,5174
brightness,1,8,8,True,0.7632858922536238,0.681990075108486,539
brightness,1,6,1,False,0.579584390270926,0.5047645624577142,4013
brightness,1,7,7,True,0.7154473986970598,0.629905001861578,3522
brightness,1,3,3,True,0.6994630819729113,0.604061120749957,9043
brightness,1,4,4,True,0.8516857355932183,0.7015684254163282,5799
brightness,1,8,8,True,0.7382514750788468,0.6400430613882375,3652
brightness,1,1,1,True,0.8530139708711176,0.7225885533838707,7373
brightness,1,5,5,True,0.7742350551316259,0.7009451782168263,8077
brightness,1,9,8,False,0.4245888009845579,0.34861695990622643,7189
brightness,1,7,7,True,0.6645698380172677,0.6043847382551798,9747
brightness,1,1,1,True,0.8264525126330932,0.713909200926392,6747
brightness,1,1,1,True,0.807423716512196,0.709434201526904,1372
brightness,1,5,5,True,0.7695695430630596,0.6415357814525227,2913
brightness,1,2,2,True,0.6913809275862998,0.5964979838251344,7158
brightness,1,8,1,False,0.5776752488269338,0.49273156807919244,5142
brightness,1,8,8,True,0.8479236832786348,0.7777999803210642,1431
brightness,1,9,9,True,0.7475077041446976,0.6365946435740969,9483
brightness,1,3,3,True,0.7490807791378434,0.6747861949138927,5671
brightness,1,2,2,True,0.8535111049023448,0.7638317355923087,5592
brightness,1,5,5,True,0.9268176897044915,0.8255805011966109,8838
brightness,1,1,1,True,0.8651695294686061,0.7385165879764254,4819
brightness,1,7,7,True,0.8083570789719747,0.7382014403738265,215
brightness,1,8,8,True,0.7705419351368871,0.7102042727022342,3237
brightness,1,1,2,False,0.506697517675406,0.4530352144098862,429
brightness,1,1,3,False,0.49095206955333187,0.4230012818250006,1022
brightness,1,3,3,True,0.7776491528479115,0.6587888470783314,1996
brightness,1,8,8,True,0.8795907632766534,0.7720873314372312,9402
brightness,1,3,3,True,0.7931707886141103,0.6904932161501385,1162
brightness,1,7,7,True,0.7399600140631633,0.6476203146898585,1869
brightness,1,9,9,True,0.7325601212308531,0.6107187455430794,4156
brightness,1,4,1,False,0.39087219970107645,0.34790037240074956,648
brightness,1,1,1,True,0.6912290526133854,0.6254216673611784,8196
brightness,1,9,8,False,0.4538535010913676,0.4170791687062958,7975
brightness,1,3,3,True,0.9126254012056658,0.7824491523903647,4389
brightness,1,5,5,True,0.7071119620244272,0.6138643338809042,7681
brightness,1,9,9,True,0.7258768027781671,0.6026285844066159,2507
brightness,1,8,8,True,0.8133070294607486,0.6930059314155159,7507
brightness,1,8,5,False,0.38883564705357354,0.33870973251519637,5180
brightness,1,3,4,False,0.6537049131881654,0.5833173345531122,4607
brightness,1,6,6,True,0.8590300588564451,0.7310485905445737,821
brightness,1,3,3,True,0.6662335828540326,0.5605788469677014,4964
brightness,1,5,5,True,0.8503397109156196,0.752942336015886,912
brightness,1,3,3,True,0.743408820985104,0.6384454025685801,3076
brightness,1,8,2,False,0.5462525606089239,0.46253578147868823,122
brightness,1,7,7,True,0.9437673511507073,0.833450486356647,9857
brightness,1,9,9,True,0.6777901069192986,0.6002972476032089,9018
brightness,1,2,6,False,0.6449299096554377,0.5590409992163282,6270
brightness,1,9,9,True,0.8802423525440147,0.7561803850785142,133
brightness,1,2,2,True,0.735317544060212,0.6476104761241821,8358
brightness,1,6,6,True,0.7365816948397218,0.6518697505272962,5824
brightness,1,1,1,True,0.7605065682135265,0.665608817194178,3101
brightness,1,7,6,False,0.5340494195065973,0.4713547982013359,6065
brightness,1,7,2,False,0.585598559449517,0.500626277215504,3026
brightness,1,7,7,True,0.8614084860107373,0.7362631778176179,2136
brightness,1,2,5,False,0.5898103029989592,0.5129022661870108,2746
brightness,1,8,8,True,0.864284348101571,0.730419677665536,4302
brightness,1,1,1,True,0.90208084690074,0.7602077493739496,8904
brightness,1,7,7,True,0.8244847502952326,0.714017379451539,3806
brightness,1,4,4,True,0.8320386849155025,0.7420217992088762,9022
brightness,1,1,1,True,0.7424836342950913,0.6046528732496043,9829
brightness,1,9,5,False,0.4631309974274233,0.40083257768933866,9054
brightness,1,7,7,True,0.8368563737177463,0.7317782872304857,9680
brightness,1,1,8,False,0.5770771696793966,0.5269617057099949,7029
brightness,1,3,3,True,0.8093955457976112,0.7389841781826585,2787
brightness,1,7,7,True,0.8627815306001659,0.7432075644550559,2309
brightness,1,1,7,False,0.7274316873329908,0.6727674029907766,3628
brightness,1,4,4,True,0.8314812437162329,0.7308703781809064,3396
brightness,1,1,1,True,0.9077715094474149,0.8028903542124094,9288
brightness,1,0,0,True,0.8432534327752955,0.7104578814776975,5043
brightness,1,2,6,False,0.7451218284074136,0.6574215603144423,9082
brightness,1,7,7,True,0.8979325213835715,0.7962538949009925,6364
brightness,1,5,2,False,0.39920115041766313,0.3405338953190966,8566
brightness,1,3,3,True,0.8475344861140128,0.6832921257609187,8070
brightness,1,2,2,True,0.7394436360671661,0.6465072303328266,3595
brightness,1,8,1,False,0.6635914774620115,0.5747540656837725,2680
brightness,1,6,6,True,0.7671476553382209,0.6939605637569731,7487
brightness,1,8,8,True,0.9303327233543939,0.7950165821888466,7776
brightness,1,9,9,True,0.7464959910196935,0.6354213952838512,5750
brightness,1,6,6,True,0.64934268602632,0.5435128630465621,324
brightness,1,0,0,True,0.6744313520299445,0.5756649694113474,323
brightness,1,9,9,True,0.8282703492185617,0.7723688847740088,7323
brightness,1,1,1,True,0.7292939777366515,0.6031668772173739,4617
brightness,1,7,7,True,0.6265451168695985,0.5208575297242894,5525
brightness,1,2,4,False,0.5820874565266629,0.5086882840641398,5275
brightness,1,7,5,False,0.5621596332969839,0.5323269943706117,8098
brightness,1,8,8,True,0.8523588517600588,0.7543359339024841,1469
brightness,1,7,7,True,0.7543427516263118,0.6872379116062742,5211
brightness,1,2,2,True,0.8419183061082016,0.7229295161319874,4152
brightness,1,6,6,True,0.8631943730317408,0.7209131212633844,3315
brightness,1,1,1,True,0.7273031626202832,0.6242233760526621,9831
brightness,1,8,8,True,0.7803024618608185,0.6757630240906589,9903
brightness,1,1,1,True,0.7419614497816513,0.6458863781449717,1225
brightness,1,8,8,True,0.8331103995743936,0.7188641333368595,5595
brightness,1,1,1,True,0.7410212871320625,0.6566827842768678,4711
brightness,1,2,9,False,0.5188047818293899,0.4417457288319672,5027
brightness,1,7,7,True,0.7942069289110507,0.6715327184978618,6101
brightness,1,9,9,True,0.878827596940422,0.7379110783312722,6345
brightness,1,7,7,True,0.8308458204237795,0.7253194744330512,9069
brightness,1,3,3,True,0.8705468207648388,0.7570798155968254,545
brightness,1,3,3,True,0.8635217128090843,0.7708219094246976,1394
brightness,1,6,6,True,0.7933718861393158,0.7203059079610962,9957
brightness,1,4,4,True,0.7422009471973999,0.6217233089907981,1103
brightness,1,2,2,True,0.7204216297283482,0.6278288198027561,6245
brightness,1,6,6,True,0.6630713640458116,0.5745035221786523,8259
brightness,1,4,4,True,0.8851639643425081,0.736654786145517,4847
brightness,1,9,9,True,0.7635515932784607,0.653455492006795,4158
brightness,1,0,0,True,0.6536183619003023,0.6019079564360168,1346
brightness,1,7,7,True,0.8887460174856797,0.7577800624956967,7926
brightness,1,7,4,False,0.5416914729173147,0.45945803703937926,8385
brightness,1,8,8,True,0.867421544323351,0.7512672584130239,6580
brightness,1,7,7,True,0.7690766655021606,0.6869489844397025,1124
brightness,1,9,8,False,0.6045457221015427,0.5227703287179072,6906
brightness,1,3,0,False,0.5350090121005449,0.47231139048603255,9367
brightness,1,3,3,True,0.8322908012990566,0.6767551965743349,2004
brightness,1,9,9,True,0.7676079377109571,0.6789132688982609,2563
brightness,1,0,0,True,0.8950822448574499,0.7802425399687025,8407
brightness,1,8,8,True,0.8656375360679098,0.7684855133753015,6334
brightness,1,7,8,False,0.5644013000956932,0.45738860847112106,356
brightness,1,5,5,True,0.7012022280091862,0.6049722264486931,5893
brightness,1,1,1,True,0.6899312779643609,0.6207252239726084,6534
brightness,1,6,6,True,0.8859214067953176,0.7568944592344717,8548
brightness,1,4,4,True,0.6149324330325127,0.5387136320221143,6852
brightness,1,0,0,True,0.782721649457244,0.6721208969525874,1800
brightness,1,7,5,False,0.479830810145418,0.41515372326504374,4131
brightness,1,8,8,True,0.7508229446946386,0.6765421776676048,9122
brightness,1,5,5,True,0.7871743005920896,0.6556303076023524,4493
brightness,1,1,2,False,0.5987027315513146,0.5228918038219794,5092
brightness,1,3,3,True,0.7430223410702668,0.6516042262217796,9779
brightness,1,5,5,True,0.860512824832981,0.7651979148906043,1885
brightness,1,5,5,True,0.8365980427698401,0.7236692443338211,4021
brightness,1,5,2,False,0.3930703572528327,0.36848741505227695,50
brightness,1,2,2,True,0.7238854949186697,0.6292100548422478,8542
brightness,1,7,7,True,0.7827471300859309,0.6827259154048508,4183
brightness,1,0,0,True,0.9588536182525268,0.8316523484796082,4734
brightness,1,9,8,False,0.5426631221761886,0.48936920794521477,1701
brightness,1,4,8,False,0.5393785877753553,0.4843064335364723,2443
brightness,1,8,8,True,0.6495854762646144,0.5448864710547651,7745
brightness,1,0,0,True,0.7211371018756518,0.6323069661052173,5840
brightness,1,6,6,True,0.7465896238803752,0.6604144121315398,2193
brightness,1,9,9,True,0.8659270984694204,0.7802726521417114,5287
brightness,1,9,9,True,0.7944285724437936,0.6700911532940618,1382
brightness,1,4,7,False,0.5160735126126129,0.4644314205720766,646
brightness,1,3,2,False,0.529218778774834,0.45787827531459097,3185
brightness,1,8,3,False,0.5278691404743586,0.4675259177434793,8799
brightness,1,6,6,True,0.7637054912159624,0.6426797117688452,714
brightness,1,9,8,False,0.5527526094660473,0.48457206673286174,2479
brightness,1,2,2,True,0.7003806855999792,0.6167020953753386,6275
brightness,1,4,7,False,0.5463556626993468,0.459999782730844,5460
brightness,1,3,3,True,0.7117630159498303,0.6489737818169787,4813
brightness,1,4,6,False,0.5525998731785183,0.4538254477072613,2758
brightness,1,8,8,True,0.6987192194356058,0.6196624691335403,2500
brightness,1,8,8,True,0.9357717171006635,0.7618371743153203,6215
brightness,1,5,5,True,0.7964543908240229,0.6868865633216571,904
brightness,1,0,6,False,0.42450312446050276,0.38542039289884383,2534
brightness,1,4,4,True,0.8270481998798509,0.7322435401887816,8486
brightness,1,4,4,True,0.7883952599477899,0.683028510321239,6393
brightness,1,7,7,True,0.7997331491742367,0.6899406850810852,5500
brightness,1,2,6,False,0.6023568961590274,0.5383522252397097,9658
brightness,1,5,2,False,0.6033899664756118,0.5468947223793199,7302
brightness,1,7,7,True,0.7242104746874165,0.658171173541445,69
brightness,1,5,5,True,0.7106337601912018,0.5932224277036355,1204
brightness,1,8,8,True,0.8556774463294324,0.7383129138525667,77
brightness,1,2,2,True,0.7898465767940468,0.6424989505110978,7244
brightness,1,6,6,True,0.6294838165968027,0.5227112268355611,891
brightness,1,4,7,False,0.53953956240197,0.45952625250888707,3118
brightness,1,4,4,True,0.9123979448069951,0.8078384926406819,5271
brightness,1,4,4,True,0.7771698312369844,0.665976494986644,6788
brightness,1,5,5,True,0.7475206943960662,0.6446132942498659,6259
brightness,1,5,5,True,0.6704164933861179,0.5908546328363574,4050
brightness,1,5,2,False,0.35575199431683524,0.30397797043684344,6024
brightness,1,9,9,True,0.6968997239942899,0.5674712474689357,393
brightness,1,6,6,True,0.8243363662190174,0.700767381853881,7426
brightness,1,5,5,True,0.7939434192940887,0.6874374406150485,8538
brightness,1,9,3,False,0.525613256058208,0.47114052371041953,6136
brightness,1,2,6,False,0.5391630586062858,0.4691608202806901,1201
brightness,1,2,9,False,0.5447310772864948,0.487058086957888,7140
brightness,1,1,1,True,0.7335746769707621,0.6570325971670351,589
brightness,1,2,2,True,0.7338721026778771,0.6612025362236896,6230
brightness,1,0,0,True,0.7705625567542839,0.6734243611384049,4730
brightness,1,1,1,True,0.7817504874857816,0.656744713694293,6950
brightness,1,6,6,True,0.8285637040974083,0.6943788467469993,7973
brightness,1,6,6,True,0.864435580699813,0.7267328797523763,8488
brightness,1,6,9,False,0.39899869600545124,0.33265116334323097,6778
brightness,1,9,9,True,0.9843915480902629,0.8537209321853179,8726
brightness,1,8,1,False,0.3808364782708783,0.3764598585833074,7259
brightness,1,3,3,True,0.8084681063475576,0.706435996313209,9640
brightness,1,1,1,True,0.7483594533794087,0.6494256394272925,2675
brightness,1,4,4,True,0.9507807894907503,0.8424014836328999,7159
brightness,1,9,9,True,0.8040482779462551,0.6818697617586248,9081
brightness,1,9,9,True,0.6276262280396578,0.5693229935105417,6746
brightness,1,2,2,True,0.8247371022249192,0.7353848280804686,5272
brightness,1,1,6,False,0.2763054236591138,0.2510395516941766,7856
brightness,1,7,0,False,0.4655254907362641,0.4525715848108026,496
brightness,1,8,8,True,0.7321175329691942,0.6596045266392848,508
brightness,1,9,9,True,0.8162261814404762,0.7097000511238984,4492
brightness,1,9,9,True,0.7683610887515469,0.6652338665178329,5940
brightness,1,2,6,False,0.31668097416894714,0.27554060476661163,3817
brightness,1,7,1,False,0.46650238730340987,0.4089122332454994,5250
brightness,1,6,2,False,0.5852746498862459,0.5104474864488268,1355
brightness,1,3,3,True,0.8740042554429933,0.7515138117136503,4709
brightness,1,0,4,False,0.5916935251694818,0.5136601009788757,3914
brightness,1,6,6,True,0.8383122067369855,0.7037155178318998,2852
brightness,1,3,3,True,0.6934053166205474,0.5930317549563611,1572
brightness,1,2,8,False,0.4620885165054223,0.3758300581993548,8926
brightness,1,0,0,True,0.7278239462357419,0.6419390040627262,2436
brightness,1,1,4,False,0.41406227364437964,0.36855410795404814,8643
brightness,1,1,1,True,0.8110495001647571,0.7019403476085233,6636
brightness,1,1,0,False,0.6079891373759752,0.5495154379567001,2690
brightness,1,9,9,True,0.8508276329323385,0.7209326160578498,6611
brightness,1,0,0,True,0.6188014644789376,0.5267646592617514,6188
brightness,1,3,2,False,0.8134446470443204,0.6768036994288122,481
brightness,1,9,9,True,0.8496903662035862,0.7576971935685067,7121
brightness,1,1,1,True,0.9437674497909085,0.8293129841430021,4402
brightness,1,6,6,True,0.788051342534374,0.7114353718385709,4584
brightness,1,2,3,False,0.643160523145566,0.5933378539141221,4570
brightness,1,3,4,False,0.31613632192454166,0.275228593710613,5676
brightness,1,4,5,False,0.4060463580027251,0.34591643783534576,3233
brightness,1,5,7,False,0.5518592258771308,0.44817102177128815,8517
brightness,1,7,5,False,0.5947657232885516,0.4985911248811486,1182
brightness,1,6,6,True,0.6878619904401472,0.5931845719321925,1428
brightness,1,0,0,True,0.8670797238649767,0.7107988185870606,3022
brightness,1,1,1,True,0.8354653456741835,0.7035989121604154,5777
brightness,1,6,9,False,0.5082972931359736,0.44539600376156196,7152
brightness,1,2,2,True,0.8475898083022709,0.7533200851616839,1181
brightness,1,0,6,False,0.47643026987012577,0.40562413904010763,9777
brightness,1,5,8,False,0.605121628235605,0.5319129791064267,8544
brightness,1,3,3,True,0.7476249333421467,0.6877563564807332,8412
brightness,1,8,8,True,0.765204708388445,0.6293031298014854,9446
brightness,1,8,8,True,0.8625408210209183,0.7698771511177057,7742
brightness,1,1,1,True,0.6471371681436984,0.5726820464516799,3954
brightness,1,7,7,True,0.87833034749625,0.7869114199852026,2615
brightness,1,8,9,False,0.49086144366566403,0.4515700749546308,9016
brightness,1,6,6,True,0.7587931720696203,0.6467101489294506,3277
brightness,1,6,7,False,0.4976578318309636,0.43804518985809004,5033
brightness,1,4,4,True,0.7172819229330833,0.5954787651458895,7707
brightness,1,4,3,False,0.6468269789302457,0.5543442047519443,5293
brightness,1,0,6,False,0.6374087709823567,0.557382416152665,9050
brightness,1,1,1,True,0.638360855241303,0.5636784666502102,6137
brightness,1,6,6,True,0.6817886272744091,0.610309052823582,1274
brightness,1,5,1,False,0.4121827838382146,0.3970139047456139,8929
brightness,1,1,3,False,0.5108661314721117,0.4405253036058306,2425
brightness,1,3,8,False,0.46481991335569783,0.4329922932228388,6281
brightness,1,6,6,True,0.7867002917171062,0.689041301103432,1604
brightness,1,1,7,False,0.6134585988389836,0.5102914655642711,977
brightness,1,2,2,True,0.8580071071799078,0.74129797237726,834
brightness,1,8,8,True,0.7663891153451372,0.6687483487462013,1719
brightness,1,4,2,False,0.5537491657481879,0.46895284437522744,9271
brightness,1,4,4,True,0.8044120601802651,0.6779389358493324,4258
brightness,1,0,0,True,0.9589782590296582,0.8086483576065214,6988
brightness,1,0,0,True,0.8230437779024152,0.7037162304698197,4881
brightness,1,6,6,True,0.8434575932651035,0.7146463549420314,812
brightness,1,3,3,True,0.9713117442033306,0.8652231394347457,1171
brightness,1,2,2,True,0.8122261093096772,0.6563699556215676,3832
brightness,1,1,1,True,0.8818287159749083,0.7667798366626761,4230
brightness,1,7,7,True,0.8282180206948242,0.7295516055375809,9339
brightness,1,9,5,False,0.41100813728793484,0.34510041667451896,4352
brightness,1,2,2,True,0.7129328866258294,0.6163546786533283,7413
brightness,1,2,2,True,0.6996678330469202,0.602875612350098,994
brightness,1,7,3,False,0.6979293649495258,0.6066924003310569,1923
brightness,1,5,1,False,0.5106714357037507,0.4623294068310965,7155
brightness,1,7,7,True,0.8567572924131444,0.754711323081561,3928
brightness,1,7,7,True,0.8966549023770976,0.7651571118844995,6882
brightness,1,7,7,True,0.7891117052169991,0.6556559074708525,7135
brightness,1,1,1,True,0.8330193532151368,0.7263678222013156,6532
brightness,1,5,9,False,0.41692670403124765,0.3562542267107088,1560
brightness,1,4,1,False,0.5713792258380862,0.4901172342559991,7925
brightness,1,8,8,True,0.7642772260642121,0.6691045704826806,5168
brightness,1,6,6,True,0.6712001397842553,0.5768186848448158,1366
brightness,1,7,0,False,0.5655592111271012,0.5018596489818431,4849
brightness,1,8,5,False,0.5402712790046361,0.5244877166626914,6106
brightness,1,6,1,False,0.5828598637098867,0.5241477686929744,4057
brightness,1,6,6,True,0.8886393482795372,0.7972414040760735,7420
brightness,1,5,1,False,0.7196456471564547,0.6369166623566048,2952
brightness,1,0,0,True,0.9550706543283591,0.8283524112824974,940
brightness,1,7,7,True,0.805198958741288,0.7099404066176014,4412
brightness,1,3,3,True,0.8726336254545736,0.7662847445009615,7167
brightness,1,1,1,True,0.7819940698511318,0.6969510686215038,6889
brightness,1,3,3,True,0.6987879368168616,0.6101570744842378,2791
brightness,1,3,3,True,0.7559824561849087,0.631418772649782,8307
brightness,1,3,3,True,0.9079240780844895,0.7573726384698022,1281
brightness,1,2,2,True,0.7688638362246396,0.6777589376760706,8493
brightness,1,9,9,True,0.7526801471957573,0.6322542221929672,4423
brightness,1,8,3,False,0.4777768580991615,0.4348388640762652,8975
brightness,1,0,6,False,0.48641410588306777,0.4552250721570787,2883
brightness,1,4,4,True,0.8855007252317108,0.7632624194275696,184
brightness,1,3,3,True,0.94083637588648,0.8389378440204562,5762
brightness,1,8,8,True,0.7904747916437875,0.6920823340008395,1421
brightness,1,4,4,True,0.8332364544451555,0.7237693870231188,1772
brightness,1,6,6,True,0.8677500092144506,0.7540444313463953,2841
brightness,1,0,7,False,0.7403137997481241,0.6276497221571093,8410
brightness,1,7,7,True,0.7197670329925945,0.6076292854029258,7054
brightness,1,4,7,False,0.5549295745833054,0.4538093197330634,4319
brightness,1,8,3,False,0.3751182943588667,0.31918862043839585,3168
brightness,1,1,1,True,0.8215049740904835,0.7560671053251204,5628
brightness,1,3,7,False,0.4849282245558785,0.39732167903410315,9938
brightness,1,8,8,True,0.7550703190635109,0.6332790231279743,7694
brightness,1,2,3,False,0.4624780918927582,0.39199458038119184,7623
brightness,1,2,0,False,0.5448312069931223,0.4629334244965379,9247
brightness,1,3,3,True,0.7341407253233593,0.6444060943269531,305
brightness,1,5,5,True,0.7531082695617678,0.6429058015854038,4774
brightness,1,0,7,False,0.42587072251732855,0.37301980167527693,9489
brightness,1,6,6,True,0.853306535500969,0.7233205366076499,3153
brightness,1,8,9,False,0.5503063081753194,0.4732559123539141,7267
brightness,1,3,3,True,0.8294858840596379,0.7188695101795718,2337
brightness,1,1,1,True,0.8785127546657652,0.7590447391809283,1176
brightness,1,3,3,True,0.8888332134665402,0.8101235137895776,8320
brightness,1,6,6,True,0.6451753087775884,0.5628352788205169,6192
brightness,1,5,6,False,0.4358132675944496,0.3812464422778738,4810
brightness,1,6,6,True,0.7604161054881272,0.611414399454221,7435
brightness,1,8,8,True,0.6894601275702832,0.6058396167640896,4915
brightness,1,9,9,True,0.7644212414719714,0.6252563460767434,212
brightness,1,4,4,True,0.848468857299516,0.7472324314286929,1742
brightness,1,7,7,True,0.9064197829514492,0.7883051629891071,7343
brightness,1,4,4,True,0.682392011785825,0.6109911534378446,1527
brightness,1,1,1,True,0.8394732636170559,0.7158636950503466,1568
brightness,1,5,5,True,0.947250316499429,0.8207023649489621,9477
brightness,1,9,8,False,0.4616445494852555,0.4209131866331758,9884
brightness,1,4,4,True,0.5137355919809166,0.4330842938760521,5919
brightness,1,5,3,False,0.6541224242867256,0.5832047467706597,7247
brightness,1,7,7,True,0.8668832882888542,0.7631359181762829,2838
brightness,1,8,5,False,0.44796269047460524,0.3930709411594018,7851
brightness,1,0,0,True,0.7287471222407147,0.666005730646294,4795
brightness,1,0,0,True,0.8906211263009078,0.7823390186530149,7593
brightness,1,4,1,False,0.44957414386420347,0.36365496276409526,9582
brightness,1,1,9,False,0.46927337895020427,0.4336561341671774,347
brightness,1,9,9,True,0.7953170195101453,0.677857288945273,5360
brightness,1,7,3,False,0.5809873557087706,0.5247928778699281,2659
brightness,1,6,6,True,0.7436584832736709,0.6530202560278945,791
brightness,1,5,5,True,0.7798306075342407,0.625021178757839,6296
brightness,1,4,4,True,0.8617533685048817,0.7595876615493277,4778
brightness,1,0,1,False,0.3094651764733738,0.2736122748167299,4653
brightness,1,7,7,True,0.6814409444152374,0.585035863419731,8179
brightness,1,4,4,True,0.7390150218835473,0.6347188083482251,9437
brightness,1,3,8,False,0.4136137412088815,0.38234925714391954,8347
brightness,1,4,4,True,0.7416106277860982,0.6269436186878197,2583
brightness,1,4,4,True,0.651803307864217,0.5912984282461891,3601
brightness,1,9,9,True,0.8088496792071631,0.6721292283584478,4274
brightness,1,1,1,True,0.8594081037530863,0.7514107721244064,4539
brightness,1,1,1,True,0.7250617926794104,0.6467513340509388,3419
brightness,1,1,1,True,0.7378424620269669,0.6571240591767019,7235
brightness,1,6,6,True,0.7750090798145876,0.6774392717079661,9219
brightness,1,0,0,True,0.7170955760396939,0.6203953251192589,4097
brightness,1,7,7,True,0.8687026058443913,0.742397516007576,7731
brightness,1,7,7,True,0.7189071031862218,0.6016226289724644,9455
brightness,1,7,0,False,0.6060604473821157,0.5164379782337234,6367
brightness,1,4,4,True,0.7289385649352447,0.6153702050994478,6122
brightness,1,4,4,True,0.8705981694476839,0.7325021185914091,4649
brightness,1,9,9,True,0.7715136871923313,0.7068608437543625,9439
brightness,1,8,8,True,0.9494487429395044,0.7876428864505485,9802
brightness,1,1,1,True,0.8183011739508074,0.7330661918007989,4613
brightness,1,2,4,False,0.7459849236090605,0.6243571443928635,2514
brightness,1,2,0,False,0.4898005881180696,0.4108879722576641,6680
brightness,1,4,0,False,0.6198180750390813,0.5210758510041282,1526
brightness,1,6,6,True,0.7873471309133631,0.6620355461256964,3008
brightness,1,2,1,False,0.6737621502976342,0.6061549280079706,9041
brightness,1,0,0,True,0.6301176578958338,0.5623673466751757,241
brightness,1,3,3,True,0.8710815849595477,0.750767364579086,5156
brightness,1,5,5,True,0.7926194407168926,0.7428736670302648,7865
brightness,1,6,7,False,0.6673957645270416,0.5819518647350841,4292
brightness,1,1,1,True,0.8201017309289085,0.7132839958743264,7637
brightness,1,6,5,False,0.4479274331450462,0.3820255618248559,2608
brightness,1,1,1,True,0.9027832560118403,0.7662710956287487,2684
brightness,1,2,8,False,0.4651777480608701,0.39973882009914385,5153
brightness,1,5,5,True,0.777446457487674,0.6928640735341169,68
brightness,1,1,1,True,0.8454742487173545,0.7450755578253796,5424
brightness,1,5,5,True,0.7871228672511049,0.7098664748556526,7581
brightness,1,0,0,True,0.8047066223757171,0.6846590889949672,2069
brightness,1,2,2,True,0.8880933428950185,0.7816695229127573,7735
brightness,1,5,5,True,0.6965142333691303,0.6131472618209233,1192
brightness,1,2,2,True,0.7209381109237687,0.6364814363136247,4310
brightness,1,4,4,True,0.7564514635673635,0.6407082312963501,902
brightness,1,2,2,True,0.7681576920927032,0.6471593786279388,3927
brightness,1,5,5,True,0.8825231286352662,0.7759274250140575,9603
brightness,1,1,1,True,0.6768240494016738,0.6077572624609556,424
brightness,1,1,7,False,0.2866375242539163,0.24627577428729924,4534
brightness,1,9,9,True,0.7459377514358781,0.661227792540611,7144
brightness,1,3,5,False,0.6674836163227508,0.6063485641003655,2580
brightness,1,6,6,True,0.860707800294373,0.7393656747190883,8522
brightness,1,0,6,False,0.5807348823024829,0.4798483974053151,7904
brightness,1,1,1,True,0.8675074158349013,0.7261054915174407,9766
brightness,1,7,7,True,0.6844448062566748,0.5832476311753232,2775
brightness,1,3,3,True,0.9522003587573261,0.8154500280936433,2810
brightness,1,3,3,True,0.7226516919378938,0.6285311618258957,7181
brightness,1,1,1,True,0.8905559950681265,0.7716562308999807,9333
brightness,1,2,2,True,0.8341320841677007,0.7185650524288323,8099
brightness,1,2,8,False,0.5351913801770048,0.48349737273390425,2105
brightness,1,7,7,True,0.8872179686129142,0.7539198008660016,3211
brightness,1,9,9,True,0.8697265620948261,0.7795610656504063,9321
brightness,1,0,0,True,0.7985905735281414,0.7126033048580607,3131
brightness,1,1,1,True,0.7562721090914284,0.675167435169913,4368
brightness,1,6,3,False,0.6081785026807667,0.5187616226282308,8682
brightness,1,8,0,False,0.5690256401531416,0.49634332838751594,5938
brightness,1,3,3,True,0.8183192977539795,0.7250282718968386,1898
brightness,1,8,4,False,0.3687537649365566,0.3244424166768313,6239
brightness,1,0,0,True,0.8274854791818707,0.7043796587699871,3099
brightness,1,7,7,True,0.8047895766288592,0.6842858874702111,3962
brightness,1,9,9,True,0.7376826469779445,0.6282190826767169,7908
brightness,1,4,4,True,0.8159725384271538,0.6853579234587411,784
brightness,1,5,5,True,0.6543253561511193,0.6285836289790875,3019
brightness,1,2,2,True,0.7261994027184028,0.5932231081220782,211
brightness,1,7,7,True,0.8384993858757467,0.7081086669539707,2954
brightness,1,8,8,True,0.8608149715656834,0.7586131918094376,845
brightness,1,8,9,False,0.4236112968035482,0.3614415865601753,6502
brightness,1,8,9,False,0.46415148271326334,0.4024945165093794,7583
brightness,1,0,5,False,0.6192473490155934,0.5492640281513561,9118
brightness,1,5,7,False,0.6509644448330965,0.5889668575835024,8079
brightness,1,5,2,False,0.5676914765368476,0.4920693693725093,6422
brightness,1,0,0,True,0.7113631620855309,0.6380992489540425,9239
brightness,1,8,3,False,0.477858559175307,0.38723137227943655,62
brightness,1,1,1,True,0.9466644184408848,0.8075452209413007,797
brightness,1,4,4,True,0.7162037724845237,0.6336695848339967,1855
brightness,1,0,3,False,0.632012749019393,0.5916746490538445,2297
brightness,1,7,7,True,0.7591002849540528,0.6409274056391695,4870
brightness,1,1,1,True,0.9830558703092851,0.8277686451640609,7573
brightness,1,5,8,False,0.49023792175790887,0.4385302749328928,1512
brightness,1,5,5,True,0.7771633612824141,0.6766524750842527,6516
brightness,1,0,0,True,0.7608251038340688,0.6473326786104884,9336
brightness,1,8,3,False,0.5347344429865515,0.44519051385675895,7418
brightness,1,0,6,False,0.5316308086092489,0.4566083337309023,6420
brightness,1,6,4,False,0.40224740416276195,0.36733504093778524,8724
brightness,1,1,1,True,0.8466922324685099,0.728024378093667,9324
brightness,1,6,2,False,0.5956246820076772,0.5447042263998806,627
brightness,1,2,2,True,0.9027197122012779,0.7795913104974718,2097
brightness,1,7,2,False,0.7454191964221781,0.6606364165008384,4521
brightness,1,5,5,True,0.6893222181315991,0.6064933622273354,2253
brightness,1,6,6,True,0.724022350828353,0.6223456518730622,9340
brightness,1,9,9,True,0.7892837379394974,0.7025535322145817,7006
brightness,1,4,0,False,0.49382414520044315,0.41040481926977307,850
brightness,1,7,7,True,0.7739162313803419,0.6617573879626436,3433
brightness,1,8,8,True,0.8288044628834865,0.7112059654159009,7209
brightness,1,3,3,True,0.9065655569082074,0.7932114971255022,5145
brightness,1,3,3,True,0.8541944557033528,0.7536818413843501,6801
brightness,1,7,7,True,0.7944922735305306,0.6740148404724337,5872
brightness,1,9,5,False,0.5704427891219648,0.48075445577066334,5159
brightness,1,0,0,True,0.8781129248440556,0.7629674709636544,4651
brightness,1,1,1,True,0.940738785900716,0.7838749956494533,9276
brightness,1,1,1,True,0.8410634354436375,0.7500606359479302,7779
brightness,1,6,6,True,0.7507916339874761,0.6486962604209376,4726
brightness,1,4,4,True,0.8107382509165623,0.6807367059732398,5267
brightness,1,5,5,True,0.836424976927309,0.7021747145155801,600
brightness,1,3,3,True,0.7455883356435595,0.6550127743675032,2703
brightness,1,4,4,True,0.8592603604553085,0.7510927957553118,4228
brightness,1,7,7,True,0.811123325202124,0.6890861369198393,5030
brightness,1,4,4,True,0.8831726475044932,0.7634192877491769,3063
brightness,1,3,3,True,0.7118606538018327,0.5974974381229148,5596
brightness,1,0,0,True,0.6506817905686957,0.5629112238463877,9929
brightness,1,3,3,True,0.7585796911507189,0.6893035818570742,9641
brightness,1,7,7,True,0.7918989511828095,0.7307253237842458,4484
brightness,1,1,1,True,0.645927776432613,0.5598034078918014,3001
brightness,1,3,3,True,0.7413233352922257,0.6537616808484161,8738
brightness,1,2,6,False,0.3887128561643506,0.3532526389934437,907
brightness,1,4,4,True,0.8326626834842776,0.6883425757793911,6919
brightness,1,8,0,False,0.5256957523610652,0.43884427114553604,3779
brightness,1,8,8,True,0.7055372450706601,0.5683938354170507,3053
brightness,1,3,8,False,0.38730286956487214,0.35318891005810493,6140
brightness,1,5,7,False,0.3644216113428232,0.3636660499475196,1753
brightness,1,8,8,True,0.7975995461617621,0.7142763453158971,4386
brightness,1,8,8,True,0.8225921517992385,0.7150933172445548,7328
brightness,1,6,6,True,0.8037000994448291,0.6962154188320537,8030
brightness,1,1,1,True,0.9093422515786082,0.78089353505553,8001
brightness,1,3,6,False,0.5950976936391728,0.5420263985565621,3398
brightness,1,2,2,True,0.8170673857838229,0.7138204244824993,3639
brightness,1,6,8,False,0.47759993026309605,0.42220914321171754,7464
brightness,1,2,7,False,0.4486145058505765,0.3742567678497874,9561
brightness,1,0,0,True,0.773200299596276,0.6842417852337962,2979
brightness,1,8,8,True,0.8051503231791597,0.696378088644932,1933
brightness,1,1,0,False,0.5084467742966003,0.4551191332649807,4180
brightness,1,7,7,True,0.7500453295455805,0.6725200630320708,7800
brightness,1,9,7,False,0.5412608296559872,0.44237411892871353,428
brightness,1,8,8,True,0.7683046843793486,0.6621467975236865,4210
brightness,1,4,4,True,0.7630564249644225,0.6547856323220463,1448
brightness,1,5,5,True,0.9363500875112933,0.8003225408113985,6325
brightness,1,7,7,True,0.8693684367176725,0.7316253773091981,9179
brightness,1,2,2,True,0.7792779359992368,0.6628358212794698,7821
brightness,1,4,5,False,0.370649970071655,0.3080834637567932,4168
brightness,1,3,3,True,0.8392044112277235,0.7448220088027669,205
brightness,1,2,0,False,0.5151048357911882,0.4603874210149523,6601
brightness,1,5,7,False,0.5324781153157319,0.47376796920585723,2241
brightness,1,4,3,False,0.4564946457857014,0.364480911212778,6500
brightness,1,0,2,False,0.5927300419055369,0.5577974060866694,8152
brightness,1,0,2,False,0.5285478284493621,0.4560950886211938,3443
brightness,1,6,6,True,0.9659391165738384,0.8709408711164474,8976
brightness,1,5,5,True,0.7701322877763137,0.6845950857003343,9573
brightness,1,8,8,True,0.8010855002903363,0.6912893997987873,1319
brightness,1,0,0,True,0.8260192160150966,0.7579804223578107,3245
brightness,1,3,1,False,0.6699524006607638,0.5958071458813262,9487
brightness,1,3,3,True,0.7216340014265273,0.6238220275396851,1614
brightness,1,6,4,False,0.4621079088441715,0.3999697077819344,346
brightness,1,4,4,True,0.6665576832675544,0.6022131059143356,8755
brightness,1,4,8,False,0.451329618579918,0.3878999746000578,4095
brightness,1,9,9,True,0.8552541756687664,0.7343947443767419,8978
brightness,1,0,0,True,0.8298271350001668,0.7084140799572699,5870
brightness,1,8,3,False,0.5559685421888803,0.472460387102907,6907
brightness,1,2,2,True,0.8270586529259288,0.704110524605119,2406
brightness,1,0,8,False,0.6074110120414706,0.5667484946360873,4426
brightness,1,5,5,True,0.8931255375596602,0.7943082326202803,2692
brightness,1,2,0,False,0.3915411910625328,0.3525165818292622,1109
brightness,1,7,7,True,0.763332947100166,0.6528830546532293,8543
brightness,1,7,1,False,0.6020459063458392,0.51571156488537,9381
brightness,1,4,4,True,0.8260372352213482,0.7097991937138013,9327
brightness,1,7,7,True,0.7846702125354682,0.7177487620268047,7220
brightness,1,1,1,True,0.6711961841295038,0.5913350665976979,2316
brightness,1,3,3,True,0.7686726374205869,0.6833225183320953,5237
brightness,1,0,0,True,0.787475435586011,0.6883508208017367,5847
brightness,1,6,6,True,0.7991856321598776,0.6765950690009995,6394
brightness,1,7,5,False,0.5156465139142518,0.4553507853438369,7692
brightness,1,7,7,True,0.8304492805244166,0.6993652349617374,4232
brightness,1,3,3,True,0.6611579383556151,0.6008909497983648,9565
brightness,1,8,8,True,0.8232607645005062,0.6997992000380063,9186
brightness,1,6,6,True,0.9334287869298427,0.796976647289972,1333
brightness,1,5,3,False,0.6460445874230912,0.5804014646585951,5736
brightness,1,2,0,False,0.5613419504790326,0.4781743167903481,7414
brightness,1,8,8,True,0.7702379799306663,0.6653211798885128,2285
brightness,1,7,6,False,0.5425979170659591,0.4234544069883302,9494
brightness,1,8,8,True,0.7077224949308154,0.6101121453455228,7148
brightness,1,3,3,True,0.9493246850978387,0.8338118150689097,7231
brightness,1,5,5,True,0.820862821146292,0.7002053716262907,1754
brightness,1,0,0,True,0.7363362734298564,0.6520714248265813,8085
brightness,1,5,3,False,0.6528152782040729,0.5695698300650898,7968
brightness,1,5,5,True,0.7949200973797415,0.712438775262875,4614
brightness,1,8,8,True,0.6165861504137461,0.5243986170265998,4655
brightness,1,7,7,True,0.8742257614573489,0.7532608985790747,9564
brightness,1,9,9,True,0.7488919524774884,0.6221650552594165,7799
brightness,1,9,9,True,0.8211034809942268,0.7110964507525376,1564
brightness,1,1,1,True,0.8248478197192878,0.7076895595920104,5921
brightness,1,9,4,False,0.4509064692844807,0.4174728468401592,94
brightness,1,0,0,True,0.8294100436956108,0.7075038324192096,8552
brightness,1,4,4,True,0.8494540073595533,0.728561329532961,8122
brightness,1,9,9,True,0.8715252385931355,0.7422928493187498,1262
brightness,1,6,9,False,0.6436327083487831,0.5626310929497994,6771
brightness,1,9,8,False,0.5856730506505496,0.5525923887324077,1495
brightness,1,5,0,False,0.49880152518995696,0.36902697412302343,6333
brightness,1,6,6,True,0.787761409087844,0.6836407506265791,2320
brightness,1,5,5,True,0.7227116438763075,0.6527926921233784,4166
brightness,1,9,8,False,0.5760639465204058,0.49436338007512054,938
brightness,1,1,1,True,0.8221484841124025,0.7243661457719541,1657
brightness,1,3,3,True,0.7976221603649118,0.7165263466333932,738
brightness,1,6,5,False,0.46301310531114676,0.4030376497592652,1610
brightness,1,4,4,True,0.7588011886396546,0.6469296042054073,8963
brightness,1,9,9,True,0.8443447719309721,0.7514013188958863,6409
brightness,1,5,5,True,0.6999561350400214,0.6198701384409868,1067
brightness,1,1,1,True,0.964656660085483,0.8337107735651076,8896
brightness,1,6,7,False,0.6058315181757108,0.5421817455313742,5846
brightness,1,3,3,True,0.9559427544505001,0.8467579756698449,7317
brightness,1,4,4,True,0.7791328517210898,0.6762025244884161,1470
brightness,1,0,0,True,0.6112358500015296,0.5406596281997181,8582
brightness,1,8,8,True,0.8981630220797723,0.7888879231711263,7237
brightness,1,4,6,False,0.6235041270029902,0.5357411529377919,4039
brightness,1,8,8,True,0.7537247411815842,0.6794254713848382,8249
brightness,1,4,4,True,0.8413345287223493,0.7095162149763358,7200
brightness,1,9,9,True,0.8431526563710671,0.7290547555336069,858
brightness,1,3,3,True,0.823166671557444,0.7300417690752915,869
brightness,1,1,1,True,0.8808030868697909,0.7425540398755428,7117
brightness,1,4,0,False,0.39034161021624103,0.36421695025288836,8961
brightness,1,0,1,False,0.5302217100171394,0.4694943328495703,48
brightness,1,8,8,True,0.7482588510788836,0.677523597414347,7388
brightness,1,9,5,False,0.41229433572984253,0.3777058845762604,8418
brightness,1,2,3,False,0.4359343490108225,0.3822886869842425,8442
brightness,1,0,8,False,0.6446529501531866,0.5675871054572074,5703
brightness,1,7,1,False,0.6050384970123988,0.5346331796515834,5508
brightness,1,6,3,False,0.7857478722504252,0.7233512658506415,287
brightness,1,7,7,True,0.8642200352482442,0.7512808417035585,7645
brightness,1,5,5,True,0.6737439446996697,0.584922473108878,3018
brightness,1,5,0,False,0.5893556368774379,0.5120429105843607,1044
brightness,1,2,2,True,0.740162027782994,0.6479148428453874,7270
brightness,1,3,3,True,0.5928083858705604,0.496200878956981,5853
brightness,1,6,6,True,0.6934088525024169,0.5967422409976628,5874
brightness,1,9,9,True,0.7653971891991593,0.6453449085641872,6897
brightness,1,3,0,False,0.6386701575083253,0.5402403445187954,5763
brightness,1,3,3,True,0.7793360406003567,0.6935176378015033,8392
brightness,1,5,5,True,0.6932369097418414,0.6047767963596193,5261
brightness,1,0,0,True,0.7277172281406775,0.6187225116950054,7161
brightness,1,6,3,False,0.689391692811835,0.5979773162995445,4963
brightness,1,1,1,True,0.8107005021309929,0.6991743726397489,5154
brightness,1,6,9,False,0.5350848696544201,0.47087598418746685,4043
brightness,1,8,8,True,0.8391017558368303,0.698094405735337,1491
brightness,1,9,7,False,0.4313265085747775,0.35980230879499414,2186
brightness,1,1,1,True,0.7472813525594413,0.6213599369645726,7911
brightness,1,5,3,False,0.5373589124772775,0.45376319366363876,4092
brightness,1,4,4,True,0.841282748407271,0.7156358960060272,2252
brightness,1,4,4,True,0.7663114174443351,0.6456737797568776,6734
brightness,1,6,6,True,0.7110116720395129,0.6346482443575443,7635
brightness,1,9,2,False,0.7559891031265675,0.6943897134120064,7932
brightness,1,5,5,True,0.9126136899093836,0.8072332689713215,1621
brightness,1,5,5,True,0.6981065812689311,0.5970826114749361,5580
brightness,1,6,6,True,0.7056744981465743,0.6190270694616108,7132
brightness,1,5,6,False,0.37111850510846445,0.329122469865589,7917
brightness,1,3,3,True,0.8197826806923648,0.6996388749151706,5134
brightness,1,8,8,True,0.8286222786004651,0.7458232772658334,9593
brightness,1,6,6,True,0.9374695875057929,0.851993411221891,1152
brightness,1,5,5,True,0.7122809695283747,0.5910386378342446,6474
brightness,1,0,0,True,0.7931886665512095,0.7180157116173012,4666
brightness,1,2,2,True,0.84769551743976,0.7237215659963685,4266
brightness,1,2,7,False,0.3523776576718435,0.30927464656764847,6938
brightness,1,6,6,True,0.7381748078626132,0.6481021382261495,8446
brightness,1,1,1,True,0.74133406557311,0.6760871078994994,1380
brightness,1,3,3,True,0.7532622304165192,0.6608978817862566,6040
brightness,1,4,4,True,0.9262765797567672,0.8105842412065454,6669
brightness,1,7,7,True,0.7117223079467704,0.6370312996502394,9655
brightness,1,1,1,True,0.7640552273058471,0.6846697638522232,2452
brightness,1,6,2,False,0.4260876291385348,0.38739717469560614,2556
brightness,1,5,5,True,0.7028950068246815,0.63280759173234,1302
brightness,1,7,5,False,0.6973177990598624,0.5957623147380919,4359
brightness,1,1,3,False,0.3978711525300481,0.31850086068596306,3985
brightness,1,5,0,False,0.5890244881213271,0.5521707774808172,7592
brightness,1,4,4,True,0.7941899790127899,0.669307778584508,7740
brightness,1,2,2,True,0.8030887701312865,0.6869485415511737,8985
brightness,1,0,7,False,0.5474763715493317,0.4737243695137066,8502
brightness,1,3,8,False,0.5489920180502024,0.47156543907546417,9214
brightness,1,4,4,True,0.7868761318541125,0.6693217675727399,8987
brightness,1,0,8,False,0.4269134288728398,0.3871481090166329,2631
brightness,1,8,5,False,0.6489923873316099,0.5761281008965387,2616
brightness,1,6,8,False,0.5481137927476245,0.4932954630665917,3141
brightness,1,3,3,True,0.7233931928217208,0.6410282111722182,5450
brightness,1,0,0,True,0.7406914279581536,0.6362540820096503,6565
brightness,1,7,9,False,0.34788793479642477,0.30233822562301105,1725
brightness,1,0,0,True,0.7764706196400178,0.6973838927806935,4187
brightness,1,4,2,False,0.5235817482981395,0.4496167825366259,2831
brightness,1,2,2,True,0.999,0.8533249758317443,1683
brightness,1,2,2,True,0.7489682764131188,0.6702129868084925,4966
brightness,1,7,4,False,0.6335346263207844,0.5531327556090126,955
brightness,1,3,3,True,0.7782111096660107,0.6663781124451,8981
brightness,1,2,2,True,0.6157180603685696,0.5284480197010941,7376
brightness,1,3,1,False,0.5684257806308025,0.5206399841444862,7716
brightness,1,1,4,False,0.5244577495887542,0.4725095615465325,4405
brightness,1,7,8,False,0.436791464942363,0.39100345898781247,7262
brightness,1,4,4,True,0.8104920309883431,0.6805914413141224,4620
brightness,1,2,2,True,0.7918980718531532,0.6929291220806444,7741
brightness,1,3,3,True,0.7504273193300701,0.6486073243124275,8762
brightness,1,9,9,True,0.8616988419474134,0.7291951034114814,3478
brightness,1,5,5,True,0.7552637314437202,0.6449422830368574,7730
brightness,1,6,6,True,0.738773010936577,0.6568801977784733,5121
brightness,1,8,8,True,0.8228505617674838,0.7392714323336587,7553
brightness,1,4,4,True,0.7659940463647978,0.6449467697249511,4540
brightness,1,3,6,False,0.5920622071816903,0.49962750330129735,1907
brightness,1,9,3,False,0.5487203563470465,0.495295002708322,9739
brightness,1,5,5,True,0.727762415253784,0.6254141939915516,9359
brightness,1,2,4,False,0.5240209145524454,0.4714728177926689,8199
brightness,1,8,8,True,0.7441126503215378,0.6390428923578793,5439
brightness,1,7,7,True,0.9770365216080128,0.857020933723614,1032
brightness,1,4,4,True,0.7709941820618272,0.6428704286388166,2901
brightness,1,2,4,False,0.5336178977293488,0.4795618053607302,7956
brightness,1,6,6,True,0.6855482649035677,0.5557312791511858,4693
brightness,1,5,5,True,0.7033534965541018,0.6313569817426585,970
brightness,1,2,2,True,0.7749254664041252,0.6730062619771082,4157
brightness,1,0,0,True,0.9260878511333066,0.8109993224541187,2207
brightness,1,8,8,True,0.6867412419747416,0.603472470741923,5515
brightness,1,8,8,True,0.7396212381788974,0.6095611144727331,867
brightness,2,9,9,True,0.7572596650004326,0.6555382855896423,5256
brightness,2,7,9,False,0.3190401562375118,0.27568067014195613,5236
brightness,2,6,8,False,0.19256325843934785,0.19611037920448535,1180
brightness,2,0,0,True,0.5681649755178473,0.48599636205134905,4903
brightness,2,8,2,False,0.37299414821894444,0.3463420470093358,9677
brightness,2,1,5,False,0.5443388834163534,0.4873813210439256,9901
brightness,2,7,7,True,0.6785715514317125,0.5896269381989446,1130
brightness,2,6,6,True,0.6960368015048884,0.62175827526353,3455
brightness,2,8,6,False,0.43465732391475914,0.35370016720128133,1859
brightness,2,3,6,False,0.4524209482377102,0.39832396233597334,2854
brightness,2,4,0,False,0.39051908606329233,0.3314565342293537,2349
brightness,2,0,0,True,0.577513411343081,0.5037480730445769,9953
brightness,2,3,3,True,0.6895358772711192,0.5917173739989032,1756
brightness,2,8,3,False,0.6313981242390067,0.5528880921749889,5947
brightness,2,2,2,True,0.728105075378499,0.6340790419419967,7664
brightness,2,9,2,False,0.2535181912460316,0.2332655491336038,9459
brightness,2,0,0,True,0.6514441363888864,0.5722951947417501,239
brightness,2,3,3,True,0.7625095597354372,0.6746003382625683,3805
brightness,2,3,3,True,0.7476635051443045,0.6253393604332832,870
brightness,2,9,8,False,0.45304519136937443,0.41027571869613133,1188
brightness,2,5,5,True,0.7129366738752246,0.5907434864784399,405
brightness,2,8,8,True,0.8453164672639251,0.6776317304392198,2227
brightness,2,8,8,True,0.7848238139897447,0.7215495014579277,3284
brightness,2,5,3,False,0.5510500105018099,0.464615720156794,9329
brightness,2,7,4,False,0.34334433870710535,0.2978819129088003,3838
brightness,2,7,7,True,0.7377071838246609,0.6047765013534024,3147
brightness,2,5,5,True,0.6892115652713195,0.5917407319298819,1399
brightness,2,9,4,False,0.35913420436642024,0.3243999837767222,8258
brightness,2,4,4,True,0.6798828407372779,0.5977559817190361,5936
brightness,2,7,7,True,0.7255264789352367,0.6075619160537159,4436
brightness,2,3,3,True,0.7665411565555281,0.6576869665179268,2771
brightness,2,3,5,False,0.399469228167031,0.3619239551116057,4121
brightness,2,3,9,False,0.5015741254382652,0.44610898136833116,9464
brightness,2,1,1,True,0.7534155667784846,0.6579683248964378,5934
brightness,2,8,8,True,0.7344498825900249,0.6544909317886555,4699
brightness,2,4,4,True,0.704041030277343,0.6112550733998041,1323
brightness,2,6,6,True,0.7101924636395002,0.6465085708641274,6308
brightness,2,1,1,True,0.6675765400596344,0.5765771214785974,1660
brightness,2,6,6,True,0.6957232558478924,0.6202551361976274,9318
brightness,2,0,0,True,0.7583061327175382,0.6741626070668069,615
brightness,2,6,6,True,0.8532282528792882,0.707460964091025,3831
brightness,2,4,4,True,0.7180218571559548,0.6341366661535871,2837
brightness,2,1,0,False,0.5669016996366099,0.4840636569829253,1217
brightness,2,3,3,True,0.8075403305336479,0.6812322792105424,5836
brightness,2,0,3,False,0.553779371304472,0.4772239262768332,8936
brightness,2,0,0,True,0.813451957933867,0.7096679312287787,2764
brightness,2,8,8,True,0.615372952769568,0.5067690577282372,8019
brightness,2,8,5,False,0.5330650872472817,0.46864299697490547,1666
brightness,2,8,6,False,0.6330550558907798,0.5487452580880042,520
brightness,2,1,6,False,0.3942407658191101,0.37086821290038774,1267
brightness,2,5,5,True,0.896651962136733,0.7644833406251362,707
brightness,2,6,6,True,0.6629778702814577,0.6023276398601142,6277
brightness,2,3,3,True,0.6499559307049922,0.5751985181366449,3535
brightness,2,5,5,True,0.7362569430702983,0.640148573388543,6744
brightness,2,2,2,True,0.8520262366185173,0.7646955306938711,8167
brightness,2,9,0,False,0.5465248807317369,0.5179968079582646,8391
brightness,2,2,1,False,0.4912635740714751,0.4283630632860541,894
brightness,2,2,3,False,0.585902182790589,0.49821511345435743,4063
brightness,2,7,7,True,0.6496262417664103,0.5757619968456842,8194
brightness,2,2,2,True,0.7443382087628385,0.6192268210898231,4944
brightness,2,9,9,True,0.6985735467059003,0.5827669312540547,5166
brightness,2,6,3,False,0.49393859654918687,0.46098526260225875,5466
brightness,2,9,9,True,0.7938390234008864,0.7012003710658775,2920
brightness,2,5,5,True,0.6241011920241312,0.5283226416220794,4179
brightness,2,9,9,True,0.70734933752735,0.6789478828862189,1025
brightness,2,8,8,True,0.7722388750938686,0.6437603590207157,4669
brightness,2,8,8,True,0.6514777823063731,0.5811505733065322,4294
brightness,2,1,1,True,0.6436581825537935,0.5461794761037659,3219
brightness,2,8,3,False,0.3563753000336322,0.3535404131507168,4000
brightness,2,3,0,False,0.332553305531954,0.28705174502027364,7839
brightness,2,8,5,False,0.5424477397746303,0.4703883197676091,1993
brightness,2,0,2,False,0.4074522519704592,0.32515927038192377,2872
brightness,2,0,1,False,0.5278053500328338,0.5052874639334763,8923
brightness,2,7,7,True,0.6758591630975622,0.5771212851397807,9051
brightness,2,0,0,True,0.7892281262423707,0.6954476749288359,9815
brightness,2,3,3,True,0.6412722207815531,0.5601758976462934,1779
brightness,2,4,6,False,0.3996190653701058,0.34364707648916304,3752
brightness,2,2,4,False,0.44979088609219525,0.35276837854205123,1303
brightness,2,7,7,True,0.7869206207388012,0.6793164687587594,4078
brightness,2,6,6,True,0.5910933184360732,0.5119956378032502,4067
brightness,2,6,6,True,0.786179299537996,0.6896277620123329,7337
brightness,2,2,2,True,0.6644693812857282,0.6227083389081199,1516
brightness,2,0,0,True,0.7662897663065474,0.6792361636089262,1273
brightness,2,0,8,False,0.46038835316124843,0.423527329481516,1798
brightness,2,2,2,True,0.7515985820067675,0.6477553652761027,7477
brightness,2,2,3,False,0.4112514956484673,0.3382982932914266,8121
brightness,2,6,6,True,0.6677412564436565,0.5769947703512756,5621
brightness,2,8,8,True,0.777408151790081,0.6611071921307232,4922
brightness,2,2,2,True,0.7258960314586882,0.6310102093537708,9701
brightness,2,5,5,True,0.7136031372219453,0.6116793182623349,4715
brightness,2,9,9,True,0.7889754111249139,0.6520752086523451,779
brightness,2,4,1,False,0.32147326187961867,0.3135918480020737,6152
brightness,2,2,2,True,0.7520538924384378,0.6514300655857389,1696
brightness,2,4,4,True,0.5855221200918392,0.5060930708101579,5219
brightness,2,0,0,True,0.605337612327171,0.507441378082829,1435
brightness,2,9,9,True,0.735513175374437,0.6306781803067985,9715
brightness,2,9,3,False,0.5468835947822867,0.46258490523933615,6732
brightness,2,0,8,False,0.5137298957310581,0.4277905991706133,9830
brightness,2,2,2,True,0.770925246257506,0.6735408951351209,8937
brightness,2,1,7,False,0.5604115512789297,0.4819733825321493,3367
brightness,2,8,8,True,0.8069676514115862,0.7158945490345653,9262
brightness,2,8,5,False,0.613265141230663,0.5290682203173783,3577
brightness,2,3,3,True,0.6484338543782443,0.568464548725974,7156
brightness,2,5,3,False,0.6341356250226996,0.5557410030958965,172
brightness,2,6,6,True,0.6065893386731855,0.5382971716638044,843
brightness,2,9,8,False,0.5991550575557911,0.5074585891293891,5559
brightness,2,8,6,False,0.4575386679004327,0.42189020470527655,6429
brightness,2,6,6,True,0.7428555178841544,0.622827084508897,1674
brightness,2,4,4,True,0.7559212499814428,0.6583817846205984,7624
brightness,2,7,1,False,0.5776851909592442,0.48193389891451716,746
brightness,2,6,6,True,0.8433979690668683,0.729473710819263,5059
brightness,2,5,4,False,0.4596694701852297,0.4235358767018864,9485
brightness,2,2,2,True,0.7451133827252117,0.659455956802061,2287
brightness,2,0,0,True,0.8363853364897864,0.7470986659858642,6723
brightness,2,5,9,False,0.3549547777214111,0.3106470590625167,1299
brightness,2,9,9,True,0.7285832537209008,0.652474266389437,9978
brightness,2,9,9,True,0.6890331581289737,0.5868336639830797,7013
brightness,2,5,5,True,0.6929988725425926,0.5948801383270892,823
brightness,2,9,5,False,0.6122649362812534,0.5380258786103053,2457
brightness,2,0,0,True,0.7137289899861351,0.6386696458483134,7245
brightness,2,8,8,True,0.5900599480772748,0.5056041189814574,3622
brightness,2,2,2,True,0.8198438999301406,0.725770065789391,6634
brightness,2,3,3,True,0.7952311040898308,0.6955701871843073,6854
brightness,2,3,3,True,0.8217314507961587,0.7202093319245079,6359
brightness,2,2,2,True,0.8375300406469609,0.7098079725681878,4818
brightness,2,2,2,True,0.7452490097096864,0.6407675069161688,4392
brightness,2,5,8,False,0.601868221120299,0.5247153259573034,3713
brightness,2,0,8,False,0.37735259868857485,0.34249966547985716,8939
brightness,2,2,3,False,0.3457613843156202,0.2927489463071451,9090
brightness,2,2,1,False,0.3755871877507439,0.30840957754000276,1357
brightness,2,0,0,True,0.725254087295359,0.5888105952886364,5212
brightness,2,8,3,False,0.41906929137144044,0.3861251194873057,3611
brightness,2,4,4,True,0.6869113873961545,0.6177564680068621,6219
brightness,2,5,3,False,0.5166355455050445,0.4139465279237499,4184
brightness,2,5,0,False,0.2076189203969448,0.19298949847219415,3024
brightness,2,3,3,True,0.7675704212050567,0.6598921802511061,5298
brightness,2,2,4,False,0.62140749396037,0.5675369812234616,7214
brightness,2,0,0,True,0.6139412121418918,0.5326447467790488,6056
brightness,2,8,0,False,0.4539209035083058,0.4117429898714676,9267
brightness,2,7,7,True,0.7409283030555984,0.6362843140037819,3323
brightness,2,6,6,True,0.7435922040450555,0.6333114849043221,3731
brightness,2,7,5,False,0.42674792184105187,0.3930804560562336,2312
brightness,2,8,8,True,0.6923430384263791,0.625058806375304,7831
brightness,2,0,0,True,0.7930117962247668,0.6636817206628329,3114
brightness,2,6,2,False,0.3738354055134767,0.3556089288358209,9838
brightness,2,9,9,True,0.7567928621703496,0.6387780533828449,3128
brightness,2,8,8,True,0.7596317747661248,0.6140457844011086,7928
brightness,2,2,2,True,0.8577931741421589,0.7443405646740102,6421
brightness,2,5,5,True,0.6480582177972786,0.5759928957422402,1056
brightness,2,2,2,True,0.6963143654610109,0.576552591317333,4330
brightness,2,1,3,False,0.32506304998651103,0.2516482831432122,9154
brightness,2,3,7,False,0.3666942929758371,0.31679431137954783,5174
brightness,2,3,9,False,0.49926771083960997,0.42680630242380124,539
brightness,2,9,9,True,0.66660325111443,0.609005089267572,4013
brightness,2,4,9,False,0.4457904322615505,0.394163713514823,3522
brightness,2,8,8,True,0.7383659392903307,0.6573019377751663,9043
brightness,2,9,0,False,0.7141682567877063,0.6262368242182506,5799
brightness,2,6,1,False,0.43025190008674596,0.4120879908574647,3652
brightness,2,4,6,False,0.618695187942762,0.5230569431820888,7373
brightness,2,4,4,True,0.6572122955877635,0.5718713817389055,8077
brightness,2,7,7,True,0.7024571787115563,0.5807071901483774,7189
brightness,2,3,6,False,0.39525572760734823,0.36719526907190203,9747
brightness,2,4,4,True,0.7605933613053559,0.6837848253923042,6747
brightness,2,3,3,True,0.7778622514361522,0.693638384854493,1372
brightness,2,2,2,True,0.7299767404886245,0.6329866082855858,2913
brightness,2,3,0,False,0.5210653306226396,0.42811678240136103,7158
brightness,2,0,0,True,0.7929209162955562,0.6872547743055774,5142
brightness,2,8,8,True,0.7750142997043098,0.6602078376851335,1431
brightness,2,8,5,False,0.44474962812372515,0.4114902439083148,9483
brightness,2,6,6,True,0.7312895915611569,0.6280618921852862,5671
brightness,2,7,8,False,0.5502412731088763,0.4737439089626853,5592
brightness,2,4,9,False,0.5147379213342932,0.49600689945477167,8838
brightness,2,5,8,False,0.4693593618357576,0.42994185637651555,4819
brightness,2,9,3,False,0.5637521463329979,0.515708026899064,215
brightness,2,0,0,True,0.8140476044353991,0.6966983451885962,3237
brightness,2,1,9,False,0.5913695729603994,0.4956569437393628,429
brightness,2,8,8,True,0.6364359084240616,0.5773064573981415,1022
brightness,2,0,4,False,0.6137795170990705,0.5665546448571147,1996
brightness,2,7,7,True,0.643341465345796,0.5361103886676984,9402
brightness,2,3,9,False,0.5349317081709679,0.45934214018038677,1162
brightness,2,7,7,True,0.6524343636453294,0.5512840533811482,1869
brightness,2,9,9,True,0.7038375971989205,0.6228902980622729,4156
brightness,2,5,5,True,0.7047903281168657,0.6357986880135613,648
brightness,2,0,0,True,0.7417737877965932,0.6381415588144013,8196
brightness,2,5,5,True,0.7134498033310345,0.6140082298923398,7975
brightness,2,0,1,False,0.49687391838982065,0.3982079766401143,4389
brightness,2,9,9,True,0.8271920547348632,0.6990284103228814,7681
brightness,2,3,8,False,0.5507157536041634,0.5132546786055554,2507
brightness,2,9,6,False,0.6348846598952971,0.5645051944294558,7507
brightness,2,9,9,True,0.6591098667132482,0.5937691739597141,5180
brightness,2,3,9,False,0.27156556665007087,0.23852749635087106,4607
brightness,2,3,3,True,0.6067623263074904,0.5252867452293823,821
brightness,2,8,8,True,0.8137966851902676,0.7070995348666506,4964
brightness,2,6,6,True,0.8053023589685828,0.7059917838094326,912
brightness,2,5,4,False,0.5003448572431882,0.467813982541123,3076
brightness,2,8,8,True,0.8392944179156114,0.7149452020996014,122
brightness,2,2,2,True,0.779341120319061,0.6746781985735174,9857
brightness,2,6,6,True,0.7462602820301139,0.633456198237908,9018
brightness,2,3,1,False,0.539285645108768,0.43402950007408925,6270
brightness,2,0,2,False,0.5228544329950147,0.47782905630479244,133
brightness,2,3,3,True,0.7422941948245786,0.6808991103158275,8358
brightness,2,1,1,True,0.7107965562955667,0.634486278994389,5824
brightness,2,9,0,False,0.5001672493803451,0.4447479461489474,3101
brightness,2,2,5,False,0.6077310646912394,0.5686401794793772,6065
brightness,2,9,9,True,0.6659416323383567,0.5902279399589795,3026
brightness,2,7,5,False,0.5839722506574618,0.5274313765424486,2136
brightness,2,3,3,True,0.6638031882663978,0.5820521547059138,2746
brightness,2,8,8,True,0.5819474583081976,0.5155293184458837,4302
brightness,2,0,0,True,0.8023170808106057,0.69431047864575,8904
brightness,2,1,9,False,0.5549457067369075,0.5033554570510175,3806
brightness,2,8,5,False,0.5331470283080283,0.44634932610247824,9022
brightness,2,3,3,True,0.7173981164271048,0.6331736009801825,9829
brightness,2,1,8,False,0.5580562176929008,0.47228687845928535,9054
brightness,2,1,1,True,0.8523739874516255,0.7497150917199228,9680
brightness,2,8,8,True,0.6882841205774926,0.6479240355255279,7029
brightness,2,4,1,False,0.5086553488175447,0.4613540797424489,2787
brightness,2,4,4,True,0.8194797065214323,0.7350362194450756,2309
brightness,2,3,6,False,0.4264022348641018,0.39549143807673354,3628
brightness,2,0,7,False,0.49331805558279235,0.38780510229425574,3396
brightness,2,9,5,False,0.48830474173309546,0.42742514677641236,9288
brightness,2,2,2,True,0.6306390658245202,0.5600006761132024,5043
brightness,2,3,4,False,0.5402073480960011,0.43239849468994646,9082
brightness,2,8,8,True,0.6348336733794024,0.5489312878478816,6364
brightness,2,0,9,False,0.5660576998471423,0.4945641684140407,8566
brightness,2,5,5,True,0.7846931202127275,0.657357346699106,8070
brightness,2,5,2,False,0.4350063564622131,0.36536161784500154,3595
brightness,2,7,9,False,0.4928942176918145,0.4607071723122613,2680
brightness,2,9,9,True,0.6796105391808585,0.5210523631188124,7487
brightness,2,0,0,True,0.7091909534636403,0.6232416838009445,7776
brightness,2,3,6,False,0.5736443213363297,0.5258690933208997,5750
brightness,2,3,0,False,0.4691980300675881,0.4132756379228156,324
brightness,2,8,1,False,0.29626695852369983,0.294999432969322,323
brightness,2,4,4,True,0.6778522678970348,0.5826268787183967,7323
brightness,2,4,2,False,0.5197206696832735,0.4386612294364844,4617
brightness,2,2,7,False,0.49499141646725386,0.435553999653406,5525
brightness,2,5,6,False,0.3625623963543267,0.315546965895417,5275
brightness,2,6,6,True,0.6395680350865438,0.5471963630190735,8098
brightness,2,5,5,True,0.5904220538470116,0.5132494395043998,1469
brightness,2,6,6,True,0.8083966842419331,0.6862973431857928,5211
brightness,2,8,5,False,0.43098849839277587,0.36458248695534773,4152
brightness,2,8,8,True,0.625253469683862,0.5240257102713326,3315
brightness,2,5,4,False,0.6951652718484764,0.6142211386094909,9831
brightness,2,9,2,False,0.630209257735344,0.5306982675061156,9903
brightness,2,3,3,True,0.8120388536124996,0.6803920428473986,1225
brightness,2,0,0,True,0.7704160537957147,0.6483794189539649,5595
brightness,2,7,7,True,0.8349098760973706,0.7287860987664717,4711
brightness,2,7,6,False,0.6423765008088808,0.5744075952041673,5027
brightness,2,0,0,True,0.702444780390484,0.6270987115269742,6101
brightness,2,3,3,True,0.6447961370793792,0.5673627531277854,6345
brightness,2,2,2,True,0.6273483381604448,0.5589568587065751,9069
brightness,2,5,2,False,0.4530647660933935,0.3990092722034221,545
brightness,2,2,2,True,0.6420005109286185,0.5698123448099299,1394
brightness,2,7,7,True,0.6661854035386131,0.5900619357580282,9957
brightness,2,5,2,False,0.5010736384877749,0.4263198095123838,1103
brightness,2,8,8,True,0.8418304223029454,0.7090429017219685,6245
brightness,2,8,8,True,0.6091537964411102,0.5598238341664219,8259
brightness,2,2,6,False,0.3993110351411531,0.35692146091862836,4847
brightness,2,5,5,True,0.6298853514966147,0.5714383403504286,4158
brightness,2,6,6,True,0.6854925454355191,0.5756688841628781,1346
brightness,2,4,4,True,0.8043881234959896,0.6906188108461303,7926
brightness,2,9,9,True,0.6621332245506517,0.55028068853389,8385
brightness,2,0,5,False,0.5369029534219437,0.4842940692758364,6580
brightness,2,9,1,False,0.44836279707880833,0.3838186358457044,1124
brightness,2,9,5,False,0.5084795945855519,0.4361220863039323,6906
brightness,2,3,1,False,0.645228912457162,0.6025606499822677,9367
brightness,2,2,8,False,0.42082998548825123,0.38603109915416395,2004
brightness,2,0,0,True,0.6943894683434695,0.6183127789068915,2563
brightness,2,1,9,False,0.5765087084063065,0.480990188769991,8407
brightness,2,2,4,False,0.441197539425364,0.35286697246924414,6334
brightness,2,8,4,False,0.6535370859864386,0.5899192344077864,356
brightness,2,7,7,True,0.8922006066777564,0.7285629037809835,5893
brightness,2,8,1,False,0.589403028162403,0.505961029792499,6534
brightness,2,3,3,True,0.7287187568470345,0.618178139190647,8548
brightness,2,2,8,False,0.3071297630052917,0.2575574760773368,6852
brightness,2,8,8,True,0.6831241989496354,0.5868366452384184,1800
brightness,2,5,6,False,0.47155556493714423,0.3947078020638459,4131
brightness,2,0,0,True,0.7285082533564128,0.609911818341095,9122
brightness,2,7,7,True,0.6678417332781432,0.5877671345549752,4493
brightness,2,0,0,True,0.6702692460742523,0.6060552346994307,5092
brightness,2,0,0,True,0.47675991006967233,0.3855206629084747,9779
brightness,2,9,9,True,0.8407960989844061,0.7335877448643392,1885
brightness,2,9,3,False,0.42582026792682015,0.38777551142143185,4021
brightness,2,7,1,False,0.670659495240714,0.5939908293299592,50
brightness,2,3,8,False,0.4491933324778447,0.39238985017522043,8542
brightness,2,1,1,True,0.6289209990212422,0.5376414382115927,4183
brightness,2,4,4,True,0.6048398313590903,0.5442855726905516,4734
brightness,2,5,2,False,0.5182172315882225,0.4621905789654259,1701
brightness,2,0,6,False,0.46260625176857517,0.3703293080646929,2443
brightness,2,6,6,True,0.7432869701576332,0.6423726724391429,7745
brightness,2,0,0,True,0.7986262318783225,0.6949420596882433,5840
brightness,2,4,4,True,0.7655877412425556,0.6438750946849338,2193
brightness,2,1,1,True,0.6683294856459728,0.5782111931432862,5287
brightness,2,0,8,False,0.6070566508340485,0.5408289135851575,1382
brightness,2,3,3,True,0.8056456867273166,0.6832521534264735,646
brightness,2,5,8,False,0.37365817471349405,0.3372692115177696,3185
brightness,2,9,9,True,0.7945684515923277,0.6705925437562559,8799
brightness,2,0,0,True,0.7181915083334434,0.6007291625192218,714
brightness,2,5,9,False,0.5595222338839521,0.5029057008751391,2479
brightness,2,7,2,False,0.418328890111044,0.39405952161893076,6275
brightness,2,3,3,True,0.7587770396512408,0.6362859653724009,5460
brightness,2,8,8,True,0.8010948438147779,0.7149911299179087,4813
brightness,2,4,4,True,0.6620556868247267,0.5774868782296703,2758
brightness,2,0,6,False,0.40953430416905057,0.31883517845794374,2500
brightness,2,2,0,False,0.5295960273624404,0.43645768995581435,6215
brightness,2,4,4,True,0.7156996992651892,0.6355100435696606,904
brightness,2,6,2,False,0.34271728485749436,0.27383070860206243,2534
brightness,2,1,0,False,0.42317577634444964,0.36232824700835814,8486
brightness,2,5,5,True,0.7307410537331098,0.6345027544752693,6393
brightness,2,7,7,True,0.7090527472305009,0.6266552269106445,5500
brightness,2,3,8,False,0.4054916836535024,0.36336155885298466,9658
brightness,2,1,6,False,0.5639213848713746,0.5257043398213858,7302
brightness,2,6,3,False,0.6365406991467126,0.5397435219141254,69
brightness,2,6,6,True,0.5798803654814844,0.5098703803457135,1204
brightness,2,3,5,False,0.2492505300576695,0.23591536585305548,77
brightness,2,8,0,False,0.5037154966675494,0.45740683710805535,7244
brightness,2,8,2,False,0.46581656974139185,0.43196948918161493,891
brightness,2,1,2,False,0.27642574844797063,0.24128051636724604,3118
brightness,2,5,5,True,0.6431917647168309,0.5747426502757149,5271
brightness,2,6,0,False,0.5599065799752309,0.4724035463440905,6788
brightness,2,2,2,True,0.6020432779173837,0.5251828484501695,6259
brightness,2,1,5,False,0.48806353716077044,0.43987895935076743,4050
brightness,2,1,7,False,0.4149907098418706,0.387249918671771,6024
brightness,2,3,3,True,0.9015353379569128,0.7927095204070125,393
brightness,2,2,2,True,0.8503230757452765,0.7395855847589433,7426
brightness,2,7,7,True,0.8373473046431267,0.7251555291433368,8538
brightness,2,9,9,True,0.6264171956442645,0.5584304737768009,6136
brightness,2,4,4,True,0.7158107787365936,0.667223465830202,1201
brightness,2,8,7,False,0.3918339507658653,0.36515066229797477,7140
brightness,2,5,1,False,0.5861570751375309,0.5208645124411724,589
brightness,2,9,8,False,0.3955712916452331,0.32385619475096533,6230
brightness,2,3,3,True,0.6457931369572931,0.547034601603135,4730
brightness,2,7,7,True,0.7595578951520633,0.6541426832578231,6950
brightness,2,8,4,False,0.46315641216584824,0.4268833723557822,7973
brightness,2,9,5,False,0.33810658840417873,0.2836553514370611,8488
brightness,2,3,3,True,0.7159549664030662,0.6364107531899302,6778
brightness,2,3,1,False,0.26891892289119296,0.24597506229425026,8726
brightness,2,0,0,True,0.8090271768053603,0.7097717241071505,7259
brightness,2,6,6,True,0.7316259181801605,0.6325629442472036,9640
brightness,2,5,1,False,0.5669541896882818,0.4849784863563091,2675
brightness,2,3,2,False,0.46482509718507686,0.3906260890428346,7159
brightness,2,2,8,False,0.4192032150689458,0.3835546177812648,9081
brightness,2,8,8,True,0.6773927211802537,0.5892493669384102,6746
brightness,2,9,9,True,0.738171736527932,0.6209011577063869,5272
brightness,2,9,9,True,0.9107273911866307,0.7935838816576457,7856
brightness,2,4,4,True,0.6344755845874267,0.6227702190474796,496
brightness,2,7,7,True,0.7317017118386652,0.632916986394508,508
brightness,2,8,2,False,0.5430035889391612,0.5096351323816571,4492
brightness,2,7,1,False,0.48005339300668537,0.37133973527163344,5940
brightness,2,3,9,False,0.34651573238274846,0.3041289678332308,3817
brightness,2,8,1,False,0.3689675789374669,0.34771819582115204,5250
brightness,2,6,6,True,0.6967487338332813,0.6075475309441789,1355
brightness,2,0,0,True,0.7734814007036022,0.6596065488352127,4709
brightness,2,1,8,False,0.4419024964290232,0.3900885856444878,3914
brightness,2,4,4,True,0.722711290245493,0.6490067855532339,2852
brightness,2,9,9,True,0.7558800092801723,0.7003668757099737,1572
brightness,2,7,7,True,0.6600347685139167,0.5973396780740198,8926
brightness,2,6,7,False,0.3625230362546632,0.3130500709621241,2436
brightness,2,6,3,False,0.29902704329679725,0.2645155153502846,8643
brightness,2,9,9,True,0.6946752048525601,0.6009651950045173,6636
brightness,2,5,5,True,0.8210545676664717,0.6955514243543939,2690
brightness,2,4,5,False,0.40403724018536846,0.3553303623750411,6611
brightness,2,3,5,False,0.3432646837550277,0.3012988776845079,6188
brightness,2,5,5,True,0.602089590783107,0.5027650367967752,481
brightness,2,2,1,False,0.5240346202027832,0.47719200974255954,7121
brightness,2,9,7,False,0.41789623597275116,0.37863030016666316,4402
brightness,2,9,6,False,0.5987122114868486,0.5110864597128492,4584
brightness,2,3,3,True,0.840657326520477,0.7325147185509605,4570
brightness,2,7,7,True,0.6972863894538256,0.5884023901302491,5676
brightness,2,7,6,False,0.3758026289886729,0.32338721924176905,3233
brightness,2,6,3,False,0.32837616047671336,0.30787326090948236,8517
brightness,2,1,1,True,0.6817264330056914,0.6038883851040054,1182
brightness,2,0,0,True,0.7369913664670544,0.6311788968405596,1428
brightness,2,7,7,True,0.5702729209295434,0.5059612621802229,3022
brightness,2,1,2,False,0.48651734758550724,0.4270522177977445,5777
brightness,2,8,8,True,0.8344016890930206,0.7042961853456438,7152
brightness,2,4,4,True,0.7568349231541055,0.6549648950028358,1181
brightness,2,8,6,False,0.4645749482133964,0.4185293612642053,9777
brightness,2,1,1,True,0.8065051894654696,0.7066526191384686,8544
brightness,2,3,6,False,0.5279946148677602,0.4299430535553672,8412
brightness,2,1,1,True,0.702226584712023,0.6152145513494164,9446
brightness,2,4,4,True,0.805382457486564,0.7000836043127822,7742
brightness,2,0,6,False,0.24962629309027937,0.18921676810966045,3954
brightness,2,2,2,True,0.727894996761663,0.6175499448632422,2615
brightness,2,2,2,True,0.6244269481095025,0.5555955260530738,9016
brightness,2,5,5,True,0.6824036388525226,0.6227391454852771,3277
brightness,2,0,9,False,0.4527297554955236,0.3670099581650569,5033
brightness,2,3,3,True,0.5970633066024881,0.5420898763282473,7707
brightness,2,7,4,False,0.5184885473524976,0.41810780566660244,5293
brightness,2,4,5,False,0.5060096027525766,0.47305851870342175,9050
brightness,2,5,5,True,0.738788643328715,0.6381970178741107,6137
brightness,2,8,8,True,0.8737208011868891,0.7433682280992099,1274
brightness,2,5,5,True,0.7850251046690543,0.6893620726765481,8929
brightness,2,8,6,False,0.7000679074662773,0.5908077846024463,2425
brightness,2,9,9,True,0.999,0.8744684242186271,6281
brightness,2,5,5,True,0.7286783765435044,0.6318972420641349,1604
brightness,2,4,4,True,0.5955662243938007,0.44503091210593465,977
brightness,2,3,1,False,0.4097749097371947,0.34709440759469246,834
brightness,2,8,8,True,0.6474030869920713,0.5691145586457923,1719
brightness,2,7,7,True,0.6221615033825553,0.5651666790678951,9271
brightness,2,1,1,True,0.7710370152780793,0.6770114090798921,4258
brightness,2,6,8,False,0.41169661218640086,0.38595227635408214,6988
brightness,2,2,2,True,0.8085800757834882,0.6844137987754121,4881
brightness,2,9,9,True,0.7951526586555877,0.705432668631403,812
brightness,2,3,3,True,0.6934816662720453,0.6193476941631371,1171
brightness,2,0,0,True,0.8032570235406629,0.6651489766600842,3832
brightness,2,9,9,True,0.642580589538112,0.58318381049585,4230
brightness,2,6,5,False,0.6074693349592872,0.5378963856252086,9339
brightness,2,9,1,False,0.5575360005694856,0.48327609276317474,4352
brightness,2,8,8,True,0.7132367006004117,0.6152774331912839,7413
brightness,2,4,4,True,0.6799914597865732,0.572232390131417,994
brightness,2,4,4,True,0.7209172521162956,0.6403958442188832,1923
brightness,2,8,8,True,0.8355011541014874,0.7312169403641305,7155
brightness,2,3,4,False,0.45456225711372555,0.413036430550259,3928
brightness,2,2,2,True,0.7640901084509519,0.6660563553948073,6882
brightness,2,5,1,False,0.4684048631681488,0.4172598661888415,7135
brightness,2,5,2,False,0.5141386217780394,0.4460998177993299,6532
brightness,2,8,9,False,0.48794423884369004,0.45128848973403557,1560
brightness,2,1,3,False,0.4485418242715682,0.40838791633179394,7925
brightness,2,4,4,True,0.8060339902047724,0.7035858875216844,5168
brightness,2,5,5,True,0.8845271924238117,0.7641567212508722,1366
brightness,2,9,9,True,0.6658258529337696,0.545592939970064,4849
brightness,2,2,2,True,0.6558961959024241,0.5328190623812654,6106
brightness,2,6,6,True,0.7741059337931508,0.6656240170968991,4057
brightness,2,5,1,False,0.4188511091405439,0.3963972642670239,7420
brightness,2,9,9,True,0.8099455330049538,0.6893564438909101,2952
brightness,2,4,5,False,0.4291890304756113,0.3664999030274989,940
brightness,2,1,1,True,0.8662243765134098,0.7318437406325468,4412
brightness,2,5,5,True,0.7346718638151835,0.6136633310613783,7167
brightness,2,8,8,True,0.8004307694328588,0.6770863053800268,6889
brightness,2,1,1,True,0.6886432399151233,0.6059193690976862,2791
brightness,2,7,7,True,0.747377200090176,0.6404338063067184,8307
brightness,2,5,3,False,0.4448186832875217,0.38235161685054075,1281
brightness,2,7,0,False,0.5649047294869134,0.48264362984865805,8493
brightness,2,3,3,True,0.8759133360147406,0.7642662530140714,4423
brightness,2,8,8,True,0.6226336063520214,0.5520445143280431,8975
brightness,2,1,9,False,0.5193457073238108,0.41906374638977495,2883
brightness,2,5,5,True,0.734301641448541,0.6239512937020337,184
brightness,2,5,5,True,0.7814640634264715,0.677456667801332,5762
brightness,2,2,9,False,0.34476799349852316,0.31683099582657726,1421
brightness,2,1,1,True,0.7060811886101666,0.6177228885297253,1772
brightness,2,9,9,True,0.6823386615321447,0.6114449718839171,2841
brightness,2,4,7,False,0.7424972139074141,0.6178856371264406,8410
brightness,2,9,9,True,0.8229982432928876,0.7228521595472768,7054
brightness,2,3,1,False,0.5182451499713164,0.49653428902771196,4319
brightness,2,6,6,True,0.6017424956369523,0.5274355430802901,3168
brightness,2,5,7,False,0.5683540136295456,0.4998703903527967,5628
brightness,2,4,9,False,0.5269754671311486,0.47331435490150253,9938
brightness,2,4,4,True,0.7059772750518374,0.6041739473364619,7694
brightness,2,2,2,True,0.7075024079202261,0.5974400039340688,7623
brightness,2,1,1,True,0.8159496545803923,0.7097176359915846,9247
brightness,2,6,5,False,0.42841704766712463,0.34607433850988706,305
brightness,2,2,2,True,0.7776052547405534,0.6838838080393608,4774
brightness,2,5,5,True,0.6387059130405097,0.5691905460084212,9489
brightness,2,5,4,False,0.46744682522726927,0.3802531694521738,3153
brightness,2,9,9,True,0.8022153322839374,0.700143125223502,7267
brightness,2,8,8,True,0.8424077114826045,0.7267170636509537,2337
brightness,2,1,0,False,0.38713556823039186,0.3736227957852954,1176
brightness,2,0,2,False,0.47670227450941616,0.4463937521714146,8320
brightness,2,9,9,True,0.8578690763906193,0.7610210937867729,6192
brightness,2,0,0,True,0.8037495126892681,0.7224007129317154,4810
brightness,2,7,7,True,0.7140790416495937,0.6146627151076782,7435
brightness,2,7,0,False,0.42041594818593464,0.3775524552906396,4915
brightness,2,8,9,False,0.38667098003198996,0.33862126348916477,212
brightness,2,3,2,False,0.5581640929319166,0.4694963171610871,1742
brightness,2,3,1,False,0.5713276931440253,0.5022818522754179,7343
brightness,2,2,2,True,0.7692407065224218,0.667189709526629,1527
brightness,2,1,1,True,0.6408175336871521,0.5556484750740778,1568
brightness,2,2,0,False,0.4170314181256732,0.3682919013641319,9477
brightness,2,2,2,True,0.6936730412765492,0.6058380781334184,9884
brightness,2,9,9,True,0.709558189518451,0.6358821233679595,5919
brightness,2,4,4,True,0.7515901096058726,0.642162079923089,7247
brightness,2,5,7,False,0.38168502719196595,0.31383961013889083,2838
brightness,2,6,0,False,0.6050870542994605,0.5428840133464093,7851
brightness,2,1,8,False,0.5007428005910403,0.45776297682220213,4795
brightness,2,9,9,True,0.7304044934257905,0.6430028819892145,7593
brightness,2,4,8,False,0.5815676321070629,0.4865566549202987,9582
brightness,2,5,5,True,0.8452149352332213,0.7308029094153705,347
brightness,2,2,5,False,0.45026494655780974,0.4034261157541769,5360
brightness,2,2,1,False,0.5766562936786163,0.48379098764823136,2659
brightness,2,1,1,True,0.6966187724105942,0.5918368801347441,791
brightness,2,5,0,False,0.5787415255033597,0.5039988104932135,6296
brightness,2,9,9,True,0.7881127201629549,0.7085546960355732,4778
brightness,2,0,0,True,0.741754107471144,0.6499942421511282,4653
brightness,2,4,4,True,0.685927610471405,0.5865878496152593,8179
brightness,2,3,3,True,0.8621282947830651,0.7437757360988432,9437
brightness,2,6,3,False,0.4114356636661789,0.3513948085846599,8347
brightness,2,7,7,True,0.789346282932421,0.6777041756276885,2583
brightness,2,8,8,True,0.7270269917468513,0.6474183315438246,3601
brightness,2,2,2,True,0.7247866496197077,0.5926687014974265,4274
brightness,2,2,9,False,0.55911478916281,0.5165464627167685,4539
brightness,2,4,4,True,0.8534402115177455,0.7842078287962885,3419
brightness,2,1,7,False,0.5137437186570418,0.454933425411765,7235
brightness,2,4,4,True,0.690893304453509,0.5856377881668017,9219
brightness,2,2,2,True,0.8484058015581597,0.7594095998240311,4097
brightness,2,3,0,False,0.4037858887663808,0.3637769147782256,7731
brightness,2,7,7,True,0.7436290185541858,0.6365654057356606,9455
brightness,2,1,1,True,0.8122139698281238,0.6859440348591,6367
brightness,2,3,2,False,0.4968700450603516,0.42922279023510607,6122
brightness,2,6,6,True,0.9265562016729358,0.806424397404094,4649
brightness,2,4,4,True,0.730148573789623,0.6535364135382654,9439
brightness,2,8,8,True,0.8219722499997908,0.7193603192834299,9802
brightness,2,0,0,True,0.7653590547794507,0.6746375340277849,4613
brightness,2,4,9,False,0.47562350117694957,0.4126051397854743,2514
brightness,2,0,0,True,0.7010338469692337,0.6279773415034793,6680
brightness,2,0,8,False,0.6850335316996412,0.5931440783138314,1526
brightness,2,4,4,True,0.7697305369919023,0.706030798980136,3008
brightness,2,2,2,True,0.6605390954304292,0.5634027199064546,9041
brightness,2,1,1,True,0.6839560965489929,0.604262571638609,241
brightness,2,9,0,False,0.4524470571966112,0.44336779775956725,5156
brightness,2,7,7,True,0.8292298212829262,0.740684445397196,7865
brightness,2,4,4,True,0.7364425697374175,0.6558844911511873,4292
brightness,2,9,9,True,0.7351753056848783,0.6458356410526751,7637
brightness,2,0,1,False,0.5024875765152919,0.4431711290199454,2608
brightness,2,9,9,True,0.865654987500221,0.7473294190184954,2684
brightness,2,8,2,False,0.4630149651624813,0.39732659918882685,5153
brightness,2,4,4,True,0.8275763874627666,0.6877253775769342,68
brightness,2,7,7,True,0.6137876853104944,0.5495318767546742,5424
brightness,2,2,2,True,0.7581242335563187,0.6286450210781823,7581
brightness,2,9,9,True,0.6549396281647769,0.584726399492573,2069
brightness,2,4,9,False,0.5216006423781556,0.4521755651013814,7735
brightness,2,2,5,False,0.6606086581961016,0.5574078957048879,1192
brightness,2,1,0,False,0.45252587512457854,0.42776069895023994,4310
brightness,2,6,7,False,0.7210716779803735,0.598929014057751,902
brightness,2,9,1,False,0.48796044588217424,0.41644365376722053,3927
brightness,2,6,6,True,0.678741762840055,0.5804774516240634,9603
brightness,2,6,6,True,0.7546240338673769,0.6594219116895942,424
brightness,2,7,3,False,0.4964922553983331,0.4247648220867494,4534
brightness,2,2,3,False,0.4684800015265083,0.4424423045369604,7144
brightness,2,3,5,False,0.43071973635647964,0.35368587337824703,2580
brightness,2,7,5,False,0.5780242273604537,0.5880289525445529,8522
brightness,2,6,6,True,0.8416082458308517,0.7091915554087932,7904
brightness,2,2,0,False,0.563043666626842,0.552704510230527,9766
brightness,2,0,7,False,0.5703794147040367,0.5216833339558664,2775
brightness,2,7,1,False,0.6214338705239203,0.5410129855732831,2810
brightness,2,8,0,False,0.5221171422439062,0.4633321632722582,7181
brightness,2,4,4,True,0.8605392027180931,0.7388830947550638,9333
brightness,2,8,1,False,0.4479794233012952,0.4027236520988271,8099
brightness,2,8,8,True,0.7441760741036695,0.6328094274736509,2105
brightness,2,7,7,True,0.7849578705897012,0.6963940111811626,3211
brightness,2,9,1,False,0.611839536429708,0.538703554992,9321
brightness,2,9,2,False,0.5936227094110109,0.4997890713399794,3131
brightness,2,3,1,False,0.46550856873060414,0.4192252220602939,4368
brightness,2,8,8,True,0.9088145093036076,0.7948007593464059,8682
brightness,2,5,5,True,0.862425074828746,0.7337186069924246,5938
brightness,2,3,3,True,0.7214878010266601,0.6197105113714965,1898
brightness,2,2,5,False,0.37076017392153154,0.34039586459308535,6239
brightness,2,6,8,False,0.3240834259681019,0.3122856765402819,3099
brightness,2,8,8,True,0.7582931454257832,0.6567041115643557,3962
brightness,2,2,2,True,0.6933347448420791,0.6229476377690185,7908
brightness,2,4,7,False,0.5541502010423006,0.509368896517141,784
brightness,2,8,8,True,0.6826516311301343,0.6213191908096332,3019
brightness,2,9,1,False,0.48998791856839585,0.439829410946355,211
brightness,2,4,2,False,0.5606469216833747,0.4735149043397828,2954
brightness,2,8,8,True,0.8213416673686369,0.7309663622352716,845
brightness,2,8,8,True,0.6954669797375128,0.6023189356467288,6502
brightness,2,2,1,False,0.5852537019950024,0.5225957495120673,7583
brightness,2,4,4,True,0.7611524335694725,0.6493994801311193,9118
brightness,2,1,1,True,0.6261013627705124,0.5351827465906794,8079
brightness,2,0,2,False,0.2758461757980839,0.23544138982557125,6422
brightness,2,6,6,True,0.7191096155222576,0.5997436871932952,9239
brightness,2,0,8,False,0.6058369327839058,0.5182264393301347,62
brightness,2,3,3,True,0.6687612644464349,0.562787858185202,797
brightness,2,1,1,True,0.8877068930527625,0.7808761818602098,1855
brightness,2,2,2,True,0.7272551729675227,0.6118693269312734,2297
brightness,2,2,5,False,0.5503623352294825,0.4694193642975125,4870
brightness,2,5,9,False,0.45422907103027793,0.4011583313941944,7573
brightness,2,7,7,True,0.6626683414365723,0.6145166022845835,1512
brightness,2,5,4,False,0.3128999762301762,0.26712288313707705,6516
brightness,2,7,3,False,0.5290351266984837,0.4370354181778512,9336
brightness,2,5,3,False,0.5549635697285767,0.46048184410899334,7418
brightness,2,6,0,False,0.49509498958173376,0.41861795418838416,6420
brightness,2,2,8,False,0.5961529745689387,0.5085933942119223,8724
brightness,2,3,6,False,0.5078628008915126,0.49277548131438187,9324
brightness,2,1,8,False,0.4946953534595705,0.4548259434263725,627
brightness,2,5,4,False,0.6632329313475205,0.5724476348113954,2097
brightness,2,1,1,True,0.7533761118534295,0.692426760345618,4521
brightness,2,6,6,True,0.7335147275466813,0.6262359033075899,2253
brightness,2,7,9,False,0.6112964496967066,0.5263769111867103,9340
brightness,2,8,8,True,0.8231880265216002,0.7052850788486144,7006
brightness,2,4,4,True,0.7349093631084034,0.6602099154915441,850
brightness,2,9,4,False,0.5142695581886318,0.4507296567184285,3433
brightness,2,4,7,False,0.39957073365149187,0.38478164188734787,7209
brightness,2,7,3,False,0.4237886449403855,0.3839004148984142,5145
brightness,2,9,9,True,0.7628561201077924,0.6816072140736292,6801
brightness,2,5,5,True,0.8063263689054635,0.6640548361584006,5872
brightness,2,9,9,True,0.7055018356082835,0.5806936701659696,5159
brightness,2,5,0,False,0.36979979864050855,0.2960051385613985,4651
brightness,2,0,0,True,0.7066984929220613,0.6071315235277376,9276
brightness,2,4,8,False,0.6434860746029117,0.5311862113247601,7779
brightness,2,7,7,True,0.7526338310530114,0.6795451407721612,4726
brightness,2,6,6,True,0.6103231598516792,0.5297908885055204,5267
brightness,2,2,6,False,0.3942178072804787,0.362391968069485,600
brightness,2,2,7,False,0.4750027196838594,0.40890688267510034,2703
brightness,2,7,7,True,0.8167664628307963,0.7257475246272802,4228
brightness,2,7,7,True,0.7731000791598445,0.6328333049892924,5030
brightness,2,1,1,True,0.8292355399214737,0.7188723983646335,3063
brightness,2,4,6,False,0.544611456030065,0.4879341362460335,5596
brightness,2,1,1,True,0.8049893567973188,0.7109410038975322,9929
brightness,2,2,2,True,0.8207579540194465,0.7062906644259549,9641
brightness,2,9,9,True,0.795204737294302,0.6567040600974425,4484
brightness,2,0,0,True,0.6744926123176528,0.6085446131006751,3001
brightness,2,5,8,False,0.45017131748220807,0.3898001520765069,8738
brightness,2,4,5,False,0.5654744349952521,0.48954557954376576,907
brightness,2,3,7,False,0.4883856017813392,0.4745119440197305,6919
brightness,2,8,4,False,0.4447127988722196,0.39493789619496206,3779
brightness,2,8,8,True,0.7287680501379907,0.6240746027091,3053
brightness,2,0,6,False,0.4019158021084015,0.3450520965682485,6140
brightness,2,2,4,False,0.520038357747184,0.4699360221323087,1753
brightness,2,2,2,True,0.7206230147700666,0.6111120822631796,4386
brightness,2,0,0,True,0.7005186059043592,0.6206749233941774,7328
brightness,2,5,5,True,0.8352812080634205,0.7470158831488511,8030
brightness,2,3,1,False,0.396229894767023,0.35002949843510683,8001
brightness,2,3,3,True,0.7097253361356116,0.638023083310881,3398
brightness,2,7,7,True,0.6908619197695692,0.6008557711748761,3639
brightness,2,9,3,False,0.4858715208879825,0.4142416957374511,7464
brightness,2,6,4,False,0.35935135683671904,0.2871571150301154,9561
brightness,2,6,6,True,0.7037704365266406,0.6187070781478764,2979
brightness,2,4,4,True,0.8460186122140516,0.7400375122213881,1933
brightness,2,4,2,False,0.39047758777196206,0.36653229200980525,4180
brightness,2,5,5,True,0.6941426435899634,0.6227203902955559,7800
brightness,2,2,2,True,0.6503916088088832,0.6091801765984098,428
brightness,2,5,5,True,0.7458810570532375,0.6373782772080008,4210
brightness,2,3,4,False,0.43811824555932494,0.3945186682316302,1448
brightness,2,3,3,True,0.7005333755209107,0.5967011485003307,6325
brightness,2,8,9,False,0.6301761622664948,0.5692510331108915,9179
brightness,2,0,0,True,0.7457519452927116,0.6303510237264466,7821
brightness,2,8,8,True,0.6257339535672222,0.5651480158902602,4168
brightness,2,1,6,False,0.4816941431552496,0.4097092656647098,205
brightness,2,3,3,True,0.6862822101318219,0.6136701219294104,6601
brightness,2,7,7,True,0.7873310569673648,0.708360706471625,2241
brightness,2,9,7,False,0.5980354446950875,0.49224816940998606,6500
brightness,2,8,2,False,0.3208436704189014,0.26077324965664367,8152
brightness,2,7,3,False,0.5256449931589708,0.4664964062950533,3443
brightness,2,3,3,True,0.8545559882526822,0.7439416910392206,8976
brightness,2,3,9,False,0.6237530731781322,0.5393468237897812,9573
brightness,2,3,3,True,0.6251308343884445,0.5368359917561744,1319
brightness,2,8,8,True,0.6815707323084872,0.5772311571117736,3245
brightness,2,6,3,False,0.2600926933233283,0.24270015066012354,9487
brightness,2,0,8,False,0.47016468228287683,0.3953515231002927,1614
brightness,2,0,0,True,0.6882216733490839,0.6073104157620313,346
brightness,2,1,7,False,0.5324349507710372,0.45608211284750744,8755
brightness,2,5,5,True,0.6712659266277424,0.5771223154831652,4095
brightness,2,9,9,True,0.7539111237520064,0.680140029003925,8978
brightness,2,4,4,True,0.7807741127905715,0.6977476648453433,5870
brightness,2,2,9,False,0.2887786625676716,0.2405238755967291,6907
brightness,2,4,4,True,0.6888607484267668,0.5830732307501422,2406
brightness,2,7,7,True,0.5783976615474308,0.5221946677888616,4426
brightness,2,0,6,False,0.5645773718520793,0.46621363917708497,2692
brightness,2,6,6,True,0.7687732657092585,0.6975372261435371,1109
brightness,2,9,9,True,0.7552341067152887,0.6596520491409882,8543
brightness,2,9,2,False,0.5595633482967179,0.47906453804130544,9381
brightness,2,1,7,False,0.5089556056570856,0.4478221726339549,9327
brightness,2,9,9,True,0.5959411373926762,0.5487716562230418,7220
brightness,2,1,8,False,0.3855341350715276,0.30008152039064173,2316
brightness,2,4,4,True,0.6401325447952275,0.579638760894032,5237
brightness,2,3,3,True,0.5604287989755535,0.5152554244391662,5847
brightness,2,6,6,True,0.6809315263220996,0.5873737600944839,6394
brightness,2,7,6,False,0.6400217637175362,0.5575868409818692,7692
brightness,2,6,6,True,0.7537249198606832,0.658395139501455,4232
brightness,2,7,8,False,0.6222455758448936,0.5585793707720252,9565
brightness,2,9,9,True,0.7596613927866726,0.6461175576703995,9186
brightness,2,5,5,True,0.6976767726174687,0.6077350123215083,1333
brightness,2,5,5,True,0.6879230738117125,0.5977369385437247,5736
brightness,2,5,5,True,0.7649964167937895,0.6788238631976301,7414
brightness,2,2,2,True,0.607587012984815,0.5849573841730231,2285
brightness,2,4,4,True,0.4757849648090231,0.40473972711275474,9494
brightness,2,5,9,False,0.4550827178386128,0.4033970296035964,7148
brightness,2,0,2,False,0.5530129557057951,0.4698449140625633,7231
brightness,2,3,5,False,0.4825731257626235,0.41541046798653064,1754
brightness,2,2,2,True,0.7857148375259865,0.66133846488655,8085
brightness,2,6,9,False,0.342960870200092,0.2759071251720198,7968
brightness,2,3,3,True,0.7050295678859634,0.6379322012341745,4614
brightness,2,1,1,True,0.66510971024865,0.5874648017799801,4655
brightness,2,5,5,True,0.7075797427290381,0.6183003119665291,9564
brightness,2,4,3,False,0.4022885760230485,0.33946620520127696,7799
brightness,2,6,6,True,0.7670930934922423,0.6655298313138147,1564
brightness,2,7,7,True,0.8047384622959943,0.6759005467935779,5921
brightness,2,9,9,True,0.738537080728221,0.6422113617165828,94
brightness,2,6,6,True,0.6580366092574012,0.5810057359596432,8552
brightness,2,5,5,True,0.8228463479681193,0.7035693887258718,8122
brightness,2,2,6,False,0.5501804203824926,0.4675171907513953,1262
brightness,2,6,6,True,0.7448418856374234,0.6382695531299878,6771
brightness,2,4,4,True,0.7744773291358872,0.6896021049048152,1495
brightness,2,9,9,True,0.7700761340059968,0.6735972034090688,6333
brightness,2,6,6,True,0.692528202425079,0.5715106650819829,2320
brightness,2,2,2,True,0.7091929183470659,0.6322832092987746,4166
brightness,2,9,9,True,0.6572261463505029,0.5845073341340409,938
brightness,2,4,4,True,0.7088951717497944,0.621302833922181,1657
brightness,2,6,6,True,0.8124673192062847,0.7385095314982363,738
brightness,2,7,7,True,0.7972843912274838,0.69316839066752,1610
brightness,2,6,5,False,0.5112664891125016,0.45819137088404516,8963
brightness,2,5,0,False,0.3868387839210267,0.3532012814312696,6409
brightness,2,7,7,True,0.7007748615106107,0.6282069398377995,1067
brightness,2,8,8,True,0.6361345356638083,0.5512570540948749,8896
brightness,2,1,2,False,0.48488586850559595,0.4142561703511187,5846
brightness,2,5,5,True,0.7237849620917505,0.6496786415933467,7317
brightness,2,6,0,False,0.39831592317792597,0.37199533749708363,1470
brightness,2,9,6,False,0.5969165092443333,0.5478757193876458,8582
brightness,2,5,5,True,0.8108464373309094,0.7125308471035864,7237
brightness,2,1,1,True,0.5688073848446715,0.4655111567486761,4039
brightness,2,7,7,True,0.6661574491721111,0.5845154639231464,8249
brightness,2,8,8,True,0.7226912328510543,0.6299613661247695,7200
brightness,2,8,8,True,0.768348302624392,0.6926850574421205,858
brightness,2,2,8,False,0.37152730108749726,0.3519668515942312,869
brightness,2,1,5,False,0.4343139169137932,0.39642300960208426,7117
brightness,2,0,2,False,0.42084466727292374,0.3312580635218382,8961
brightness,2,4,4,True,0.6961338495405539,0.5902174247517874,48
brightness,2,1,8,False,0.4605741409314357,0.3992023561980439,7388
brightness,2,7,2,False,0.5288098690913817,0.457661014992891,8418
brightness,2,5,5,True,0.7336733922921741,0.6419598767711509,8442
brightness,2,3,1,False,0.5202066586700892,0.48677975917830574,5703
brightness,2,2,5,False,0.5048848820589741,0.4597372936707011,5508
brightness,2,4,4,True,0.6612228585443252,0.558659442391549,287
brightness,2,1,3,False,0.5483723007347767,0.46454306915584653,7645
brightness,2,4,8,False,0.20559932511393347,0.1713795633316852,3018
brightness,2,6,9,False,0.4441213798682803,0.3901663487925829,1044
brightness,2,4,4,True,0.8476922330076618,0.7516493891584545,7270
brightness,2,4,4,True,0.6023889945074175,0.5463110077632305,5853
brightness,2,8,3,False,0.4165664730949709,0.36155719015317056,5874
brightness,2,3,3,True,0.667743571453701,0.5819792174445227,6897
brightness,2,1,1,True,0.7350301609137472,0.6732592521449159,5763
brightness,2,5,5,True,0.7231555590894293,0.5999851145392098,8392
brightness,2,1,1,True,0.6227151298537613,0.5570671126735144,5261
brightness,2,8,8,True,0.8267053333870282,0.7282985464433175,7161
brightness,2,1,1,True,0.7178632422420741,0.6192508547242072,4963
brightness,2,7,2,False,0.4333459771795884,0.3829751267409366,5154
brightness,2,4,4,True,0.7393046817542672,0.6518133766625774,4043
brightness,2,4,6,False,0.30895516745319673,0.271720813187654,1491
brightness,2,8,3,False,0.4707816785934004,0.40241231482467993,2186
brightness,2,8,8,True,0.5830144241250182,0.4963039389463574,7911
brightness,2,1,1,True,0.5414307787408987,0.5124595136542247,4092
brightness,2,8,8,True,0.6523938675546433,0.5607289126386561,2252
brightness,2,3,7,False,0.5769244187225506,0.5094127816056031,6734
brightness,2,3,8,False,0.5194472321156409,0.47223519659048563,7635
brightness,2,8,5,False,0.33690141963017534,0.2971362813328151,7932
brightness,2,1,6,False,0.4663217104605531,0.4120892504488222,1621
brightness,2,4,4,True,0.72507493491372,0.6413685957306164,5580
brightness,2,1,4,False,0.4663609263467609,0.39444814809536544,7132
brightness,2,5,4,False,0.5125531778060634,0.4199411408199232,7917
brightness,2,6,6,True,0.764259994316892,0.6500089111422959,5134
brightness,2,5,2,False,0.4415304241211177,0.4248702143203792,9593
brightness,2,9,8,False,0.41403868908224906,0.35542971042508337,1152
brightness,2,7,7,True,0.8420483507306277,0.7333540784159469,6474
brightness,2,0,0,True,0.6403782893449922,0.5328053232387049,4666
brightness,2,2,5,False,0.42448273930824476,0.40265321174888574,4266
brightness,2,4,0,False,0.5554863844947601,0.48114172008629574,6938
brightness,2,4,4,True,0.6848402466149593,0.5880153305004198,8446
brightness,2,1,1,True,0.7598572496437657,0.6582100150864855,1380
brightness,2,5,5,True,0.8486563010726894,0.7866186052669477,6040
brightness,2,5,5,True,0.801333888652948,0.7049643624231323,6669
brightness,2,4,1,False,0.34343368191137535,0.30378275348851996,9655
brightness,2,8,7,False,0.4144270739363341,0.30960667007741716,2452
brightness,2,3,3,True,0.7613213795017072,0.6891830765000464,2556
brightness,2,7,7,True,0.7660355642924415,0.652232426113163,1302
brightness,2,6,6,True,0.8342556956823652,0.7070643168230656,4359
brightness,2,9,1,False,0.46264946353377306,0.39298709067047916,3985
brightness,2,6,6,True,0.7509398008805598,0.6825993052956055,7592
brightness,2,4,4,True,0.6973201772806722,0.6068788862093024,7740
brightness,2,0,0,True,0.7390720590695,0.6127700145279679,8985
brightness,2,6,6,True,0.7094956554465949,0.6139886158178195,8502
brightness,2,5,8,False,0.4721122922458002,0.399664722162244,9214
brightness,2,8,8,True,0.799862141985101,0.7020736429392918,8987
brightness,2,5,4,False,0.503898596631037,0.4355854471439643,2631
brightness,2,6,6,True,0.7270058141167909,0.6015690255154192,2616
brightness,2,9,9,True,0.7565642710489116,0.6564298540112692,3141
brightness,2,9,5,False,0.6814855670843986,0.5931268226641743,5450
brightness,2,2,2,True,0.7185339111260813,0.6006839734192987,6565
brightness,2,2,2,True,0.745167565401311,0.609190992901805,1725
brightness,2,7,7,True,0.7126412287122706,0.6263973313335391,4187
brightness,2,1,3,False,0.41891293890073233,0.3654631410541247,2831
brightness,2,8,0,False,0.5175857670371053,0.45064428530963263,1683
brightness,2,1,1,True,0.7710017642799835,0.6852681427439358,4966
brightness,2,3,3,True,0.8038034165877965,0.6594592693878005,955
brightness,2,8,8,True,0.7297281940547592,0.6364750187874744,8981
brightness,2,1,0,False,0.6288594420539011,0.5627820858492146,7376
brightness,2,0,9,False,0.5193166306490727,0.4527661822799604,7716
brightness,2,7,7,True,0.6712369901413133,0.5572284268223711,4405
brightness,2,8,1,False,0.3199089312961824,0.2737059882209897,7262
brightness,2,7,7,True,0.6874434884002016,0.5902976738379708,4620
brightness,2,4,4,True,0.5905125964511101,0.4853561352443766,7741
brightness,2,7,7,True,0.7125901905603063,0.628129146984668,8762
brightness,2,6,1,False,0.4144449709061153,0.36734228981385836,3478
brightness,2,3,3,True,0.6953094206321063,0.5931543979149325,7730
brightness,2,7,7,True,0.837055739050089,0.7462078565780368,5121
brightness,2,1,8,False,0.3629805751948436,0.31309380683224347,7553
brightness,2,4,9,False,0.5602133990283902,0.5207794832822252,4540
brightness,2,8,1,False,0.5895813593467699,0.5107655865821821,1907
brightness,2,1,1,True,0.8446969688258452,0.7139015931813534,9739
brightness,2,4,1,False,0.3634669841102864,0.3054598681425942,9359
brightness,2,6,6,True,0.8642729022965645,0.7514535850128307,8199
brightness,2,5,5,True,0.6816745293832652,0.5730136437870235,5439
brightness,2,9,9,True,0.7188153306179532,0.6288810504752924,1032
brightness,2,6,7,False,0.6083834070996152,0.524115507022653,2901
brightness,2,0,0,True,0.6554118655180464,0.5636310667105796,7956
brightness,2,9,9,True,0.6003627811516965,0.5244757549263289,4693
brightness,2,2,2,True,0.5381896744055394,0.49255490048454165,970
brightness,2,5,5,True,0.9662252565266598,0.8254315881942473,4157
brightness,2,8,0,False,0.5465885842619429,0.48328287898694644,2207
brightness,2,6,6,True,0.5976133304806386,0.5318573144377192,5515
brightness,2,0,1,False,0.4120336700420768,0.3410317486007151,867
brightness,3,1,3,False,0.4986207948282608,0.415166675972488,5256
brightness,3,1,7,False,0.3640437838159005,0.33560785954519967,5236
brightness,3,9,9,True,0.6907035721593643,0.6020848918588885,1180
brightness,3,7,2,False,0.4084470086145896,0.3420162675036751,4903
brightness,3,9,9,True,0.6628383141557069,0.5459157777592852,9677
brightness,3,8,8,True,0.5297037737125685,0.5146265384620851,9901
brightness,3,8,8,True,0.6048740505357545,0.545783812932667,1130
brightness,3,5,3,False,0.5570731041380285,0.4996998080609891,3455
brightness,3,5,5,True,0.7661345858247466,0.6639148714936008,1859
brightness,3,3,1,False,0.42475387781004004,0.3898405468918023,2854
brightness,3,0,0,True,0.586473247679034,0.49245656531950327,2349
brightness,3,8,8,True,0.5181429916962137,0.459409499914722,9953
brightness,3,3,3,True,0.6960326711963664,0.6114876783482296,1756
brightness,3,6,6,True,0.7648925765113741,0.6446079486498876,5947
brightness,3,9,9,True,0.6988415913767024,0.6069264491555122,7664
brightness,3,3,3,True,0.7161775120755135,0.6154956134920796,9459
brightness,3,1,1,True,0.5874371665944705,0.4990425576896338,239
brightness,3,3,6,False,0.40382042246832067,0.3474703394615848,3805
brightness,3,9,9,True,0.6082026174046168,0.49783515201233547,870
brightness,3,0,7,False,0.2764557911506035,0.27124354389541655,1188
brightness,3,2,8,False,0.4579982278791527,0.4355449399129093,405
brightness,3,0,5,False,0.417304476161099,0.3511822716956841,2227
brightness,3,7,7,True,0.7356131710745176,0.6624710360566343,3284
brightness,3,1,1,True,0.6569126363948306,0.5727355029566846,9329
brightness,3,2,2,True,0.6918901028240203,0.6029025924614411,3838
brightness,3,2,2,True,0.8212777626112211,0.6871802156490864,3147
brightness,3,0,4,False,0.2886639253097393,0.24920964063742265,1399
brightness,3,9,6,False,0.3538410832269331,0.32642113297828146,8258
brightness,3,3,3,True,0.6315619335315069,0.5323208423795792,5936
brightness,3,8,8,True,0.7398479432019044,0.6290369518372229,4436
brightness,3,5,2,False,0.4049438106016308,0.3490399937389244,2771
brightness,3,0,0,True,0.6670834700231494,0.5138753337889446,4121
brightness,3,1,9,False,0.5423023449284947,0.482522504204606,9464
brightness,3,0,8,False,0.4175929345151931,0.38269335207273225,5934
brightness,3,2,5,False,0.4245563466646876,0.38316469226811434,4699
brightness,3,5,5,True,0.7164302591490599,0.6428224099566517,1323
brightness,3,1,1,True,0.7503816814214589,0.6439438358498791,6308
brightness,3,3,8,False,0.47026143069609116,0.4509459665914507,1660
brightness,3,0,0,True,0.7397175902084149,0.6268641735361614,9318
brightness,3,8,7,False,0.2937792069283901,0.26022283557698944,615
brightness,3,3,3,True,0.4785153298262402,0.41527354259550725,3831
brightness,3,9,9,True,0.6695751848630527,0.5878647880666923,2837
brightness,3,3,3,True,0.7306221224328886,0.6312373568705616,1217
brightness,3,4,2,False,0.3174929553283077,0.2828103234157214,5836
brightness,3,4,4,True,0.6300472058155573,0.536970674283357,8936
brightness,3,1,1,True,0.7148166256182485,0.6138242815140157,2764
brightness,3,7,7,True,0.6281818579533317,0.5042690700920824,8019
brightness,3,8,3,False,0.44534967357671074,0.4095959015055537,1666
brightness,3,8,9,False,0.547938550996362,0.4603081129903324,520
brightness,3,4,4,True,0.5764160548492874,0.49514049931080983,1267
brightness,3,7,7,True,0.5846484646282203,0.49075604436425224,707
brightness,3,4,7,False,0.4514900764623183,0.4101602000429316,6277
brightness,3,1,0,False,0.5023648460001386,0.43114271862985115,3535
brightness,3,7,7,True,0.7018816409363662,0.5627348460598517,6744
brightness,3,4,4,True,0.7788988242719198,0.6826790565124768,8167
brightness,3,3,0,False,0.32690155332693965,0.27792150758409917,8391
brightness,3,0,8,False,0.2912107367200336,0.2620617376904395,894
brightness,3,2,2,True,0.6752631650536791,0.6056173919180953,4063
brightness,3,4,4,True,0.6902155538505927,0.5819321497321644,8194
brightness,3,7,4,False,0.5127231762702386,0.4497971146516868,4944
brightness,3,3,3,True,0.6197572875080885,0.5263604616930352,5166
brightness,3,1,3,False,0.27597985192138585,0.2693163387307905,5466
brightness,3,3,9,False,0.3674864931407208,0.328942661035914,2920
brightness,3,0,0,True,0.6255415298360456,0.5462485204119174,4179
brightness,3,4,4,True,0.835660279947758,0.7004930795440265,1025
brightness,3,4,4,True,0.8157183544867882,0.7233645158131792,4669
brightness,3,7,4,False,0.5953141057831547,0.5385587727097961,4294
brightness,3,0,1,False,0.5110403885694145,0.43406144008858744,3219
brightness,3,6,1,False,0.4856933603327129,0.4309170173516343,4000
brightness,3,7,0,False,0.5168290559385529,0.4660646944404311,7839
brightness,3,8,7,False,0.5552784956985,0.5313461739758122,1993
brightness,3,9,2,False,0.35769807554258753,0.3268659470960703,2872
brightness,3,6,6,True,0.6244254381836527,0.5457534257041888,8923
brightness,3,9,2,False,0.35933610692719364,0.3173225939879098,9051
brightness,3,3,3,True,0.7319959048933399,0.6352726521618424,9815
brightness,3,1,9,False,0.3217023171274857,0.3037929350324972,1779
brightness,3,0,0,True,0.7849540892160844,0.6645702779034933,3752
brightness,3,9,5,False,0.3646551977516333,0.3436106062413262,1303
brightness,3,1,1,True,0.7410624105176644,0.6140780801709754,4078
brightness,3,1,1,True,0.6348362508435106,0.5679375514018469,4067
brightness,3,7,6,False,0.4564745857383782,0.4218995121422457,7337
brightness,3,3,8,False,0.2935041374045525,0.2806020269633428,1516
brightness,3,5,7,False,0.33224077598833796,0.3028124011656591,1273
brightness,3,0,0,True,0.7222154349468373,0.6367809578041517,1798
brightness,3,4,6,False,0.476803880156816,0.4122792624320901,7477
brightness,3,8,0,False,0.6122152941115204,0.5128839272173762,8121
brightness,3,5,5,True,0.7656738471483666,0.6708171049952321,5621
brightness,3,2,0,False,0.4467694898350868,0.39613371399294967,4922
brightness,3,1,1,True,0.6241568080398554,0.5640069892825204,9701
brightness,3,6,7,False,0.3983435115229521,0.3507663979361523,4715
brightness,3,7,7,True,0.5777834963307158,0.5092949728976678,779
brightness,3,7,4,False,0.42907510788088427,0.3854622964547977,6152
brightness,3,1,5,False,0.48393010967073713,0.437788455242705,1696
brightness,3,3,3,True,0.7002931459339364,0.6292211001283055,5219
brightness,3,0,0,True,0.6572836968134238,0.554616441428446,1435
brightness,3,7,7,True,0.7470985677689119,0.6640678590424594,9715
brightness,3,2,2,True,0.820447226346046,0.70876876163697,6732
brightness,3,3,8,False,0.38136788068020655,0.3520149876376062,9830
brightness,3,5,3,False,0.46989272291795836,0.4439782638203864,8937
brightness,3,1,1,True,0.6994666471239804,0.5673790860578741,3367
brightness,3,7,7,True,0.5983435943466816,0.5478810779436393,9262
brightness,3,4,4,True,0.6649068580221479,0.577803185580311,3577
brightness,3,5,4,False,0.25138832684676815,0.21157089921570577,7156
brightness,3,7,7,True,0.6537523006692753,0.5619390951130363,172
brightness,3,6,9,False,0.415534043476277,0.3475754552336028,843
brightness,3,0,9,False,0.4868845082781467,0.4390017712981457,5559
brightness,3,0,0,True,0.6372334167880755,0.5359522044172085,6429
brightness,3,8,8,True,0.7084721649215439,0.6412878522694616,1674
brightness,3,8,7,False,0.5099709010068879,0.4623135965703947,7624
brightness,3,2,0,False,0.6108290280006251,0.5387477820507696,746
brightness,3,0,0,True,0.5614041817731298,0.45147061617066836,5059
brightness,3,6,6,True,0.7935579163031998,0.6630731598828822,9485
brightness,3,9,1,False,0.4225622800078272,0.3725749071269742,2287
brightness,3,1,1,True,0.6085462703650676,0.5317508153367861,6723
brightness,3,0,0,True,0.5215334615183106,0.4770996130570157,1299
brightness,3,3,3,True,0.7092295016714932,0.5595941864098593,9978
brightness,3,6,6,True,0.6665026383345418,0.5663438259152508,7013
brightness,3,4,6,False,0.3610306744631838,0.3386177489181821,823
brightness,3,4,5,False,0.26724242896319217,0.23541162271799082,2457
brightness,3,4,3,False,0.5569506169470912,0.47906166420169244,7245
brightness,3,9,8,False,0.48276448324440524,0.39310508658018334,3622
brightness,3,2,2,True,0.6490724400509715,0.5878820512236558,6634
brightness,3,0,0,True,0.6941687101818798,0.595344042748289,6854
brightness,3,5,5,True,0.698402634612208,0.6305161693632516,6359
brightness,3,4,7,False,0.24344561314247942,0.2512438912326374,4818
brightness,3,2,2,True,0.5608751523613479,0.518086514312776,4392
brightness,3,9,9,True,0.8242581594516047,0.7149710885536468,3713
brightness,3,1,1,True,0.6727086914002984,0.5771188507784105,8939
brightness,3,1,1,True,0.7039351593947196,0.6022990135120114,9090
brightness,3,1,6,False,0.5897544219679911,0.5556580995660929,1357
brightness,3,9,5,False,0.39136607802507706,0.3434231767595734,5212
brightness,3,8,2,False,0.34372431917339313,0.3282289083131059,3611
brightness,3,9,9,True,0.6748380805615041,0.5982603736671464,6219
brightness,3,1,1,True,0.6868090258070715,0.590557071872595,4184
brightness,3,0,9,False,0.4355566159460256,0.38016226034654654,3024
brightness,3,3,2,False,0.34751752692256055,0.3340578697064355,5298
brightness,3,4,7,False,0.4425053551250446,0.3917548175032194,7214
brightness,3,2,2,True,0.7001268819834446,0.6010315557952993,6056
brightness,3,6,1,False,0.40585060457849703,0.3438355691477988,9267
brightness,3,6,6,True,0.5765137142055139,0.511438011742934,3323
brightness,3,6,6,True,0.6679728825831573,0.5724477205975457,3731
brightness,3,3,5,False,0.623313600430576,0.556694320910653,2312
brightness,3,0,1,False,0.4894308097947027,0.4818991865250906,7831
brightness,3,2,2,True,0.7749931341445431,0.6841060410578852,3114
brightness,3,1,9,False,0.3567375598892205,0.3543090066915149,9838
brightness,3,9,9,True,0.7261299515829234,0.6179138470790246,3128
brightness,3,8,8,True,0.6849953924596518,0.6109256522185464,7928
brightness,3,9,7,False,0.5056288409683292,0.46989720247802075,6421
brightness,3,7,8,False,0.3487704163553308,0.3390513182664203,1056
brightness,3,1,1,True,0.7339421540845481,0.6644363077692871,4330
brightness,3,4,9,False,0.4422013941487234,0.39120283691325886,9154
brightness,3,6,6,True,0.7533302154040106,0.6731290261555394,5174
brightness,3,0,2,False,0.45014086389258545,0.3772681413647972,539
brightness,3,8,4,False,0.4464020134542089,0.42658417976180024,4013
brightness,3,8,1,False,0.3018742485215382,0.25255005849384937,3522
brightness,3,9,4,False,0.499205797789198,0.46440769031322543,9043
brightness,3,2,2,True,0.6115866231452722,0.5557196523737352,5799
brightness,3,2,9,False,0.42895975202099834,0.400359728482962,3652
brightness,3,6,7,False,0.3649228567995589,0.3664960666268284,7373
brightness,3,7,7,True,0.6268968900607702,0.5689104032147174,8077
brightness,3,2,2,True,0.6754516207914187,0.5626021428019922,7189
brightness,3,3,3,True,0.8701325503221946,0.7664097676025223,9747
brightness,3,3,8,False,0.18065798758575502,0.13077217213489814,6747
brightness,3,6,6,True,0.673302080012286,0.5854841796038441,1372
brightness,3,1,5,False,0.38116755027578986,0.33054421335819095,2913
brightness,3,5,5,True,0.8075628877893386,0.7141852997677574,7158
brightness,3,2,6,False,0.2957599934322829,0.24993580419832281,5142
brightness,3,7,7,True,0.832623882055127,0.7068704985174412,1431
brightness,3,7,6,False,0.5056719915045096,0.45484508614710867,9483
brightness,3,9,8,False,0.3921970786264216,0.37186281931910836,5671
brightness,3,3,9,False,0.37811313377546807,0.33644863498209254,5592
brightness,3,1,1,True,0.6250098028906171,0.5927193225042775,8838
brightness,3,2,9,False,0.45193649999687974,0.3922806395155762,4819
brightness,3,2,2,True,0.7762799911453083,0.6884327129887524,215
brightness,3,0,4,False,0.4082661935548005,0.36885131013075073,3237
brightness,3,5,5,True,0.668065172725108,0.5760003029795715,429
brightness,3,6,6,True,0.6369913536988006,0.5826705276070615,1022
brightness,3,3,9,False,0.43694739591761944,0.3685988144277213,1996
brightness,3,2,7,False,0.3732025206624045,0.29070539070998236,9402
brightness,3,5,9,False,0.3958249170560348,0.348928653443117,1162
brightness,3,1,9,False,0.3507116718770628,0.30796749479975455,1869
brightness,3,7,7,True,0.6523150548910979,0.5907245528146193,4156
brightness,3,2,0,False,0.2944937512976713,0.24032463267474596,648
brightness,3,6,6,True,0.6605928340284142,0.5869780325899748,8196
brightness,3,6,6,True,0.6290015722191618,0.5577043591352988,7975
brightness,3,7,7,True,0.6134904758218029,0.542922888871942,4389
brightness,3,5,5,True,0.618092449530663,0.5612601454059546,7681
brightness,3,1,1,True,0.7473762808861003,0.6498008064940032,2507
brightness,3,0,0,True,0.6888223876676491,0.6015426934930256,7507
brightness,3,0,0,True,0.7951959642489386,0.6999221609701013,5180
brightness,3,1,5,False,0.17034474026134439,0.157753810946897,4607
brightness,3,8,8,True,0.5172039573107169,0.4275578849580854,821
brightness,3,1,4,False,0.4036854820054594,0.3499230166966639,4964
brightness,3,4,8,False,0.5190548522903354,0.4510174511788215,912
brightness,3,4,3,False,0.564041958865256,0.4831875732462076,3076
brightness,3,6,6,True,0.6231208197463607,0.5383227776883253,122
brightness,3,1,1,True,0.6063408578056803,0.5339818059717758,9857
brightness,3,0,0,True,0.6213620709146213,0.5376789971235414,9018
brightness,3,8,8,True,0.6584433335326085,0.591756337093714,6270
brightness,3,7,7,True,0.6660789514642944,0.5985586103012732,133
brightness,3,6,6,True,0.5821698937437195,0.4622687918668972,8358
brightness,3,1,8,False,0.30138462747258393,0.24251392980883452,5824
brightness,3,7,0,False,0.37308541848241816,0.28402761018022493,3101
brightness,3,7,7,True,0.6612041027921701,0.5715472054356264,6065
brightness,3,8,8,True,0.6147206663470384,0.5307924954284533,3026
brightness,3,0,6,False,0.4022793036295519,0.35995692815405284,2136
brightness,3,5,3,False,0.4262374564014832,0.39415223215570505,2746
brightness,3,0,4,False,0.3895803574227545,0.34528844837243877,4302
brightness,3,3,2,False,0.24386339101057533,0.2102261308379486,8904
brightness,3,3,2,False,0.3183301816015617,0.2854943482688376,3806
brightness,3,1,1,True,0.5763532389868016,0.4950223862334384,9022
brightness,3,2,2,True,0.5678748786510162,0.46814673592272327,9829
brightness,3,9,9,True,0.6180926240722953,0.5595348573091661,9054
brightness,3,9,9,True,0.6947586992045651,0.6140362460138942,9680
brightness,3,5,8,False,0.29993057596609074,0.29891950134998235,7029
brightness,3,4,0,False,0.36828594200293924,0.30330237308701996,2787
brightness,3,9,2,False,0.4081193534822661,0.3296061094681865,2309
brightness,3,4,4,True,0.7193433874266645,0.6077226880660124,3628
brightness,3,4,1,False,0.3507828783040367,0.321142619312839,3396
brightness,3,0,0,True,0.5972103955412073,0.53980788306387,9288
brightness,3,1,1,True,0.7055282405488746,0.6204245877260587,5043
brightness,3,4,5,False,0.2746245639182753,0.2513032496211769,9082
brightness,3,3,3,True,0.6784934554404861,0.6088101558163934,6364
brightness,3,0,0,True,0.6503285882052092,0.5585907029383559,8566
brightness,3,7,7,True,0.6457196495040876,0.5849906386197935,8070
brightness,3,6,6,True,0.6033492088434189,0.5675471551755383,3595
brightness,3,0,0,True,0.5825702243707919,0.4889296779927454,2680
brightness,3,9,5,False,0.6200354172866707,0.5369489373264823,7487
brightness,3,2,2,True,0.5356753105678085,0.44252729581542377,7776
brightness,3,3,3,True,0.668505209615352,0.5639258018894658,5750
brightness,3,1,1,True,0.6648704464225912,0.5879907411002017,324
brightness,3,8,8,True,0.666245961272256,0.5475967135623709,323
brightness,3,9,3,False,0.4044390933107226,0.34318150836964145,7323
brightness,3,9,4,False,0.3140047551098509,0.30297662426881844,4617
brightness,3,0,5,False,0.23568854065925973,0.2198042227829914,5525
brightness,3,9,8,False,0.36198222091535076,0.33804487785119625,5275
brightness,3,0,1,False,0.37749829567090903,0.3100025368716109,8098
brightness,3,7,7,True,0.5074417040602965,0.4476798875747776,1469
brightness,3,6,2,False,0.4854939201601067,0.46540424344110753,5211
brightness,3,8,8,True,0.6507397681784939,0.5548908390318467,4152
brightness,3,5,5,True,0.7021613484840722,0.6020767762719097,3315
brightness,3,3,5,False,0.3542056843043812,0.3277088224759633,9831
brightness,3,6,2,False,0.5791101814616435,0.4892470222119818,9903
brightness,3,5,5,True,0.6362859697610173,0.5701881998446443,1225
brightness,3,1,5,False,0.5622842642457317,0.45700862366736905,5595
brightness,3,6,8,False,0.5976965567152873,0.47452915636180637,4711
brightness,3,6,8,False,0.35425332204009585,0.3224040727953314,5027
brightness,3,2,4,False,0.5020176012044462,0.42211846049099283,6101
brightness,3,6,3,False,0.3297809435048688,0.2839988331942216,6345
brightness,3,3,2,False,0.5233303424946987,0.4773633641325232,9069
brightness,3,5,8,False,0.5027830180693438,0.45485001092778016,545
brightness,3,3,3,True,0.8876069278631091,0.7449196698245669,1394
brightness,3,6,0,False,0.4602772967286146,0.4166302484906212,9957
brightness,3,0,0,True,0.64019236856902,0.5531592538746499,1103
brightness,3,1,2,False,0.38595934986347985,0.35140727568113095,6245
brightness,3,4,6,False,0.35403062957403664,0.3155228098031929,8259
brightness,3,6,8,False,0.5107944658675639,0.4191060264211229,4847
brightness,3,7,6,False,0.35164954132458803,0.29963953149517153,4158
brightness,3,1,1,True,0.7961092549148642,0.643450722114004,1346
brightness,3,6,6,True,0.7624135261263343,0.6667549733616408,7926
brightness,3,9,9,True,0.5942553279303602,0.5280549904627688,8385
brightness,3,6,9,False,0.4610237257495618,0.39278167334284586,6580
brightness,3,0,0,True,0.6315928712622461,0.5495397544205156,1124
brightness,3,6,4,False,0.4713599773402578,0.3961746694325433,6906
brightness,3,3,3,True,0.6125716410326055,0.5608138844036601,9367
brightness,3,0,2,False,0.4938489916120366,0.4090525482403215,2004
brightness,3,4,6,False,0.5017347031692332,0.43525383812096174,2563
brightness,3,0,2,False,0.5233389522618905,0.4338726492518147,8407
brightness,3,1,3,False,0.6705084335462455,0.5896286447738474,6334
brightness,3,1,1,True,0.6812698005035444,0.614843342238915,356
brightness,3,2,2,True,0.6377139711058828,0.5155372003819781,5893
brightness,3,9,1,False,0.3734786770575975,0.34553724427760585,6534
brightness,3,2,2,True,0.8102113960624291,0.7363106743244575,8548
brightness,3,8,1,False,0.5353876846206198,0.4726588209150463,6852
brightness,3,1,1,True,0.6296530236296872,0.5367100068557833,1800
brightness,3,5,5,True,0.7382753450663206,0.6417725249863206,4131
brightness,3,3,7,False,0.37732581735553017,0.32481458633937177,9122
brightness,3,3,5,False,0.3968072841232259,0.39157217630846053,4493
brightness,3,5,0,False,0.47217869708613847,0.4330518412977485,5092
brightness,3,9,9,True,0.5253046220459652,0.47951814902010503,9779
brightness,3,6,6,True,0.6673238907392216,0.6253261223773001,1885
brightness,3,0,0,True,0.6951363538130882,0.632756775906713,4021
brightness,3,9,3,False,0.5075960636030559,0.4440288179623238,50
brightness,3,0,6,False,0.439597423950219,0.38916498992068965,8542
brightness,3,4,0,False,0.4196325973245033,0.41888335674499866,4183
brightness,3,6,5,False,0.44746967659073156,0.3805634670249965,4734
brightness,3,5,5,True,0.7700386181850469,0.666100326546686,1701
brightness,3,5,5,True,0.677365165917572,0.5705022228896103,2443
brightness,3,7,7,True,0.6253514217402341,0.5101836569552691,7745
brightness,3,9,5,False,0.3909143613242849,0.32968208399528476,5840
brightness,3,2,9,False,0.24320354959180035,0.20452037686621266,2193
brightness,3,8,8,True,0.6842987544909302,0.584151891366903,5287
brightness,3,0,8,False,0.3036979175394953,0.28538855714014055,1382
brightness,3,9,9,True,0.6622957627036743,0.5777135222865895,646
brightness,3,3,5,False,0.39576663964486364,0.3716217265553819,3185
brightness,3,7,7,True,0.6576331918644489,0.5770075273635744,8799
brightness,3,2,0,False,0.5242226608027759,0.4641704114962127,714
brightness,3,9,4,False,0.5162229226856355,0.44796244268030777,2479
brightness,3,5,5,True,0.5725010283285699,0.5405651554821294,6275
brightness,3,6,2,False,0.3005346340742472,0.26198673929274874,5460
brightness,3,2,9,False,0.4017975675170243,0.374861626699461,4813
brightness,3,5,5,True,0.6716366249909533,0.5622470356246208,2758
brightness,3,7,7,True,0.8059895558898499,0.6952219472354872,2500
brightness,3,5,5,True,0.6372236968940228,0.5967915381439308,6215
brightness,3,1,1,True,0.6480482453694361,0.5795418136642679,904
brightness,3,9,9,True,0.6185769311604945,0.5127960037401823,2534
brightness,3,2,2,True,0.6730298308946762,0.5664381828796976,8486
brightness,3,1,3,False,0.4325797443006561,0.4147354813413484,6393
brightness,3,6,1,False,0.34180870709835237,0.3073043932610343,5500
brightness,3,5,5,True,0.7860288408655773,0.6776196627358224,9658
brightness,3,4,7,False,0.4362574176148417,0.3702381963789927,7302
brightness,3,3,3,True,0.7098717438754556,0.6120429064079153,69
brightness,3,0,2,False,0.5254631448725087,0.4899214349786792,1204
brightness,3,6,6,True,0.7694977933718559,0.6550726701910092,77
brightness,3,2,2,True,0.6056855101045447,0.5177926100270819,7244
brightness,3,6,6,True,0.7158026301101512,0.6354229127903981,891
brightness,3,8,6,False,0.5999952273516058,0.5042019520802428,3118
brightness,3,3,1,False,0.4701483483736164,0.39592667835736545,5271
brightness,3,5,7,False,0.44606271783293555,0.39427918218317604,6788
brightness,3,6,6,True,0.836717813022873,0.7268374341108292,6259
brightness,3,5,7,False,0.42480440060698516,0.3598991743101356,4050
brightness,3,5,5,True,0.6790874470182857,0.6016878996679608,6024
brightness,3,4,4,True,0.6434187821495226,0.566282225242341,393
brightness,3,1,1,True,0.8023347036648077,0.6575142370232628,7426
brightness,3,6,6,True,0.5409121105747763,0.49038527750852545,8538
brightness,3,6,7,False,0.4743735259366562,0.40682602814720503,6136
brightness,3,4,8,False,0.23874494038427208,0.23405437485786906,1201
brightness,3,0,3,False,0.3659342085638958,0.36763788226553146,7140
brightness,3,0,0,True,0.58304218624914,0.5092441388031391,589
brightness,3,8,8,True,0.6597730371997635,0.5629098750466063,6230
brightness,3,1,8,False,0.404601948244958,0.3864874902789341,4730
brightness,3,9,9,True,0.6081101798501989,0.515111259942212,6950
brightness,3,0,0,True,0.5957930585116474,0.5592729264806091,7973
brightness,3,0,0,True,0.5971767093316037,0.5133290447160191,8488
brightness,3,2,6,False,0.3405629034174822,0.2919399527787121,6778
brightness,3,2,2,True,0.6887889140455087,0.647788371459199,8726
brightness,3,3,3,True,0.6191275806964653,0.5485188297144264,7259
brightness,3,1,1,True,0.4567840942829964,0.43570579694626105,9640
brightness,3,1,0,False,0.3565049935686162,0.31750468511309754,2675
brightness,3,7,7,True,0.7299534078929633,0.6335130327840119,7159
brightness,3,9,9,True,0.6476948112199603,0.5070366181607615,9081
brightness,3,0,6,False,0.4251034109456077,0.39657203511687555,6746
brightness,3,6,5,False,0.40700675257949087,0.36866088085208465,5272
brightness,3,5,6,False,0.3950868485786183,0.3485877729086329,7856
brightness,3,6,6,True,0.6443059016114924,0.5744981408491812,496
brightness,3,3,3,True,0.6682512391552985,0.5837793414483181,508
brightness,3,2,1,False,0.438040449120867,0.36846651845342265,4492
brightness,3,7,0,False,0.49096934654769997,0.43957671700569745,5940
brightness,3,6,6,True,0.6890747867134945,0.5968996571385713,3817
brightness,3,6,6,True,0.7444476464564493,0.662601612726207,5250
brightness,3,1,1,True,0.5773597854422471,0.5001502571944684,1355
brightness,3,5,9,False,0.39650275462687334,0.3426540989285486,4709
brightness,3,9,5,False,0.6704506101035117,0.5739990561475182,3914
brightness,3,5,5,True,0.7842215428277719,0.663908564301098,2852
brightness,3,8,2,False,0.2746566400319742,0.23800698822750888,1572
brightness,3,7,0,False,0.42881368524433267,0.3881296545398451,8926
brightness,3,3,5,False,0.3152590631111736,0.2679764926332891,2436
brightness,3,4,4,True,0.7148755658298959,0.5991357169092417,8643
brightness,3,3,7,False,0.6199660080144834,0.557759016494072,6636
brightness,3,4,4,True,0.7393062093543532,0.6406470361285431,2690
brightness,3,1,6,False,0.26800531913360437,0.2581647405756214,6611
brightness,3,0,0,True,0.5636042879343092,0.48965791575562895,6188
brightness,3,7,9,False,0.4200814369537083,0.3606340986046378,481
brightness,3,2,0,False,0.39356688672818274,0.3146673257263015,7121
brightness,3,8,8,True,0.6449752081153147,0.5406303203873689,4402
brightness,3,3,5,False,0.3425637171981122,0.2887264255998666,4584
brightness,3,6,7,False,0.38337773713677775,0.3464899714949631,4570
brightness,3,5,5,True,0.5963411903447395,0.5197102369426397,5676
brightness,3,2,2,True,0.7053936086574829,0.594074479783728,3233
brightness,3,6,6,True,0.544854307833242,0.4225112369856467,8517
brightness,3,4,7,False,0.4496742765884415,0.40647530690268974,1182
brightness,3,9,9,True,0.5985722105687793,0.5413340875583338,1428
brightness,3,3,3,True,0.6657623032369676,0.6001916401044732,3022
brightness,3,2,2,True,0.6177553634438141,0.5207960684130928,5777
brightness,3,0,3,False,0.4198884121516002,0.3924415706128753,7152
brightness,3,5,8,False,0.3941933724948691,0.3613846411814736,1181
brightness,3,5,4,False,0.596253922100218,0.5330402021411853,9777
brightness,3,7,3,False,0.5806919134813704,0.49640040000400826,8544
brightness,3,1,3,False,0.26850382175235016,0.24057346636701754,8412
brightness,3,3,8,False,0.5394293590300051,0.5101453059999131,9446
brightness,3,2,5,False,0.5923788912763867,0.552069046815416,7742
brightness,3,5,4,False,0.48566400888410366,0.42684877296696305,3954
brightness,3,2,1,False,0.3733079069273401,0.3361456204849515,2615
brightness,3,4,4,True,0.775926434360364,0.6306376277652663,9016
brightness,3,9,5,False,0.5910616792108212,0.5414816090532668,3277
brightness,3,3,7,False,0.5035426232696195,0.45792382911039115,5033
brightness,3,9,1,False,0.4747252914006775,0.42541792359802305,7707
brightness,3,0,8,False,0.6532781380523679,0.5582386048887893,5293
brightness,3,4,5,False,0.319229232025362,0.28767317662221964,9050
brightness,3,0,3,False,0.4109251127039252,0.39360141681956284,6137
brightness,3,5,5,True,0.6163187122676986,0.5461099527241354,1274
brightness,3,2,7,False,0.398841323105997,0.40664847826945627,8929
brightness,3,1,4,False,0.23596355495929766,0.23179855312612754,2425
brightness,3,9,6,False,0.5203870769941599,0.4389535368716794,6281
brightness,3,6,8,False,0.3448788136362539,0.29993095815412046,1604
brightness,3,1,9,False,0.34308676988633685,0.29242758120149204,977
brightness,3,7,7,True,0.6298848090308942,0.5675561794230521,834
brightness,3,0,1,False,0.39697707522543835,0.3755015382527765,1719
brightness,3,5,5,True,0.5763611918230485,0.5392327618186642,9271
brightness,3,6,0,False,0.516371106372955,0.44726803149798017,4258
brightness,3,1,1,True,0.6087988384417855,0.5418391848696037,6988
brightness,3,9,9,True,0.5604085702585163,0.5169556494947118,4881
brightness,3,0,4,False,0.3601857317841483,0.3521545439366693,812
brightness,3,0,9,False,0.4071589457424763,0.3364745716195942,1171
brightness,3,4,4,True,0.6890124785458147,0.613062989423592,3832
brightness,3,7,4,False,0.41716378753164823,0.3457285060951393,4230
brightness,3,5,5,True,0.6477869359288038,0.5535835585911432,9339
brightness,3,1,1,True,0.6175970982832268,0.5138217252254053,4352
brightness,3,0,0,True,0.6660486968189037,0.568722524011541,7413
brightness,3,1,1,True,0.7272728082896533,0.6041878436892618,994
brightness,3,9,8,False,0.4905861653053659,0.4083592323421404,1923
brightness,3,9,4,False,0.296794275287018,0.24918367390172588,7155
brightness,3,0,9,False,0.3488439452358509,0.3175793041130205,3928
brightness,3,7,1,False,0.46237912759939065,0.40870011396046496,6882
brightness,3,8,8,True,0.6994628856492813,0.5766631942988356,7135
brightness,3,5,6,False,0.5248759340411429,0.5159724077000656,6532
brightness,3,1,3,False,0.1470412103866402,0.1302145325356518,1560
brightness,3,1,5,False,0.5018126573106779,0.41495549129986253,7925
brightness,3,6,3,False,0.3656635744478064,0.33746511802275553,5168
brightness,3,5,5,True,0.7633318288622404,0.6637405464435452,1366
brightness,3,1,1,True,0.7310359022934132,0.6201277094242768,4849
brightness,3,0,0,True,0.6579465886439471,0.5820668996623704,6106
brightness,3,4,6,False,0.578997862030677,0.49369990186061946,4057
brightness,3,3,3,True,0.6122003680060273,0.5294564773021698,7420
brightness,3,9,2,False,0.583436753374096,0.5402337242683403,2952
brightness,3,7,3,False,0.4086172201547575,0.3647955388537324,940
brightness,3,4,4,True,0.6423730697043066,0.5732995097482594,4412
brightness,3,5,6,False,0.26207205884546586,0.22731870253720615,7167
brightness,3,5,5,True,0.7930296659005921,0.6921392477368937,6889
brightness,3,6,4,False,0.4053449560541311,0.3441269347596469,2791
brightness,3,5,5,True,0.6750623737813559,0.5725013635166688,8307
brightness,3,1,0,False,0.334278959262281,0.2908896163443982,1281
brightness,3,5,5,True,0.621663616184209,0.5295239151272548,8493
brightness,3,7,7,True,0.46706789548160527,0.43276847664580387,4423
brightness,3,9,7,False,0.4209843699361474,0.38441945749255624,8975
brightness,3,9,9,True,0.7298370196146831,0.5895154533160138,2883
brightness,3,6,6,True,0.705052555292665,0.6487783285934008,184
brightness,3,9,9,True,0.6386343158730454,0.570661821017602,5762
brightness,3,0,9,False,0.3570916989826869,0.3414200337449164,1421
brightness,3,0,2,False,0.43161559689487833,0.378454351776756,1772
brightness,3,1,1,True,0.5786710355628645,0.4769893754231943,2841
brightness,3,0,0,True,0.7291673549260898,0.6083112567077489,8410
brightness,3,6,8,False,0.5401578215179752,0.50827911109995,7054
brightness,3,5,5,True,0.7521289659064504,0.6217640224372193,4319
brightness,3,5,3,False,0.45688457788251424,0.3744394002351232,3168
brightness,3,5,5,True,0.6244365212862877,0.5371144565507041,5628
brightness,3,4,4,True,0.7177741179088958,0.5974125148902606,9938
brightness,3,8,8,True,0.7095091979819933,0.6287456195150705,7694
brightness,3,2,5,False,0.5501399684876781,0.494834903982836,7623
brightness,3,3,0,False,0.29262783120485647,0.2720074219571196,9247
brightness,3,0,0,True,0.6812127271707733,0.5817477232187237,305
brightness,3,5,1,False,0.3420254496174668,0.311496845567766,4774
brightness,3,3,3,True,0.6409103035400888,0.5954452024568547,9489
brightness,3,2,5,False,0.7001058711804331,0.5814101289673106,3153
brightness,3,5,5,True,0.7104974562366057,0.6412565606051503,7267
brightness,3,9,3,False,0.47052041009806533,0.43110207744963014,2337
brightness,3,7,2,False,0.3886049824467872,0.3432089566440612,1176
brightness,3,1,1,True,0.5632402290742425,0.49708160111661825,8320
brightness,3,3,1,False,0.358102678796999,0.3265217094796125,6192
brightness,3,9,4,False,0.1720535880728607,0.14171499773336413,4810
brightness,3,2,6,False,0.3446185890970973,0.2752800579634953,7435
brightness,3,8,8,True,0.5837303389861987,0.5293011864118706,4915
brightness,3,8,5,False,0.5549215370855213,0.46178508910230526,212
brightness,3,0,0,True,0.6146186987119288,0.515562915994401,1742
brightness,3,9,1,False,0.5672757294215848,0.4868729223816809,7343
brightness,3,7,7,True,0.9025329776616806,0.7878428929197998,1527
brightness,3,4,7,False,0.36252157588990014,0.313156218033352,1568
brightness,3,3,8,False,0.4543077368549147,0.38668201136036573,9477
brightness,3,4,0,False,0.3824994110019551,0.35917972556186956,9884
brightness,3,2,4,False,0.5322504806456949,0.4607487045562291,5919
brightness,3,7,0,False,0.27944116205148073,0.23655492443691944,7247
brightness,3,4,9,False,0.5062698750466629,0.45322189114454303,2838
brightness,3,4,5,False,0.5408027485941911,0.4758540524768278,7851
brightness,3,9,9,True,0.5005909856249571,0.44107672610562343,4795
brightness,3,0,6,False,0.511272448494676,0.45845026952214035,7593
brightness,3,3,3,True,0.8301339683531854,0.717864924615905,9582
brightness,3,6,4,False,0.3368584657363618,0.31822396111043094,347
brightness,3,2,2,True,0.7840996602370803,0.6529166764330487,5360
brightness,3,1,1,True,0.6051869377961393,0.5542345793365967,2659
brightness,3,5,5,True,0.5018794523529059,0.42333364836863435,791
brightness,3,1,0,False,0.4501598386562171,0.36490298896852874,6296
brightness,3,4,4,True,0.8850399756188165,0.7515176636309743,4778
brightness,3,0,6,False,0.4482298610020624,0.3890048807655956,4653
brightness,3,0,0,True,0.8121189124123147,0.6906013720674965,8179
brightness,3,7,0,False,0.4099973701904731,0.3441945090387283,9437
brightness,3,1,8,False,0.37231326665500675,0.35167776585106264,8347
brightness,3,0,0,True,0.6101122336534962,0.5161827304380125,2583
brightness,3,0,6,False,0.4473274868433908,0.35007256024048383,3601
brightness,3,5,6,False,0.4651075745832513,0.403332605179542,4274
brightness,3,5,6,False,0.4782578911027118,0.462427008168648,4539
brightness,3,5,4,False,0.43485496127537443,0.3633459610458139,3419
brightness,3,6,6,True,0.7291654895409801,0.6167976690931752,7235
brightness,3,6,4,False,0.3583161011243876,0.3114951385315585,9219
brightness,3,7,1,False,0.411155056074691,0.39536611326449683,4097
brightness,3,8,1,False,0.46817520118316025,0.40575842635065873,7731
brightness,3,2,3,False,0.4728410981798934,0.39644830934706227,9455
brightness,3,0,3,False,0.434390287353436,0.391493239860405,6367
brightness,3,8,9,False,0.45521915865519624,0.40770927662568646,6122
brightness,3,0,1,False,0.3095361248251809,0.2878387154205569,4649
brightness,3,4,2,False,0.37355862015408237,0.31127848064499974,9439
brightness,3,6,6,True,0.7114189501035356,0.6084164136052079,9802
brightness,3,0,8,False,0.3366550674492725,0.3236701708958297,4613
brightness,3,9,7,False,0.4341277615879187,0.39218887828913085,2514
brightness,3,9,0,False,0.4251565912002474,0.392556527750728,6680
brightness,3,8,8,True,0.6631578248631885,0.5776020046283216,1526
brightness,3,6,6,True,0.6549279903306519,0.5928163300602634,3008
brightness,3,7,1,False,0.442718874390554,0.39717406165413766,9041
brightness,3,5,5,True,0.7205877106306362,0.6170288010922513,241
brightness,3,7,7,True,0.5847861729124597,0.5269775560646676,5156
brightness,3,0,6,False,0.3692890721188489,0.31139451141785207,7865
brightness,3,2,2,True,0.6242742262159958,0.5765041019182179,4292
brightness,3,0,5,False,0.49422553676278086,0.4552542314610929,7637
brightness,3,1,1,True,0.7107918465956902,0.6133189381473968,2608
brightness,3,5,5,True,0.6023006900865586,0.5232561623343802,2684
brightness,3,7,0,False,0.44935017246252035,0.3995948980580598,5153
brightness,3,8,2,False,0.4126696579253267,0.36231196496684703,68
brightness,3,1,8,False,0.3575715550156948,0.34531580993434463,5424
brightness,3,6,4,False,0.32062779815493825,0.27675834654649734,7581
brightness,3,7,6,False,0.3439917987198516,0.277342256448554,2069
brightness,3,0,0,True,0.6796438373255966,0.5875242382571082,7735
brightness,3,3,3,True,0.7889201385477885,0.7006329520055806,1192
brightness,3,6,6,True,0.7131733878578055,0.64149080479698,4310
brightness,3,1,1,True,0.6855870739493514,0.6000252528242774,902
brightness,3,3,0,False,0.3910781865855959,0.3347395903480344,3927
brightness,3,4,7,False,0.35567812868819515,0.3164446924206637,9603
brightness,3,1,0,False,0.44681063512831204,0.38168583969563946,424
brightness,3,0,6,False,0.4562113605888555,0.3566741916785518,4534
brightness,3,8,8,True,0.7721270026543456,0.654266964215083,7144
brightness,3,0,7,False,0.48477813046560636,0.4372692728737816,2580
brightness,3,5,9,False,0.31117502139235187,0.27408553265654106,8522
brightness,3,4,4,True,0.5990323442575407,0.5180065009161238,7904
brightness,3,7,7,True,0.6223044303861323,0.5660954322906537,9766
brightness,3,8,8,True,0.5674545839093764,0.4780568409634272,2775
brightness,3,1,7,False,0.25920328980230367,0.2179985357793056,2810
brightness,3,9,4,False,0.35838806084004327,0.3262486456554113,7181
brightness,3,1,8,False,0.4232258337300942,0.36050508272084125,9333
brightness,3,8,9,False,0.3636822429899375,0.3097933084498192,8099
brightness,3,5,5,True,0.7261962530436897,0.6632515317642405,2105
brightness,3,0,0,True,0.7666499033014235,0.645211574636882,3211
brightness,3,5,0,False,0.3438043104237731,0.2925836818890557,9321
brightness,3,8,0,False,0.5908007691602587,0.5259584883387033,3131
brightness,3,5,5,True,0.6109377002627873,0.5333189680812315,4368
brightness,3,0,2,False,0.43120170577645006,0.35405214819963887,8682
brightness,3,7,7,True,0.6393631677516063,0.5941390355688334,5938
brightness,3,8,6,False,0.5077050564636165,0.4306639520721118,1898
brightness,3,6,1,False,0.3833925865819925,0.33597311841118543,6239
brightness,3,4,8,False,0.5245960153214225,0.4696430750890414,3099
brightness,3,6,6,True,0.5865492770162694,0.5568141549069943,3962
brightness,3,3,3,True,0.6314631661975941,0.5435488774486348,7908
brightness,3,1,8,False,0.29661876008205756,0.24873772012513165,784
brightness,3,8,9,False,0.3893260196617017,0.35588153501368397,3019
brightness,3,4,3,False,0.4422599093285108,0.4326837326370421,211
brightness,3,7,7,True,0.7260204670104864,0.6348365352364654,2954
brightness,3,5,8,False,0.3356394499439739,0.29458413792832594,845
brightness,3,8,8,True,0.6106049907057456,0.5418402179361742,6502
brightness,3,5,7,False,0.466030781354832,0.36961872441089644,7583
brightness,3,3,3,True,0.7064663808998959,0.6031960274111441,9118
brightness,3,3,3,True,0.6949018448027684,0.5691603636063391,8079
brightness,3,5,5,True,0.7246451653197272,0.6237482501102954,6422
brightness,3,9,9,True,0.5873604082557743,0.5039966378595437,9239
brightness,3,1,8,False,0.36830710534057054,0.27531041782643717,62
brightness,3,1,1,True,0.7194080326456824,0.6300817854155906,797
brightness,3,2,0,False,0.31171989702384073,0.29232403545391317,1855
brightness,3,9,8,False,0.5075818974966154,0.44257643838517985,2297
brightness,3,6,6,True,0.7180817830310922,0.594801478635943,4870
brightness,3,7,4,False,0.48285092483190994,0.45072791477156565,7573
brightness,3,5,3,False,0.29074977722093054,0.30008044942447637,1512
brightness,3,5,8,False,0.3330803301534081,0.306122081039178,6516
brightness,3,6,6,True,0.6560090822963004,0.5655247797362172,9336
brightness,3,1,8,False,0.46767636096309895,0.40570306311513316,7418
brightness,3,6,7,False,0.3988090967232685,0.3626545031756377,6420
brightness,3,5,4,False,0.30893651588764465,0.27939604172435983,8724
brightness,3,8,6,False,0.4914483031281354,0.4414416412820059,9324
brightness,3,0,0,True,0.6350634486687712,0.5638028254382262,627
brightness,3,5,5,True,0.6154745300441054,0.5233896962434091,2097
brightness,3,9,5,False,0.4495243410319706,0.38063840004979255,4521
brightness,3,8,7,False,0.33460346624932336,0.29380519765927215,2253
brightness,3,2,2,True,0.6465171807746724,0.5738901083928153,9340
brightness,3,7,7,True,0.7408887149168242,0.6135672699454474,7006
brightness,3,3,3,True,0.7502348151797533,0.6481263736171919,850
brightness,3,7,7,True,0.629227797855359,0.5491238255045605,3433
brightness,3,6,6,True,0.6440861038443214,0.5527378124686997,7209
brightness,3,4,4,True,0.6698364376157648,0.612415351124352,5145
brightness,3,0,0,True,0.6887275685036892,0.6250590709017206,6801
brightness,3,7,2,False,0.4233396475577247,0.38314989156999246,5872
brightness,3,5,8,False,0.37874819274906335,0.37234401192853833,5159
brightness,3,5,5,True,0.6539661088933616,0.5884381820568392,4651
brightness,3,7,2,False,0.5392170977423136,0.4760167829192328,9276
brightness,3,9,9,True,0.6477130923275017,0.5560174998746761,7779
brightness,3,2,3,False,0.2734173768136225,0.2394997728268565,4726
brightness,3,9,8,False,0.4035537239936874,0.3656309358817016,5267
brightness,3,1,1,True,0.676251910858047,0.5823782732012004,600
brightness,3,6,1,False,0.37483547075964235,0.30327120164289,2703
brightness,3,4,4,True,0.6345056122073871,0.54671603512205,4228
brightness,3,7,7,True,0.7035971650593192,0.6336096625019355,5030
brightness,3,5,5,True,0.8303598958076702,0.6693245037833291,3063
brightness,3,5,5,True,0.6276891585965173,0.5765968180494873,5596
brightness,3,4,4,True,0.731190340623473,0.6479929274825852,9929
brightness,3,6,7,False,0.3550227005324454,0.31208093757176225,9641
brightness,3,2,2,True,0.7628009833799101,0.6691339259688718,4484
brightness,3,2,8,False,0.4404130536581299,0.40857319680271004,3001
brightness,3,4,4,True,0.7582549741036485,0.6601847057588202,8738
brightness,3,2,2,True,0.7821657950681267,0.6988138799563205,907
brightness,3,3,8,False,0.471238476395531,0.43256917798188427,6919
brightness,3,0,9,False,0.488735624019587,0.43392848982245386,3779
brightness,3,2,9,False,0.33118636160283577,0.2742941610582022,3053
brightness,3,4,7,False,0.46312588972431923,0.4067018772895491,6140
brightness,3,4,5,False,0.5377569722514365,0.43126691134619244,1753
brightness,3,6,0,False,0.44963685358721633,0.406105413170891,4386
brightness,3,3,3,True,0.6904699681490359,0.5935055030138071,7328
brightness,3,6,4,False,0.4019606071963656,0.3443609304156562,8030
brightness,3,4,4,True,0.7470450851905733,0.6630984652884787,8001
brightness,3,4,4,True,0.7389581381631868,0.6177060108592332,3398
brightness,3,0,0,True,0.5850266818060105,0.5145149662880638,3639
brightness,3,7,4,False,0.47585799283878377,0.4126832102470642,7464
brightness,3,6,4,False,0.5031831567883048,0.43909741904566585,9561
brightness,3,0,0,True,0.5672665698327252,0.5028623085872828,2979
brightness,3,0,0,True,0.5784699617037129,0.5431681992460186,1933
brightness,3,7,5,False,0.6115075401783482,0.5427512458957214,4180
brightness,3,2,7,False,0.33689115749383963,0.32852291163275704,7800
brightness,3,8,6,False,0.41271262742587916,0.3937152525227251,428
brightness,3,8,6,False,0.3747578457439167,0.34893776989535363,4210
brightness,3,4,5,False,0.3026130226641793,0.235342962903037,1448
brightness,3,9,1,False,0.21750771325655338,0.1950884027346024,6325
brightness,3,5,8,False,0.5496513224962594,0.4603909013847707,9179
brightness,3,9,8,False,0.3435800599730061,0.3643161111395153,7821
brightness,3,0,8,False,0.3949606490270427,0.330640961609332,4168
brightness,3,5,6,False,0.46305914118852304,0.37865539004192883,205
brightness,3,8,8,True,0.6224738410000714,0.48869533648132885,6601
brightness,3,2,1,False,0.33655857483050455,0.28034950183917384,2241
brightness,3,8,9,False,0.41782546030930284,0.37260858773826155,6500
brightness,3,8,8,True,0.795985025407108,0.7133322375280065,8152
brightness,3,7,4,False,0.2924103903536168,0.24214538252074347,3443
brightness,3,6,6,True,0.7681013128168275,0.6913156279745138,8976
brightness,3,0,0,True,0.7114209988430589,0.6184340275199411,9573
brightness,3,9,4,False,0.4336750312214593,0.3739154840475539,1319
brightness,3,8,4,False,0.42569327170724225,0.38029605309385905,3245
brightness,3,5,2,False,0.5169613238164885,0.48276856538692253,9487
brightness,3,3,1,False,0.4553068708127024,0.40303300437601275,1614
brightness,3,5,5,True,0.593696174825108,0.497476516181732,346
brightness,3,9,9,True,0.50120069104383,0.44950341911234004,8755
brightness,3,0,0,True,0.6811951798211533,0.6021787353590764,4095
brightness,3,4,1,False,0.3386142187250377,0.29901656850123504,8978
brightness,3,1,1,True,0.5974282397677864,0.5432448933233217,5870
brightness,3,8,8,True,0.5947354394015502,0.474742223809849,6907
brightness,3,6,1,False,0.3591523075651252,0.32742092298527953,2406
brightness,3,9,9,True,0.7580989610692523,0.6750710926413408,4426
brightness,3,9,4,False,0.2838132297017901,0.22726491342922756,2692
brightness,3,1,0,False,0.5908601168760806,0.48756588763802194,1109
brightness,3,4,2,False,0.19593244809947571,0.20150514946283757,8543
brightness,3,9,9,True,0.7149680987341366,0.6462119664345114,9381
brightness,3,0,0,True,0.6585827695613663,0.601990745009813,9327
brightness,3,8,8,True,0.6422736106457392,0.5470727795443906,7220
brightness,3,3,3,True,0.6555935631352268,0.576275865486733,2316
brightness,3,5,5,True,0.7327859735139642,0.6445334570774743,5237
brightness,3,1,1,True,0.7597281819092787,0.626624801259996,5847
brightness,3,3,9,False,0.3001536650952916,0.27327582415874846,6394
brightness,3,9,9,True,0.7160325110819973,0.6264018136806851,7692
brightness,3,9,5,False,0.3523860632473501,0.32943436651434227,4232
brightness,3,1,1,True,0.5954708698680476,0.5097189016568419,9565
brightness,3,5,5,True,0.7010144188047115,0.635871003020899,9186
brightness,3,1,4,False,0.3787423644306963,0.3385377701288019,1333
brightness,3,9,9,True,0.5230609154154731,0.49379615269162114,5736
brightness,3,4,2,False,0.2869105696638098,0.27380616227254573,7414
brightness,3,2,9,False,0.2893323692251584,0.2664864633986359,2285
brightness,3,5,7,False,0.34724596342318,0.2865211453096854,9494
brightness,3,2,0,False,0.42900943165105326,0.35325798556279914,7148
brightness,3,7,6,False,0.4248907293243305,0.40817445120049417,7231
brightness,3,3,0,False,0.5386595889845229,0.49041524186936836,1754
brightness,3,3,1,False,0.2792973689197818,0.24670110705513373,8085
brightness,3,7,5,False,0.4506415594863313,0.38970920499068573,7968
brightness,3,8,7,False,0.3413393174839319,0.30957610309765765,4614
brightness,3,2,8,False,0.6175519279324703,0.5130153669388392,4655
brightness,3,5,9,False,0.4094095946058988,0.35364458216347855,9564
brightness,3,3,3,True,0.7059547107692206,0.6273122656109746,7799
brightness,3,0,5,False,0.4474301455594677,0.41024175109243044,1564
brightness,3,2,2,True,0.8328321451110632,0.7155455124331045,5921
brightness,3,0,0,True,0.5135226916607363,0.4834992535483053,94
brightness,3,7,7,True,0.662638745093468,0.5991426416194529,8552
brightness,3,4,3,False,0.5710380954419184,0.48500709163465117,8122
brightness,3,5,5,True,0.6509272790116263,0.5427719164319049,1262
brightness,3,4,1,False,0.4051103865715964,0.3712351898637391,6771
brightness,3,2,4,False,0.5976663497267188,0.5140149816994257,1495
brightness,3,4,4,True,0.6283679082634372,0.5363119275424588,6333
brightness,3,1,5,False,0.31022793075254745,0.2831515548449712,2320
brightness,3,0,0,True,0.598188421277945,0.5378477924564223,4166
brightness,3,1,2,False,0.3983246133119487,0.36941442581462314,938
brightness,3,0,9,False,0.36586058789172105,0.327085175291367,1657
brightness,3,5,5,True,0.6525168456879867,0.523761125998518,738
brightness,3,0,0,True,0.7892426962313353,0.7049447015021975,1610
brightness,3,3,3,True,0.8402760588391259,0.7131131030550167,8963
brightness,3,7,1,False,0.4811937601039256,0.430182267306309,6409
brightness,3,5,6,False,0.23586063834215162,0.21303836516224434,1067
brightness,3,6,6,True,0.5606260958316016,0.5364132993989332,8896
brightness,3,2,2,True,0.6031441442358075,0.5688304357541291,5846
brightness,3,1,0,False,0.5665298840252252,0.4873609434759604,7317
brightness,3,1,9,False,0.5924041495841282,0.4916507717983374,1470
brightness,3,4,4,True,0.5693191658077204,0.47359285423549585,8582
brightness,3,8,8,True,0.8128910418611391,0.7113887040626723,7237
brightness,3,9,9,True,0.7230287076452746,0.6187794262878564,4039
brightness,3,1,1,True,0.8107215500431387,0.6818908235823782,8249
brightness,3,0,9,False,0.5178429075423004,0.4446930156783698,7200
brightness,3,4,8,False,0.20385522717127152,0.19730075736004485,858
brightness,3,1,6,False,0.2924597699933288,0.262025524712408,869
brightness,3,1,6,False,0.37661275867983446,0.3254730739932044,7117
brightness,3,3,3,True,0.6719463722953691,0.5790167561169798,8961
brightness,3,9,9,True,0.6140402928776585,0.5336956441088349,48
brightness,3,2,9,False,0.5474353563561674,0.4847726114714248,7388
brightness,3,0,8,False,0.3549925175388632,0.32236931417817033,8418
brightness,3,1,6,False,0.2907849476140242,0.22919928569906434,8442
brightness,3,6,6,True,0.7897850305036329,0.689651234467568,5703
brightness,3,9,9,True,0.701391267601846,0.6039414897813528,5508
brightness,3,9,4,False,0.47532101976580293,0.39874696387057185,287
brightness,3,7,7,True,0.7448490804829339,0.6406674844147934,7645
brightness,3,5,5,True,0.699105153093425,0.6323621069556142,3018
brightness,3,7,9,False,0.5289442676489432,0.4807750972220906,1044
brightness,3,0,2,False,0.3630447452069794,0.3255321754145454,7270
brightness,3,9,5,False,0.40382582074484297,0.34030998400942214,5853
brightness,3,7,2,False,0.4624611016449699,0.38089936503664135,5874
brightness,3,1,1,True,0.6542474704089256,0.5522740362846341,6897
brightness,3,2,4,False,0.35225329263716626,0.3146594897695752,5763
brightness,3,8,9,False,0.45744726117786577,0.4044958463479223,8392
brightness,3,5,1,False,0.28355681061376026,0.24299607195163486,5261
brightness,3,9,9,True,0.5700383715797427,0.5170886221017027,7161
brightness,3,3,2,False,0.3798476533921429,0.3455603075146072,4963
brightness,3,5,8,False,0.474055367408566,0.3649214942628575,5154
brightness,3,0,0,True,0.6928060783993523,0.6060686036220447,4043
brightness,3,9,9,True,0.5150263768787298,0.4678819220568977,1491
brightness,3,8,3,False,0.2071818179616396,0.1951532364512459,2186
brightness,3,8,1,False,0.5460441358715399,0.4907676632446053,7911
brightness,3,7,5,False,0.5438108332917626,0.47196971421688333,4092
brightness,3,3,0,False,0.44812272021071203,0.39459921634396594,2252
brightness,3,0,0,True,0.6336032274943209,0.5526757315612925,6734
brightness,3,3,3,True,0.7499275081239649,0.6561199954973175,7635
brightness,3,6,0,False,0.32989085698364956,0.2838250947187411,7932
brightness,3,6,1,False,0.42541405016475975,0.3984516341973159,1621
brightness,3,8,8,True,0.7852700671958315,0.7109351797281449,5580
brightness,3,5,5,True,0.7066124043216584,0.6050001350750952,7132
brightness,3,3,8,False,0.46710308412130397,0.38866354278276405,7917
brightness,3,3,3,True,0.6706579727807563,0.5581542283436947,5134
brightness,3,9,9,True,0.6942173325853189,0.613184063296546,9593
brightness,3,0,8,False,0.29280835713140074,0.2756438431778717,1152
brightness,3,6,1,False,0.3456344126834401,0.3169726689681696,6474
brightness,3,0,7,False,0.2803862584518245,0.26323146027035016,4666
brightness,3,4,9,False,0.27931156701830406,0.24104736008702074,4266
brightness,3,0,3,False,0.5030905478095015,0.4028239602381885,6938
brightness,3,2,2,True,0.5786022541190957,0.4968661728164136,8446
brightness,3,4,0,False,0.3537628092024089,0.34877568341748705,1380
brightness,3,3,0,False,0.529061843588871,0.46999852149170035,6040
brightness,3,0,9,False,0.3856512288475091,0.35129430989449933,6669
brightness,3,7,7,True,0.6202203316837382,0.560282137501749,9655
brightness,3,1,2,False,0.31506196321005053,0.26600095993152023,2452
brightness,3,7,6,False,0.385373603502094,0.34703712394281166,2556
brightness,3,9,9,True,0.567730572936755,0.5078150717646633,1302
brightness,3,2,9,False,0.474789210012206,0.39992045590355196,4359
brightness,3,4,4,True,0.5310903724621772,0.47370401051116745,3985
brightness,3,6,6,True,0.7067342229927438,0.6416313983501674,7592
brightness,3,9,9,True,0.648783665578466,0.5584520703642902,7740
brightness,3,3,6,False,0.22540319397170028,0.172145445798373,8985
brightness,3,1,1,True,0.7632947784251684,0.6672524438985649,8502
brightness,3,1,5,False,0.2664572459767778,0.22835771195552257,9214
brightness,3,3,3,True,0.7606986251613674,0.6652155394406436,8987
brightness,3,8,8,True,0.7939883717229054,0.6730471282501366,2631
brightness,3,6,6,True,0.7777076604526659,0.6772709493402103,2616
brightness,3,2,9,False,0.40771418455004693,0.3861015670754899,3141
brightness,3,9,9,True,0.5124447990778402,0.450022073225647,5450
brightness,3,6,9,False,0.4409582078167601,0.35683145448049486,6565
brightness,3,6,0,False,0.4607144330843228,0.41412181114994556,1725
brightness,3,0,5,False,0.40174553711509514,0.3568818438021341,4187
brightness,3,9,6,False,0.42854867032986954,0.3835309065585937,2831
brightness,3,0,9,False,0.23120737113445106,0.23099019528339157,1683
brightness,3,0,8,False,0.4266232172467558,0.3671283625745041,4966
brightness,3,6,6,True,0.7081936253975196,0.6112037502038846,955
brightness,3,3,3,True,0.6045626939608915,0.5082897921582359,8981
brightness,3,9,2,False,0.4728270836797688,0.42077020225839845,7376
brightness,3,8,0,False,0.37057332968356965,0.33333008761040267,7716
brightness,3,5,4,False,0.4429118602347189,0.3862805432219997,4405
brightness,3,5,4,False,0.4688040849880608,0.4284251416914872,7262
brightness,3,1,7,False,0.45288009284308167,0.3792142100740075,4620
brightness,3,1,1,True,0.5685717794000047,0.5008250318567666,7741
brightness,3,0,0,True,0.6596665092708675,0.5877387551297247,8762
brightness,3,1,1,True,0.8129327171897327,0.6951516848134546,3478
brightness,3,4,1,False,0.5595534816861403,0.46314979445319066,7730
brightness,3,7,0,False,0.5034520000517629,0.4090270132068282,5121
brightness,3,0,0,True,0.5903802861845093,0.519929536768142,7553
brightness,3,1,1,True,0.8425490026092057,0.765047183093773,4540
brightness,3,3,9,False,0.4037714026159719,0.3460112835554976,1907
brightness,3,4,1,False,0.3777560655301854,0.34511908857430545,9739
brightness,3,4,7,False,0.41153066694729,0.31629441073451564,9359
brightness,3,1,1,True,0.5841422227028225,0.518986371925502,8199
brightness,3,7,4,False,0.5154498263131594,0.4313642619812063,5439
brightness,3,2,6,False,0.1513521659076013,0.13578289210108085,1032
brightness,3,1,1,True,0.8321342761168832,0.7238914854117308,2901
brightness,3,3,3,True,0.6879074649491238,0.5665056544702396,7956
brightness,3,9,4,False,0.6526837705166532,0.6326940334639358,4693
brightness,3,1,2,False,0.3950210324207287,0.33866160620051783,970
brightness,3,1,1,True,0.6334663655222335,0.5655865457144613,4157
brightness,3,6,6,True,0.6128590483331652,0.5657835373893114,2207
brightness,3,6,6,True,0.6555396444401649,0.5780725604190153,5515
brightness,3,1,3,False,0.4109769493113076,0.3397760002843381,867
brightness,4,9,9,True,0.48911515210598133,0.41980071228722354,5256
brightness,4,3,3,True,0.629228035722905,0.5595153153264193,5236
brightness,4,5,7,False,0.24978404702572826,0.22986596727694478,1180
brightness,4,1,5,False,0.3390777845110854,0.26790459771333186,4903
brightness,4,7,3,False,0.289441763104786,0.25929067968032943,9677
brightness,4,5,5,True,0.7473261099304832,0.6252527557352235,9901
brightness,4,6,3,False,0.26824150150331716,0.25315504000716144,1130
brightness,4,2,2,True,0.36666684904960467,0.32383627366477596,3455
brightness,4,4,4,True,0.6251023188671375,0.5638855950714585,1859
brightness,4,0,1,False,0.2375053061080608,0.2029440706363132,2854
brightness,4,3,9,False,0.5238427582372926,0.43434851305347666,2349
brightness,4,3,3,True,0.708561981582334,0.5957536419328602,9953
brightness,4,4,1,False,0.34493765813408,0.34859916791354456,1756
brightness,4,9,1,False,0.4275738730316507,0.43901783512136516,5947
brightness,4,6,8,False,0.4524654000830791,0.43962214415197554,7664
brightness,4,8,8,True,0.6503881993979356,0.5370274762971138,9459
brightness,4,2,3,False,0.443496284058895,0.3644330887495819,239
brightness,4,9,9,True,0.6253347312849468,0.5252323265742774,3805
brightness,4,6,6,True,0.7090073957914942,0.6331392261972654,870
brightness,4,0,0,True,0.693205091207893,0.646381637843675,1188
brightness,4,8,6,False,0.25926614017833116,0.253472134590192,405
brightness,4,1,0,False,0.4230218425042492,0.3783677956778763,2227
brightness,4,8,8,True,0.5201765368100142,0.43866064600945254,3284
brightness,4,2,2,True,0.622564160761547,0.538466408063724,9329
brightness,4,6,1,False,0.4008860520162628,0.3575258792469015,3838
brightness,4,7,5,False,0.5069266247163414,0.46354102852910745,3147
brightness,4,1,7,False,0.31642149063369507,0.27397701812447717,1399
brightness,4,9,8,False,0.2751886974675883,0.2569341609668159,8258
brightness,4,8,9,False,0.5245802489055523,0.46639492056818943,5936
brightness,4,4,1,False,0.36031830194546066,0.3232773360047788,4436
brightness,4,2,2,True,0.49148020063937525,0.4248490605004342,2771
brightness,4,5,2,False,0.3962306384111751,0.35421526117827556,4121
brightness,4,7,7,True,0.4870369061537099,0.42706347291915686,9464
brightness,4,0,6,False,0.3332240913234781,0.2826036209525873,5934
brightness,4,1,6,False,0.6173673114835225,0.5574525819762802,4699
brightness,4,6,6,True,0.5766918363608414,0.536681539976298,1323
brightness,4,2,4,False,0.21619333551590833,0.20216654938866577,6308
brightness,4,9,9,True,0.6780755001984441,0.5904442375960747,1660
brightness,4,5,7,False,0.32207977908348184,0.30394306658396014,9318
brightness,4,6,6,True,0.6301304699929775,0.5543166811249925,615
brightness,4,3,9,False,0.4238234732627945,0.39805688498590175,3831
brightness,4,6,2,False,0.185017981276127,0.1743921801298158,2837
brightness,4,2,2,True,0.6143505008567292,0.5489212116676008,1217
brightness,4,4,9,False,0.3038636383633738,0.30795366571744287,5836
brightness,4,0,1,False,0.5498867367873289,0.5077575743846062,8936
brightness,4,4,8,False,0.2803745307378127,0.2501817099547207,2764
brightness,4,7,7,True,0.4924378544594349,0.45520050730459893,8019
brightness,4,3,1,False,0.5346720252437445,0.4481150641820969,1666
brightness,4,0,0,True,0.5711778099321118,0.4964821212480607,520
brightness,4,8,5,False,0.34096947052040083,0.3214954662104528,1267
brightness,4,2,9,False,0.32859519355249667,0.32490162063078265,707
brightness,4,6,6,True,0.6273883926147287,0.5332515089618067,6277
brightness,4,7,7,True,0.6146886271428078,0.5369390060684793,3535
brightness,4,2,2,True,0.5777846015361058,0.5061777428592504,6744
brightness,4,2,3,False,0.3456478065388533,0.3069567779597712,8167
brightness,4,5,5,True,0.627329500998321,0.5239063262325739,8391
brightness,4,4,9,False,0.4137167243737031,0.37667384458784026,894
brightness,4,1,1,True,0.6153234685006648,0.5125127937589192,4063
brightness,4,0,5,False,0.537247312913862,0.4944159444214383,8194
brightness,4,0,8,False,0.33962964181115224,0.33068116221423527,4944
brightness,4,3,3,True,0.5408643587131023,0.46196467425975435,5166
brightness,4,1,8,False,0.2338235129720562,0.1883681512389344,5466
brightness,4,7,8,False,0.4284006849452033,0.3784966137607803,2920
brightness,4,8,8,True,0.5178389216911672,0.44476458796506163,4179
brightness,4,7,5,False,0.3865897969290846,0.33940770640281204,1025
brightness,4,2,3,False,0.46758981091174606,0.4142825826127563,4669
brightness,4,3,8,False,0.28927198384522124,0.24227608833667766,4294
brightness,4,9,2,False,0.40725261064503515,0.3943457595759965,3219
brightness,4,1,1,True,0.6590146718986432,0.562338970760505,4000
brightness,4,3,3,True,0.6610294570424979,0.5955834963002908,7839
brightness,4,4,8,False,0.2807099521288647,0.23580628127377268,1993
brightness,4,4,4,True,0.4754816847416311,0.4203866885400356,2872
brightness,4,9,3,False,0.49792414049681627,0.44724171180077504,8923
brightness,4,8,4,False,0.5337835292557658,0.4714287133874863,9051
brightness,4,9,0,False,0.23176022540872437,0.2069174928569601,9815
brightness,4,2,4,False,0.4845274242481755,0.41698834056052225,1779
brightness,4,0,7,False,0.4999122519362083,0.4317895657850556,3752
brightness,4,9,0,False,0.39246534695688573,0.33509228649490175,1303
brightness,4,1,4,False,0.49579502847092044,0.44308636946389873,4078
brightness,4,6,6,True,0.6036378880524116,0.5647173269459079,4067
brightness,4,8,6,False,0.30860870919954764,0.2845032914254914,7337
brightness,4,0,0,True,0.5478234060020344,0.49256564248198353,1516
brightness,4,6,8,False,0.43139458501836137,0.4033305443325889,1273
brightness,4,9,1,False,0.3502743854958553,0.3037126262912397,1798
brightness,4,9,4,False,0.28841819941865104,0.22406867665207836,7477
brightness,4,2,6,False,0.29321011243969847,0.26428731290311863,8121
brightness,4,2,4,False,0.3601213778512716,0.33820243068561806,5621
brightness,4,2,2,True,0.6534327280349229,0.6106238409950295,4922
brightness,4,5,9,False,0.42683691988016076,0.3582070757334555,9701
brightness,4,8,6,False,0.4795086517898015,0.44457811480377885,4715
brightness,4,9,8,False,0.4573848027928725,0.4089974419474938,779
brightness,4,3,4,False,0.6511101772766938,0.5606671813001194,6152
brightness,4,5,2,False,0.40108290269893165,0.3350007407478995,1696
brightness,4,7,7,True,0.6183840945685564,0.5289485097057144,5219
brightness,4,6,3,False,0.3783805272075916,0.34808902776975714,1435
brightness,4,0,7,False,0.33215783131889826,0.32178948013301467,9715
brightness,4,8,5,False,0.37191254743953306,0.2766408606606484,6732
brightness,4,9,6,False,0.37663760099119975,0.3453914134674704,9830
brightness,4,6,4,False,0.34763855081876865,0.2990219062192633,8937
brightness,4,4,4,True,0.6728449545297625,0.5773143800032436,3367
brightness,4,7,0,False,0.2620564877560585,0.24607808923373262,9262
brightness,4,1,1,True,0.6811074256145667,0.6323632432358512,3577
brightness,4,2,4,False,0.4434129721845677,0.37754401789087055,7156
brightness,4,9,3,False,0.5378744210761901,0.4702808468141517,172
brightness,4,3,5,False,0.3207237959768086,0.25610568539034917,843
brightness,4,7,9,False,0.3113960553582542,0.2884566264894141,5559
brightness,4,4,5,False,0.24508135152398047,0.20951909354876547,6429
brightness,4,7,2,False,0.46559475806987005,0.4422765962285841,1674
brightness,4,8,8,True,0.5265235220503851,0.46975138953896023,7624
brightness,4,5,3,False,0.3569146504673942,0.31271269256956563,746
brightness,4,3,4,False,0.39132233927339893,0.3420983186353751,5059
brightness,4,6,2,False,0.20365277617034686,0.19539937655513737,9485
brightness,4,2,1,False,0.4376938220124414,0.4008616852125748,2287
brightness,4,2,2,True,0.7768954510160552,0.6519844075819927,6723
brightness,4,0,0,True,0.6768345724705325,0.5873373274150027,1299
brightness,4,5,5,True,0.5869455232665451,0.5138505594406529,9978
brightness,4,6,1,False,0.35677252006925564,0.32249068635337286,7013
brightness,4,3,5,False,0.5000211638850482,0.46613475738640797,823
brightness,4,7,7,True,0.5557418910159183,0.4588701250149309,2457
brightness,4,4,4,True,0.6627932812269491,0.597492825792659,7245
brightness,4,2,2,True,0.6061430177803776,0.5375094689959335,3622
brightness,4,0,7,False,0.1,0.1,6634
brightness,4,8,0,False,0.46963048126707896,0.4303116804590006,6854
brightness,4,8,0,False,0.3597109041964883,0.3130919021015402,6359
brightness,4,4,9,False,0.27246230229206136,0.21034583207013316,4818
brightness,4,2,3,False,0.5710303173569065,0.4316994910493829,4392
brightness,4,5,5,True,0.6330340474209667,0.5287507132099135,3713
brightness,4,4,7,False,0.33939870334476524,0.2926052622851311,8939
brightness,4,3,1,False,0.4618191541658291,0.41098024842628544,9090
brightness,4,6,6,True,0.5581718139974801,0.5013920884663936,1357
brightness,4,2,2,True,0.5196477188147803,0.451539519386946,5212
brightness,4,0,2,False,0.29913252585651373,0.2410606258797136,3611
brightness,4,1,6,False,0.42963319901258934,0.3725779828285357,6219
brightness,4,3,2,False,0.4540281340298293,0.3965586615269029,4184
brightness,4,8,0,False,0.29967367820143914,0.30447372715665194,3024
brightness,4,2,5,False,0.1705107355794033,0.17107097793447598,5298
brightness,4,9,9,True,0.6008419295386833,0.49258636388703225,7214
brightness,4,1,8,False,0.4228458049850453,0.36811816386906326,6056
brightness,4,9,9,True,0.49494176792097366,0.449630300105086,9267
brightness,4,8,8,True,0.5745306772077134,0.5037710516029559,3323
brightness,4,0,7,False,0.45627084148366837,0.3703545289006039,3731
brightness,4,5,0,False,0.29471309977414434,0.2818741211744487,2312
brightness,4,6,3,False,0.34133987057181325,0.3124080578681938,7831
brightness,4,4,0,False,0.2553069571222807,0.22887092014959334,3114
brightness,4,9,9,True,0.7231547704668978,0.6135542834277958,9838
brightness,4,1,1,True,0.5350096475711619,0.4900247959979503,3128
brightness,4,5,5,True,0.6353960824211291,0.5188067560576863,7928
brightness,4,5,5,True,0.6252265680658998,0.5153570299475666,6421
brightness,4,6,9,False,0.33614371790372355,0.2860255964098127,1056
brightness,4,2,0,False,0.4422417967128503,0.39695027744948047,4330
brightness,4,4,4,True,0.6352566747808834,0.5276863999892704,9154
brightness,4,1,4,False,0.45796955045052146,0.3933795675587651,5174
brightness,4,1,8,False,0.18767304324962036,0.16769483229707857,539
brightness,4,5,0,False,0.37097992396309254,0.33719648179500145,4013
brightness,4,7,2,False,0.37552185537166827,0.32865741341678684,3522
brightness,4,6,4,False,0.48422547807196525,0.4211303406215428,9043
brightness,4,9,9,True,0.5307792310581608,0.45204613546978073,5799
brightness,4,0,9,False,0.25595745541288367,0.2543443911744017,3652
brightness,4,4,1,False,0.4435604681667732,0.4052213831557326,7373
brightness,4,0,6,False,0.35807720231465345,0.33184150937574836,8077
brightness,4,3,6,False,0.297623709106283,0.25241970664469315,7189
brightness,4,7,4,False,0.3339888168815153,0.2886385495718021,9747
brightness,4,5,6,False,0.2188907960194804,0.21058538558736523,6747
brightness,4,2,3,False,0.37701198890838405,0.3237101682333695,1372
brightness,4,0,6,False,0.32962108566269893,0.27664765018796356,2913
brightness,4,1,4,False,0.41329826726549096,0.3720776450006482,7158
brightness,4,4,9,False,0.3395053913047406,0.27742195397939284,5142
brightness,4,9,9,True,0.6581308192747217,0.5702228134155097,1431
brightness,4,3,2,False,0.3144694272563744,0.30014445001058687,9483
brightness,4,1,5,False,0.3345378598797098,0.30226275012281767,5671
brightness,4,2,2,True,0.4539060067026639,0.3798778330223294,5592
brightness,4,6,0,False,0.46322153005343175,0.4181910584474436,8838
brightness,4,2,2,True,0.7441387999844742,0.6354980041706682,4819
brightness,4,8,4,False,0.16108659496012867,0.16883642983091146,215
brightness,4,0,0,True,0.6909900140943134,0.6125243995401759,3237
brightness,4,3,0,False,0.46375467783775504,0.40224873004989775,429
brightness,4,2,1,False,0.355676641512689,0.302327317515237,1022
brightness,4,4,4,True,0.47286460587228596,0.3999492043695453,1996
brightness,4,3,3,True,0.5835401666383913,0.5628024793729868,9402
brightness,4,5,8,False,0.4087373190146276,0.31659917153328704,1162
brightness,4,3,2,False,0.513058301717424,0.4158940367443182,1869
brightness,4,2,4,False,0.4045119770498639,0.38088478986555546,4156
brightness,4,6,2,False,0.3907366694844789,0.3648586407832406,648
brightness,4,2,3,False,0.3028720500399662,0.27964807964570093,8196
brightness,4,8,8,True,0.6294010595324667,0.5101524525499385,7975
brightness,4,9,9,True,0.6087519813653127,0.5432156194503136,4389
brightness,4,2,1,False,0.4155251233713624,0.34860314462898906,7681
brightness,4,2,2,True,0.6427730702078245,0.5593806344376137,2507
brightness,4,9,7,False,0.5312140847501358,0.47466946384132463,7507
brightness,4,8,2,False,0.2440112329294527,0.23254129042511498,5180
brightness,4,4,3,False,0.2985995616006659,0.25579583802104877,4607
brightness,4,5,6,False,0.4268263856736203,0.4035010048457933,821
brightness,4,2,6,False,0.3601187746667825,0.33735896359034373,4964
brightness,4,6,1,False,0.5043389914993073,0.42448510766443787,912
brightness,4,9,9,True,0.5037984153429108,0.43363327300225574,3076
brightness,4,4,4,True,0.6093512445101351,0.5177752819177356,122
brightness,4,4,0,False,0.36559842395632725,0.3245060556181158,9857
brightness,4,5,5,True,0.5313104012966363,0.4791973610265179,9018
brightness,4,8,8,True,0.5488056801168288,0.44447080908748593,6270
brightness,4,5,1,False,0.4086349905836878,0.3226562835649542,133
brightness,4,4,5,False,0.36233073254643305,0.3063398036345647,8358
brightness,4,4,2,False,0.1506365717660824,0.17009498940379672,5824
brightness,4,0,2,False,0.35846846417617173,0.3244493707932516,3101
brightness,4,8,8,True,0.5571937391913575,0.5201581473054969,6065
brightness,4,3,2,False,0.3080346033413359,0.2737143953751197,3026
brightness,4,8,2,False,0.3905184380452829,0.3300999189573609,2136
brightness,4,3,8,False,0.3477102935189673,0.27702505103576636,2746
brightness,4,2,6,False,0.3956313774568573,0.3347033815817696,4302
brightness,4,8,8,True,0.6546998707828127,0.5590916124560789,8904
brightness,4,1,5,False,0.5954378200117697,0.47261809656006404,3806
brightness,4,7,2,False,0.38592488353743265,0.32621451549232505,9022
brightness,4,8,1,False,0.3712506525032933,0.31356580433623815,9829
brightness,4,2,1,False,0.40209148165557324,0.3572127205324063,9054
brightness,4,2,2,True,0.40621678651984594,0.35944131441718596,9680
brightness,4,3,9,False,0.20160271874542152,0.19276277682490714,7029
brightness,4,8,3,False,0.42918391231752473,0.3473523675648003,2787
brightness,4,3,0,False,0.48907125848053584,0.40801026994189765,2309
brightness,4,1,2,False,0.5155235127750644,0.4717137153633334,3628
brightness,4,4,0,False,0.42893722917726546,0.37441533777306835,3396
brightness,4,0,2,False,0.3331133071092076,0.3150850067408705,9288
brightness,4,5,7,False,0.38629362380308047,0.34052542211272585,5043
brightness,4,1,7,False,0.5386364812015985,0.47658444754163726,9082
brightness,4,2,2,True,0.7377202960261876,0.6526360475950856,6364
brightness,4,0,5,False,0.24064954971931685,0.20842248539956518,8566
brightness,4,0,2,False,0.5809347541478107,0.49545217962710775,8070
brightness,4,7,7,True,0.40526946344948456,0.34587948438574145,3595
brightness,4,9,0,False,0.20281808194846374,0.18583617632357016,2680
brightness,4,3,9,False,0.391913462038228,0.35961033830334155,7487
brightness,4,0,0,True,0.4793374587394891,0.4143043542984463,7776
brightness,4,9,4,False,0.40580578534992817,0.3830364868848199,5750
brightness,4,4,7,False,0.44782511640654044,0.43064388066588555,324
brightness,4,3,5,False,0.3438323277932611,0.28968770820948764,323
brightness,4,7,7,True,0.6666259725668768,0.6054008317843305,7323
brightness,4,7,7,True,0.623884302112519,0.5449437402298014,4617
brightness,4,7,7,True,0.6994733372855648,0.6171673817960134,5525
brightness,4,6,6,True,0.661593694155063,0.5746761369326854,5275
brightness,4,0,7,False,0.4506775559759657,0.42245834340043065,8098
brightness,4,3,2,False,0.27021982544806505,0.2516343736116295,1469
brightness,4,6,5,False,0.23537654124671997,0.20811602741301413,5211
brightness,4,8,6,False,0.44849876475288697,0.3878759874536077,4152
brightness,4,6,6,True,0.6442331245672992,0.5385726298779894,3315
brightness,4,3,6,False,0.2614839840769933,0.22582920027111592,9831
brightness,4,8,5,False,0.17498667479759772,0.1881451351260043,9903
brightness,4,5,5,True,0.4261591373121218,0.39889523671869753,1225
brightness,4,1,5,False,0.3875664091839838,0.3316298571084964,5595
brightness,4,3,5,False,0.41454901326207244,0.3454064041314985,4711
brightness,4,8,0,False,0.40374182492640803,0.37721603721143315,5027
brightness,4,4,9,False,0.3812536306508342,0.3476482505800273,6101
brightness,4,5,8,False,0.3576782379338081,0.27950546582159447,6345
brightness,4,0,0,True,0.6141750727668762,0.5946433571327855,9069
brightness,4,6,8,False,0.26230923367053843,0.23819591746476534,545
brightness,4,3,0,False,0.18346156525078566,0.20497562230577734,1394
brightness,4,0,1,False,0.5845628467089738,0.5153623755133107,9957
brightness,4,9,9,True,0.5999864784901959,0.5041737199163857,1103
brightness,4,4,4,True,0.5654437719256358,0.4995080643956961,6245
brightness,4,8,7,False,0.27990391503772455,0.22356709545610426,8259
brightness,4,7,1,False,0.46495825210421327,0.40769599502854753,4847
brightness,4,8,1,False,0.37447254097125376,0.3115410698377531,4158
brightness,4,4,7,False,0.2736594554772693,0.243522199231421,1346
brightness,4,7,7,True,0.575268547759451,0.5089383771301322,7926
brightness,4,9,6,False,0.39113056329553286,0.35337131594274235,8385
brightness,4,6,5,False,0.3213369715883271,0.25894006924551655,6580
brightness,4,6,9,False,0.4415082194180433,0.37738582939580007,1124
brightness,4,8,7,False,0.572409180271582,0.4620426651160935,6906
brightness,4,3,2,False,0.31780385206690176,0.2975503856984551,9367
brightness,4,5,4,False,0.3315051751757154,0.3008356092537646,2004
brightness,4,7,3,False,0.27700712308513303,0.2269586750782321,2563
brightness,4,9,0,False,0.34465044263637024,0.33607084464576564,8407
brightness,4,7,0,False,0.16396244766516377,0.16369937899640777,6334
brightness,4,4,9,False,0.4699339427817001,0.41233919985976475,356
brightness,4,7,7,True,0.5692386031163118,0.48938654828614303,5893
brightness,4,5,3,False,0.2793693386523848,0.23971292556250054,6534
brightness,4,4,5,False,0.36838143271000356,0.31233963930982667,8548
brightness,4,4,0,False,0.49774338400602547,0.46156104954713045,6852
brightness,4,7,3,False,0.2745742463125118,0.2538774596965163,1800
brightness,4,0,1,False,0.34133282970294354,0.2841535085357627,4131
brightness,4,9,9,True,0.4753483172665728,0.44498339317341734,9122
brightness,4,1,6,False,0.2928422947268808,0.2621080785714295,4493
brightness,4,6,0,False,0.3479513686641222,0.2923784533473994,5092
brightness,4,9,3,False,0.20095030622309173,0.22531716226998114,9779
brightness,4,2,9,False,0.30723092511027156,0.25424638162356306,1885
brightness,4,5,6,False,0.48304554107844094,0.40908397830977056,4021
brightness,4,5,2,False,0.44156643687422886,0.39033562533308513,50
brightness,4,0,1,False,0.31562354313547164,0.2897245490729456,8542
brightness,4,6,3,False,0.258692522843728,0.2198313348421416,4183
brightness,4,9,2,False,0.33876378491398007,0.2587324307403591,4734
brightness,4,8,3,False,0.21363398217832852,0.19723849487980952,1701
brightness,4,9,2,False,0.3403230945847727,0.2833551093015944,2443
brightness,4,4,3,False,0.3189964010720939,0.2789657248478737,7745
brightness,4,7,7,True,0.7099352464141208,0.6022402088239536,5840
brightness,4,2,4,False,0.34588443270157654,0.28732938909994116,2193
brightness,4,2,6,False,0.4136777667460226,0.36129685739717377,5287
brightness,4,9,9,True,0.46030876899030837,0.39362030458348424,1382
brightness,4,2,0,False,0.4557650045892051,0.38559911888711274,646
brightness,4,7,7,True,0.666090165449656,0.6004889319380488,3185
brightness,4,8,8,True,0.5541260584070187,0.46610862449622076,8799
brightness,4,6,0,False,0.3896329610011766,0.34113805991572027,714
brightness,4,0,1,False,0.5073034913359646,0.44545822235596155,2479
brightness,4,9,1,False,0.45764452284600915,0.37018559356026937,6275
brightness,4,2,4,False,0.37904386692816944,0.31483325240174814,5460
brightness,4,9,0,False,0.23829230545557228,0.21675739929845603,4813
brightness,4,1,1,True,0.5680438868971303,0.4962972902847242,2758
brightness,4,3,2,False,0.3839733611729655,0.32561406558838046,2500
brightness,4,7,5,False,0.5387353505817221,0.4724043651525614,6215
brightness,4,0,8,False,0.4340207866072928,0.38927152463608733,904
brightness,4,3,8,False,0.46558202538897303,0.4224813016587618,2534
brightness,4,9,3,False,0.30216925434714204,0.28517267271169816,8486
brightness,4,9,7,False,0.38445895056639234,0.3659716235895367,6393
brightness,4,5,3,False,0.16763978954883618,0.15964660029127298,5500
brightness,4,8,8,True,0.5672843898471286,0.46941269921345224,9658
brightness,4,7,4,False,0.48177689423282727,0.41859558723942386,7302
brightness,4,9,1,False,0.4991924525809819,0.41393241328447855,69
brightness,4,4,2,False,0.32450724629255595,0.30773200862698663,1204
brightness,4,2,8,False,0.17862568112656546,0.19429417605287963,77
brightness,4,8,5,False,0.30623954458826463,0.27518112473094075,7244
brightness,4,4,2,False,0.3522161894610587,0.3376303084753821,891
brightness,4,5,8,False,0.4008809956974637,0.37762893405389836,3118
brightness,4,6,1,False,0.15705614947234336,0.1545711945948597,5271
brightness,4,8,2,False,0.34954488155573993,0.32264651323036714,6788
brightness,4,9,1,False,0.2562505262701579,0.2517873021917263,6259
brightness,4,3,3,True,0.49590559638055026,0.4085995771539854,4050
brightness,4,3,8,False,0.12650749603808187,0.12748776481794422,6024
brightness,4,8,4,False,0.461269468558507,0.41816079510174325,393
brightness,4,3,3,True,0.6061815567837875,0.5015643479555235,7426
brightness,4,6,9,False,0.15531044017009976,0.18525829889243028,8538
brightness,4,6,3,False,0.5277424828648377,0.4854314666725331,6136
brightness,4,4,7,False,0.49502187942749043,0.457782870214048,1201
brightness,4,6,4,False,0.48499952200322516,0.43542748331477027,7140
brightness,4,7,4,False,0.36931187538675647,0.30994349340728966,589
brightness,4,1,1,True,0.6232179809798418,0.51936576848836,6230
brightness,4,1,1,True,0.4333098901903639,0.38132900597512415,4730
brightness,4,4,4,True,0.6436417356686078,0.5760319399291752,6950
brightness,4,8,2,False,0.30575702998690096,0.28574329058939324,7973
brightness,4,3,3,True,0.6812455727277955,0.6282632754417448,8488
brightness,4,4,1,False,0.40931459325574737,0.35670318903066717,6778
brightness,4,4,7,False,0.37954206391830814,0.3304102459325925,8726
brightness,4,7,7,True,0.6927177744887885,0.6039654808631566,7259
brightness,4,1,1,True,0.6317849624535083,0.5288932635894431,9640
brightness,4,6,2,False,0.44563408581126923,0.42382664957700733,2675
brightness,4,6,3,False,0.24477032871381837,0.2180538319560116,7159
brightness,4,2,4,False,0.35870049475617505,0.32496018872978283,9081
brightness,4,1,4,False,0.39869789004307915,0.3701794879753582,6746
brightness,4,7,7,True,0.7057738967804281,0.5998551320855963,5272
brightness,4,0,2,False,0.44580983497799215,0.39948604138082056,7856
brightness,4,2,2,True,0.6372537590954468,0.5565122798108694,496
brightness,4,4,4,True,0.6363967381037937,0.5754449564342943,508
brightness,4,0,0,True,0.6301043948899228,0.5507570473094628,4492
brightness,4,0,3,False,0.39776259274659964,0.2959604004611462,5940
brightness,4,6,6,True,0.7503746156372775,0.6341294516544609,3817
brightness,4,6,6,True,0.5601508483929413,0.46113327675324856,5250
brightness,4,9,6,False,0.569981668227673,0.5380283471688083,1355
brightness,4,5,7,False,0.384904247438456,0.37046017275610943,4709
brightness,4,1,9,False,0.3513181806226107,0.27061279035051516,3914
brightness,4,5,9,False,0.3849105226876942,0.3219631089607088,2852
brightness,4,0,3,False,0.34683649138444844,0.28211234207560093,1572
brightness,4,0,4,False,0.23112386037790214,0.21578410330858783,8926
brightness,4,2,8,False,0.3898677236743703,0.3272696170094472,2436
brightness,4,1,1,True,0.4717293774262248,0.4106602939285355,8643
brightness,4,9,9,True,0.698382716320761,0.5810814380503172,6636
brightness,4,6,6,True,0.7282849441772103,0.642648543945047,2690
brightness,4,5,2,False,0.14456881247668144,0.10429808607750773,6611
brightness,4,0,0,True,0.6360424333772147,0.6056977758144998,6188
brightness,4,1,8,False,0.24963557246729984,0.25727708996252996,481
brightness,4,1,2,False,0.4034210699420283,0.40754142684770966,7121
brightness,4,6,4,False,0.37693241251475673,0.3475203421186659,4402
brightness,4,7,1,False,0.3746871656395894,0.36462392211265904,4584
brightness,4,6,4,False,0.297293683806595,0.2855553493363921,4570
brightness,4,1,1,True,0.7367163501898366,0.6211193108345383,5676
brightness,4,2,8,False,0.29436897817612134,0.25776844160145895,3233
brightness,4,4,5,False,0.4544819166299273,0.4097905871924285,8517
brightness,4,4,9,False,0.3116985156628315,0.30298814605796515,1182
brightness,4,0,8,False,0.3351606285692145,0.29975465192892803,1428
brightness,4,4,2,False,0.434471459169367,0.39539271285125155,3022
brightness,4,2,9,False,0.29784752171341766,0.261517273343244,5777
brightness,4,1,0,False,0.1808767229574354,0.16049720928035333,7152
brightness,4,8,8,True,0.6551747560100608,0.5424677539689732,1181
brightness,4,1,7,False,0.46557691656660294,0.41959434586343414,9777
brightness,4,7,9,False,0.36826014957109543,0.31817778121327595,8544
brightness,4,0,1,False,0.3892152152663136,0.32013519631490245,8412
brightness,4,1,0,False,0.38957225030301845,0.33427802256430533,9446
brightness,4,8,4,False,0.5388255386200919,0.47870748956504555,7742
brightness,4,2,2,True,0.7994337372350911,0.7078806502119539,3954
brightness,4,0,8,False,0.3472194432735255,0.30644737999081245,2615
brightness,4,4,2,False,0.3630062786387154,0.34491900974947337,9016
brightness,4,2,2,True,0.6120772762769136,0.5650707062218211,3277
brightness,4,6,6,True,0.5607891958593392,0.4859358189950421,5033
brightness,4,5,9,False,0.44248750822622707,0.4105891120545689,7707
brightness,4,5,7,False,0.33838341306430203,0.2892780468479637,5293
brightness,4,0,8,False,0.1910491546170717,0.15138465217829594,9050
brightness,4,2,2,True,0.7302993894084251,0.6168590030276018,6137
brightness,4,0,8,False,0.3593763853835114,0.3031786958473126,1274
brightness,4,9,4,False,0.3687479152711688,0.3196808360566306,8929
brightness,4,0,3,False,0.48622891450217,0.46793950407822743,2425
brightness,4,8,6,False,0.3206718657403322,0.2770989411317427,6281
brightness,4,8,6,False,0.4891713935873306,0.42326679895688574,1604
brightness,4,6,3,False,0.3293441496608493,0.29801473184866767,977
brightness,4,8,8,True,0.402060305580825,0.3303373722873981,834
brightness,4,9,9,True,0.58298507476989,0.5134555262283104,1719
brightness,4,8,3,False,0.2924544424510417,0.27672043062711454,9271
brightness,4,2,2,True,0.5883960760899013,0.5447885714467748,4258
brightness,4,7,7,True,0.6147445389405729,0.5638098752484721,6988
brightness,4,2,1,False,0.2991127825837447,0.2765080206314404,4881
brightness,4,1,0,False,0.2192864849703249,0.19692622519555333,812
brightness,4,3,3,True,0.5455303627375209,0.475390054740858,1171
brightness,4,9,1,False,0.4984072747015095,0.4467965246267822,3832
brightness,4,1,1,True,0.6304002794100976,0.5499077503835671,4230
brightness,4,5,5,True,0.5183133208915847,0.45375162498251176,9339
brightness,4,1,1,True,0.5727476964063878,0.48314492048727375,4352
brightness,4,4,7,False,0.4198335045516328,0.3852718753737764,7413
brightness,4,9,9,True,0.6271074213512179,0.5539963569801882,994
brightness,4,9,6,False,0.29850601985358854,0.2536043267983535,1923
brightness,4,8,8,True,0.6269721362995632,0.5777066655436494,7155
brightness,4,8,8,True,0.6539862026458417,0.575058983022898,3928
brightness,4,5,5,True,0.6206780354621898,0.5140945351001212,6882
brightness,4,0,2,False,0.39686216578580435,0.3712307150258699,7135
brightness,4,6,7,False,0.4279867188666261,0.3653355712152982,6532
brightness,4,4,4,True,0.66614431252989,0.5730267531590096,1560
brightness,4,2,7,False,0.4564247402794176,0.39922256425740926,7925
brightness,4,7,7,True,0.4982197523339704,0.45575109554216053,5168
brightness,4,0,0,True,0.6169291874708197,0.5382351213183222,1366
brightness,4,1,1,True,0.664757008613755,0.5924105010771301,4849
brightness,4,4,4,True,0.5878585666764199,0.48320799145439103,6106
brightness,4,1,0,False,0.371207079366455,0.3084593514444567,4057
brightness,4,6,4,False,0.4914237623894505,0.43334959647682153,7420
brightness,4,7,9,False,0.38119199701092377,0.3245098586696964,2952
brightness,4,6,9,False,0.21765907590196623,0.19592317822757502,940
brightness,4,1,5,False,0.24180231209218805,0.23544972794609004,4412
brightness,4,6,6,True,0.5344214469557628,0.45319495007334054,7167
brightness,4,9,9,True,0.701965442764095,0.5969637698507482,6889
brightness,4,9,9,True,0.6115797185904374,0.5370372064734369,2791
brightness,4,1,1,True,0.5485754097389925,0.43876267983974343,8307
brightness,4,2,2,True,0.5724315692311001,0.5217183625810632,1281
brightness,4,1,1,True,0.5395642092687464,0.4762323268501397,8493
brightness,4,2,1,False,0.4014530546422781,0.35809625245478804,4423
brightness,4,9,7,False,0.24567157952071517,0.2130344745026135,8975
brightness,4,0,9,False,0.3995635072795266,0.36841026555527717,2883
brightness,4,5,0,False,0.5215552003918602,0.4550935385312289,184
brightness,4,9,9,True,0.54919919101254,0.5063420070547552,5762
brightness,4,8,8,True,0.5975724183893597,0.4887183180670776,1421
brightness,4,4,5,False,0.38533808001089853,0.3438026502891261,1772
brightness,4,5,1,False,0.3690631588600126,0.32955132864795594,2841
brightness,4,4,3,False,0.3624049176071432,0.3292696382936163,8410
brightness,4,6,0,False,0.3546775219815159,0.34454903080183613,7054
brightness,4,9,9,True,0.5412222307488278,0.4477628977060085,4319
brightness,4,5,8,False,0.4052937472025703,0.331608340245132,3168
brightness,4,4,9,False,0.25250254947091016,0.22256582359383392,5628
brightness,4,9,2,False,0.3976487355321382,0.3151511529817244,9938
brightness,4,3,3,True,0.6136890520373323,0.5827666841145391,7694
brightness,4,0,8,False,0.4006898134178668,0.37425471019517637,7623
brightness,4,2,6,False,0.27163320204477676,0.2562332881525939,9247
brightness,4,6,5,False,0.3915407938282911,0.3634675233205019,305
brightness,4,4,0,False,0.3386352168182225,0.32826039044590966,4774
brightness,4,8,3,False,0.3010133595635474,0.2585683135169758,9489
brightness,4,6,1,False,0.5663588884488496,0.4891847473600191,3153
brightness,4,5,2,False,0.2701810541964791,0.25149936559272906,7267
brightness,4,9,2,False,0.40947316290205527,0.35296751610733823,2337
brightness,4,7,7,True,0.6410538250921227,0.5413448653288047,1176
brightness,4,1,6,False,0.3982788543572378,0.34294664521794493,8320
brightness,4,7,7,True,0.584958758973478,0.5198491919520215,6192
brightness,4,6,4,False,0.30487497610658243,0.29237286500791715,4810
brightness,4,9,9,True,0.6462945438526959,0.5389343193470177,7435
brightness,4,0,9,False,0.36934715903391085,0.3251500275862002,4915
brightness,4,1,2,False,0.3730249898065511,0.3309907461120431,212
brightness,4,8,8,True,0.627881650232249,0.5208858587981098,1742
brightness,4,9,9,True,0.6247331505891206,0.5549999645141416,7343
brightness,4,2,2,True,0.39162422248493867,0.3457390102619592,1527
brightness,4,9,6,False,0.20499721394919157,0.17047671514027377,1568
brightness,4,0,8,False,0.5116476219795554,0.44025377265155796,9477
brightness,4,7,1,False,0.24515430059452625,0.2340863374924118,9884
brightness,4,3,3,True,0.73142072277535,0.6562650279784783,5919
brightness,4,6,9,False,0.42786923352923834,0.38548042736317595,7247
brightness,4,8,8,True,0.5263109784554088,0.500486374400809,2838
brightness,4,5,0,False,0.45751243583746254,0.4261932764880627,7851
brightness,4,2,1,False,0.3718981716601106,0.3421403393416926,4795
brightness,4,9,9,True,0.5213115522485893,0.4440598679766545,7593
brightness,4,2,4,False,0.15576552214835437,0.17002386525838034,9582
brightness,4,5,8,False,0.19107310459212867,0.16203981641818643,347
brightness,4,1,0,False,0.6396469974047418,0.5736359549123717,5360
brightness,4,8,4,False,0.43783566648455946,0.3382798953428747,2659
brightness,4,9,9,True,0.4660143412274736,0.40123635803108665,791
brightness,4,3,6,False,0.6159317057717604,0.5105875212314185,6296
brightness,4,4,4,True,0.6926843989998321,0.5980567815906334,4778
brightness,4,4,1,False,0.35072621760695677,0.2823339782153737,4653
brightness,4,9,1,False,0.19983823207020993,0.18543369366850962,8179
brightness,4,6,6,True,0.6227240122474714,0.5536569233900939,9437
brightness,4,0,0,True,0.4377865981145441,0.37411653522908483,8347
brightness,4,7,7,True,0.6874683539209372,0.592947350485381,2583
brightness,4,4,4,True,0.6855363687877689,0.6020955581750775,3601
brightness,4,0,7,False,0.43643424157455357,0.3850271604172781,4274
brightness,4,4,9,False,0.45692844625369744,0.430347627682037,4539
brightness,4,0,8,False,0.24291417665335302,0.20776929906814362,3419
brightness,4,2,2,True,0.5925488907778191,0.5294112105527979,7235
brightness,4,7,4,False,0.3992290292246393,0.3595492283093431,9219
brightness,4,4,6,False,0.5516700756933656,0.4521446557246138,4097
brightness,4,4,1,False,0.3765382574562076,0.33680293489343316,7731
brightness,4,3,9,False,0.348494740255182,0.309483144448547,9455
brightness,4,8,8,True,0.6312242336564386,0.541692668156144,6367
brightness,4,2,5,False,0.3390373249697358,0.3386683658376779,6122
brightness,4,9,9,True,0.5830800193978906,0.5363181373182062,4649
brightness,4,3,8,False,0.40890500145036174,0.3473166898154532,9439
brightness,4,3,6,False,0.3128528055690362,0.2936311641373367,9802
brightness,4,6,3,False,0.29572451263029315,0.28124337945048317,4613
brightness,4,7,0,False,0.35684340334340847,0.32123446447639575,2514
brightness,4,4,8,False,0.31671829481331853,0.26224838566122866,6680
brightness,4,6,6,True,0.6020321890522047,0.507680240406743,1526
brightness,4,4,0,False,0.43215098933892204,0.3928859224215583,3008
brightness,4,7,8,False,0.41703490990672365,0.37961660769453376,9041
brightness,4,8,7,False,0.28572184654860244,0.2521561714094793,241
brightness,4,8,9,False,0.2760206425719138,0.2759330745047701,5156
brightness,4,6,5,False,0.4088614696934017,0.3924006561353396,7865
brightness,4,2,8,False,0.5352089456205159,0.4995599411600866,4292
brightness,4,6,6,True,0.63811036223102,0.5871112676058377,7637
brightness,4,6,6,True,0.5502796112705997,0.4824209969038059,2608
brightness,4,2,2,True,0.5643361853934119,0.4679887625579024,2684
brightness,4,8,3,False,0.40154579667571433,0.3498658287912799,5153
brightness,4,7,2,False,0.34675999342021113,0.30744950522818676,68
brightness,4,4,4,True,0.6070958582974708,0.5184367415906487,5424
brightness,4,0,4,False,0.3795662073990994,0.3300148463713946,7581
brightness,4,7,7,True,0.5038100073007201,0.4201292478898318,2069
brightness,4,2,9,False,0.2854861748831287,0.2719520712055217,7735
brightness,4,7,1,False,0.31549044314947755,0.31573289056970044,1192
brightness,4,4,4,True,0.6868955810410386,0.646501157881734,4310
brightness,4,7,7,True,0.6220106825900491,0.5486737572213192,902
brightness,4,8,3,False,0.15337169960717528,0.14193371901215018,3927
brightness,4,0,0,True,0.5842570362966184,0.5108793740148688,9603
brightness,4,0,8,False,0.5170873746885011,0.4817480615512062,424
brightness,4,6,6,True,0.6084992521445752,0.5591102166965953,4534
brightness,4,4,0,False,0.416138956369273,0.36390629647767236,7144
brightness,4,6,2,False,0.40161550907283594,0.3804421212242425,2580
brightness,4,1,7,False,0.349172471265608,0.3150289084349327,8522
brightness,4,8,9,False,0.2717065352137754,0.23124005633873196,7904
brightness,4,2,3,False,0.30501215261900505,0.2711678339394534,9766
brightness,4,1,2,False,0.5558408026025665,0.5215263852759793,2775
brightness,4,4,7,False,0.3066728819320881,0.29010580811742764,2810
brightness,4,8,3,False,0.5321671278712277,0.4572068004530034,7181
brightness,4,0,3,False,0.3184687144504374,0.30444499295690275,9333
brightness,4,5,5,True,0.5966905227058498,0.5364653760118452,8099
brightness,4,8,3,False,0.36764316145649256,0.32129753255407706,2105
brightness,4,5,3,False,0.3423905184168282,0.2910996720318151,3211
brightness,4,0,0,True,0.7546393439529907,0.63421791363812,9321
brightness,4,2,1,False,0.35857871213988113,0.2869063710966293,3131
brightness,4,5,1,False,0.21278425512158988,0.18278138818848932,4368
brightness,4,6,8,False,0.39644136365674737,0.3484213597361518,8682
brightness,4,1,8,False,0.38247933587787536,0.36531059733297794,5938
brightness,4,3,1,False,0.43284205114957497,0.3994011795313276,1898
brightness,4,1,1,True,0.6793837546557808,0.5964063505495116,6239
brightness,4,5,5,True,0.6824969777976247,0.5576462768405263,3099
brightness,4,4,2,False,0.4030664637971488,0.3635118825308868,3962
brightness,4,6,5,False,0.3727519450657725,0.2989302464125119,7908
brightness,4,3,4,False,0.557710316519107,0.5065177231375634,784
brightness,4,9,3,False,0.40708172556897104,0.3790489086954778,3019
brightness,4,0,6,False,0.31361290211433496,0.2825889838020569,211
brightness,4,2,2,True,0.6342505297207176,0.570449937356996,2954
brightness,4,0,0,True,0.6413712173978172,0.580449670277783,845
brightness,4,8,0,False,0.5378831785662344,0.47439210019229955,6502
brightness,4,2,6,False,0.17450312728091238,0.1604298907280014,7583
brightness,4,0,3,False,0.3299397461491733,0.2688739266079208,9118
brightness,4,7,7,True,0.5667299343422869,0.4896191302590266,8079
brightness,4,8,0,False,0.17116044168545,0.14055456275504985,6422
brightness,4,8,4,False,0.37658936503672263,0.31496780591141377,9239
brightness,4,2,2,True,0.6164005041720533,0.5242819698654485,62
brightness,4,0,0,True,0.604654078188277,0.48972521404980823,797
brightness,4,2,2,True,0.49871526039125935,0.4584949748156611,1855
brightness,4,1,7,False,0.49863858239444947,0.4432228323836141,2297
brightness,4,7,8,False,0.45087305424744706,0.4214596377196549,4870
brightness,4,3,0,False,0.2888275676868692,0.27654254197840905,7573
brightness,4,4,2,False,0.2859122933919098,0.2680025137949288,1512
brightness,4,6,7,False,0.4460845116609026,0.410056330029901,6516
brightness,4,4,4,True,0.5941787480967156,0.5230681898541101,9336
brightness,4,2,2,True,0.5817049591345895,0.535550529571117,7418
brightness,4,2,9,False,0.17682450292572463,0.15510571222048833,6420
brightness,4,2,9,False,0.5241996577702099,0.46016697720918687,8724
brightness,4,1,9,False,0.4258371537546589,0.3713777902993038,9324
brightness,4,5,4,False,0.17559486707957098,0.20459668824664334,627
brightness,4,2,2,True,0.5887354338216565,0.5027882767007666,2097
brightness,4,6,3,False,0.3917293030761946,0.3737248999969878,4521
brightness,4,3,7,False,0.16131065564533476,0.12484706671068169,2253
brightness,4,4,6,False,0.3556461315155136,0.31930472470648663,9340
brightness,4,8,8,True,0.5999474869888765,0.5213235060986734,7006
brightness,4,6,6,True,0.5467466052329697,0.4593171050576041,850
brightness,4,2,1,False,0.43461198660817,0.3711310609147013,3433
brightness,4,0,7,False,0.34752679717925916,0.32045912260250553,7209
brightness,4,7,7,True,0.5872839340071506,0.5074620588305034,5145
brightness,4,3,8,False,0.33655134208355164,0.2817650564920248,6801
brightness,4,0,6,False,0.2542918742709569,0.24910360172290516,5872
brightness,4,6,1,False,0.24452858760085477,0.22242555771154693,5159
brightness,4,8,8,True,0.664907212667734,0.5867954096775037,4651
brightness,4,6,7,False,0.3411256884672593,0.3268204216933426,9276
brightness,4,8,8,True,0.659915669854664,0.6068445864507004,7779
brightness,4,1,1,True,0.6303137436732095,0.5050452352842293,4726
brightness,4,8,8,True,0.5777061164369007,0.5039015572762163,5267
brightness,4,3,3,True,0.5692480886232466,0.46532248215245964,600
brightness,4,5,8,False,0.20758059354469824,0.24596466007640694,2703
brightness,4,2,2,True,0.692527522265232,0.6066634126761653,4228
brightness,4,6,6,True,0.5921818353410356,0.5378177817271301,5030
brightness,4,8,8,True,0.6348975037397006,0.5421207535075123,3063
brightness,4,9,9,True,0.6091196677300281,0.5256431452808428,5596
brightness,4,2,5,False,0.2900173646914601,0.28350217360712937,9929
brightness,4,4,4,True,0.6361111284953115,0.5659965671817428,9641
brightness,4,8,8,True,0.6509599505034062,0.6018705252649492,4484
brightness,4,3,9,False,0.30908265675155605,0.2610325181359354,3001
brightness,4,8,2,False,0.5209611062842807,0.4534559351509252,8738
brightness,4,5,5,True,0.5230672882964529,0.46986995590522806,907
brightness,4,5,9,False,0.34976912482434963,0.3256174748664396,6919
brightness,4,9,9,True,0.5855131558471284,0.5210717408721492,3779
brightness,4,8,8,True,0.6112840171880213,0.5081290139769266,3053
brightness,4,9,9,True,0.47087246444957953,0.3963888200537576,6140
brightness,4,0,0,True,0.6595571909474838,0.582455889715748,1753
brightness,4,1,1,True,0.6356870256354712,0.524467394962335,4386
brightness,4,1,1,True,0.5634443178688104,0.4762070209000589,7328
brightness,4,5,0,False,0.32611177600897734,0.2929414429759629,8030
brightness,4,4,4,True,0.5550690174643766,0.47128680983297255,8001
brightness,4,2,2,True,0.5041053463553847,0.44807518915043104,3398
brightness,4,6,5,False,0.2764327660742626,0.2481756994336581,3639
brightness,4,2,4,False,0.18967892138816572,0.16046367624214408,7464
brightness,4,9,1,False,0.4075197325303701,0.34610183665335764,9561
brightness,4,3,8,False,0.267326568972259,0.26778538856823525,2979
brightness,4,4,2,False,0.2316520719028298,0.21958675002965844,1933
brightness,4,0,9,False,0.25075852544883476,0.2330912550288794,4180
brightness,4,0,0,True,0.5371109309399835,0.4726415158511758,7800
brightness,4,1,4,False,0.349576000024734,0.2939910947691433,428
brightness,4,1,5,False,0.26155381615013945,0.22603334448569692,4210
brightness,4,0,0,True,0.48635106632194014,0.3803839499241515,1448
brightness,4,4,4,True,0.6276228313253197,0.535749262486345,6325
brightness,4,7,7,True,0.48281175242359364,0.41299667084430974,9179
brightness,4,6,4,False,0.22921494873451256,0.2208047094974323,7821
brightness,4,8,0,False,0.3621999909892922,0.310807327879918,4168
brightness,4,5,9,False,0.2816430267243925,0.2701145087015511,205
brightness,4,1,1,True,0.6862829043633298,0.5931458438720101,6601
brightness,4,8,3,False,0.4712393765056107,0.41852419599685986,2241
brightness,4,8,1,False,0.2969994712435687,0.2668258598559903,6500
brightness,4,2,7,False,0.6266309585020873,0.5616320777630205,8152
brightness,4,8,7,False,0.3876222357906146,0.368603069396836,3443
brightness,4,5,4,False,0.34237078586239494,0.2862749856687454,8976
brightness,4,3,7,False,0.22652978510167923,0.2427389318191201,9573
brightness,4,1,6,False,0.32514764810516494,0.274240114438065,1319
brightness,4,9,8,False,0.33514619292730363,0.296189008539773,3245
brightness,4,6,9,False,0.4359739275998508,0.37499904252696353,9487
brightness,4,4,0,False,0.30042306064612195,0.30051468968524314,1614
brightness,4,7,0,False,0.4032379878485116,0.33653489854752305,346
brightness,4,7,3,False,0.3642021511750848,0.3389226689487756,8755
brightness,4,5,6,False,0.4574768281305335,0.3596880005530464,4095
brightness,4,2,4,False,0.46536193081488875,0.426834471581227,8978
brightness,4,4,4,True,0.5879544327086915,0.510935445408958,5870
brightness,4,6,3,False,0.43649858205440567,0.37853402175798795,6907
brightness,4,1,8,False,0.4723564733073466,0.4026688691059869,2406
brightness,4,1,1,True,0.6484102333720057,0.5648167500041221,4426
brightness,4,9,2,False,0.3877785943760432,0.33751257841990445,2692
brightness,4,5,7,False,0.4009212450373857,0.32596508547091513,1109
brightness,4,6,4,False,0.5211670944425524,0.44229460863629266,8543
brightness,4,4,3,False,0.3712624017496227,0.3465412898592518,9381
brightness,4,8,8,True,0.5665061683816583,0.48847692189698066,9327
brightness,4,3,8,False,0.29237073512491263,0.2477034353466093,7220
brightness,4,0,7,False,0.5100906200110116,0.4495070653788578,2316
brightness,4,7,4,False,0.4049524658331644,0.36898159978674683,5237
brightness,4,2,1,False,0.3254653230447434,0.30464835156265113,5847
brightness,4,7,9,False,0.35299132184480747,0.3218004926450267,6394
brightness,4,4,4,True,0.4830328961500439,0.449757123764724,7692
brightness,4,3,3,True,0.704460344670199,0.6147747523996618,4232
brightness,4,5,5,True,0.5638611918162489,0.48955995049156126,9565
brightness,4,4,4,True,0.7625638174119607,0.6806482285338631,9186
brightness,4,4,0,False,0.20119651245538728,0.17184654583470652,1333
brightness,4,2,4,False,0.5374413281635556,0.46374162558107657,5736
brightness,4,3,3,True,0.44238261886419455,0.3591635160087954,7414
brightness,4,3,6,False,0.38712295017428383,0.3803322008074571,2285
brightness,4,4,4,True,0.7928719981131339,0.7306491293268655,9494
brightness,4,9,3,False,0.4508048219888217,0.39468365594035776,7148
brightness,4,3,3,True,0.5966156818934285,0.5373926232070754,7231
brightness,4,6,6,True,0.5610835806382355,0.5059121640481178,1754
brightness,4,0,9,False,0.335299421460255,0.3037925041056253,8085
brightness,4,0,4,False,0.48513106693327745,0.45167103055374114,7968
brightness,4,6,6,True,0.6327114100207281,0.5275081766539688,4614
brightness,4,6,6,True,0.7008884533624088,0.6070582920901905,4655
brightness,4,7,8,False,0.3164548411278135,0.242249392180108,9564
brightness,4,5,0,False,0.32794746246905737,0.2735346732851574,7799
brightness,4,3,7,False,0.4680636529581401,0.38034044891538915,1564
brightness,4,0,7,False,0.268366893323154,0.2063553427393306,5921
brightness,4,9,0,False,0.42696973353118706,0.3680162585744997,94
brightness,4,1,0,False,0.43066179408680205,0.3883602180516061,8552
brightness,4,9,6,False,0.38156293623387283,0.3260235123111993,8122
brightness,4,2,8,False,0.34101090665620276,0.2939573326330269,1262
brightness,4,5,5,True,0.6413341314759748,0.5454395369901271,6771
brightness,4,0,8,False,0.4264140849327955,0.3802599088437173,1495
brightness,4,7,7,True,0.4891027835519097,0.41864693632229366,6333
brightness,4,4,7,False,0.3766834082765882,0.3150497631694941,2320
brightness,4,5,9,False,0.36520912235560676,0.344074213028979,4166
brightness,4,1,1,True,0.5590680096009004,0.4727612162264295,938
brightness,4,2,5,False,0.27042855113386044,0.21942768108363742,1657
brightness,4,4,7,False,0.26548442385421367,0.25546004553993634,738
brightness,4,0,9,False,0.413458708033798,0.33276404188495334,1610
brightness,4,7,6,False,0.34291938964586827,0.33106849367324004,8963
brightness,4,3,3,True,0.7062794857675523,0.5948175010734318,6409
brightness,4,7,9,False,0.3593795460588329,0.32207598159043704,1067
brightness,4,1,1,True,0.5965427867354622,0.5021696737472868,8896
brightness,4,0,3,False,0.41486189266580115,0.3678915707319024,5846
brightness,4,9,0,False,0.241440671699934,0.20980454327450138,7317
brightness,4,2,4,False,0.40696794417430726,0.3412723384420635,1470
brightness,4,9,8,False,0.4582796065715371,0.3724652399366391,8582
brightness,4,6,6,True,0.7710123079590647,0.6595451520127995,7237
brightness,4,5,7,False,0.3312552324925374,0.3060679454733832,4039
brightness,4,6,7,False,0.48995404816953325,0.4449482743717711,8249
brightness,4,5,3,False,0.20757901109536694,0.17707019376867525,7200
brightness,4,3,0,False,0.332005765359673,0.28288037372616,858
brightness,4,9,6,False,0.33848293955432096,0.2992239459848985,869
brightness,4,0,2,False,0.31844630934266505,0.2857069117746838,7117
brightness,4,7,7,True,0.5760805652869266,0.5046032275888604,8961
brightness,4,6,7,False,0.48222843373433694,0.41621646719606464,48
brightness,4,1,1,True,0.5493330553974997,0.47462235930390356,7388
brightness,4,6,2,False,0.2582883041626255,0.22879994489665414,8418
brightness,4,9,5,False,0.487295927280718,0.38089805674016725,8442
brightness,4,2,2,True,0.6810567856438188,0.5857863390599564,5703
brightness,4,5,7,False,0.35831933924325066,0.33521406071933835,5508
brightness,4,3,3,True,0.6161355884074308,0.5665802001307583,287
brightness,4,0,0,True,0.6582000672509947,0.5979986442270927,7645
brightness,4,0,0,True,0.46190552131744567,0.40942129652638437,3018
brightness,4,1,6,False,0.300601413637095,0.2467336186476664,1044
brightness,4,6,5,False,0.36056368478845324,0.3105253799979624,7270
brightness,4,7,7,True,0.6343842860027634,0.5389900680034397,5853
brightness,4,0,9,False,0.3257326104225254,0.26369185790844246,5874
brightness,4,1,2,False,0.28076544494786854,0.23480907196036477,6897
brightness,4,8,8,True,0.49130215545127487,0.41802928009465623,5763
brightness,4,8,9,False,0.24738446871101957,0.1973815263872702,8392
brightness,4,5,8,False,0.40293990719124523,0.37615449699726655,5261
brightness,4,7,4,False,0.3822529448192996,0.35209656104252723,7161
brightness,4,2,0,False,0.3498159590431229,0.3113596930374954,4963
brightness,4,0,0,True,0.5817835561110695,0.5171498927656312,5154
brightness,4,9,4,False,0.41923492798370365,0.3774677600677369,4043
brightness,4,3,3,True,0.6619644782354042,0.5630000294451565,1491
brightness,4,3,9,False,0.3635404284495901,0.3599877306480573,2186
brightness,4,5,0,False,0.2921334965207949,0.2479407746610705,7911
brightness,4,6,6,True,0.6908899972015714,0.5688964813220327,4092
brightness,4,0,4,False,0.5180542166559325,0.45857218504459346,2252
brightness,4,5,5,True,0.6744140781919024,0.5995371451974989,6734
brightness,4,5,5,True,0.6648921699503437,0.5741205721294923,7635
brightness,4,7,9,False,0.35227918022632776,0.3393310634159969,7932
brightness,4,9,9,True,0.5941211712986486,0.5236155557303454,1621
brightness,4,7,1,False,0.3056032202436996,0.258350132674272,5580
brightness,4,6,5,False,0.31522147343269435,0.271063162360398,7132
brightness,4,8,3,False,0.45370003215150156,0.4036176487603358,7917
brightness,4,4,0,False,0.21126838050585608,0.19618827067164787,5134
brightness,4,0,9,False,0.37869126048294444,0.36115623459172636,9593
brightness,4,8,9,False,0.2779075167703876,0.2679172407378158,1152
brightness,4,9,6,False,0.15909747675521177,0.11887964790217244,6474
brightness,4,9,9,True,0.5075386735248449,0.4430333748554222,4666
brightness,4,9,2,False,0.2445552684775479,0.19801412888114095,4266
brightness,4,9,4,False,0.2266658131171554,0.23683781626527828,6938
brightness,4,6,7,False,0.6195790079139875,0.5221723797619858,8446
brightness,4,0,3,False,0.41420828634036677,0.3711188208218522,1380
brightness,4,7,2,False,0.4166620980047893,0.355206043494605,6040
brightness,4,0,0,True,0.5753154196587867,0.46444693096963535,6669
brightness,4,1,6,False,0.2405855053647032,0.19439127208493975,9655
brightness,4,6,0,False,0.34345023679521747,0.30194458544246733,2452
brightness,4,9,9,True,0.6746869336483474,0.5998552855163349,2556
brightness,4,2,1,False,0.1675726255325044,0.1680565342293402,1302
brightness,4,1,3,False,0.5391294549044352,0.4466453647461365,4359
brightness,4,5,7,False,0.35105815518569106,0.319665445155989,3985
brightness,4,3,9,False,0.2767203830192567,0.26920811352823487,7592
brightness,4,8,2,False,0.37231561789525447,0.34172231561064437,7740
brightness,4,1,4,False,0.2221374531228533,0.1965825509259255,8985
brightness,4,9,9,True,0.4870578227400958,0.4299607723489042,8502
brightness,4,2,2,True,0.7441109909508454,0.6505430306928941,9214
brightness,4,3,4,False,0.30802731169965336,0.304763882666331,8987
brightness,4,6,1,False,0.3581844576825662,0.3534834483755622,2631
brightness,4,8,4,False,0.3703501974498993,0.3426954624687736,2616
brightness,4,4,0,False,0.34259143556054006,0.3072711225208385,3141
brightness,4,5,5,True,0.6393597213672139,0.5578343718207057,5450
brightness,4,6,3,False,0.5869097280421757,0.5153256934932757,6565
brightness,4,6,6,True,0.7384447008859569,0.6467856708025677,1725
brightness,4,7,3,False,0.2706104049359303,0.23469392711481782,4187
brightness,4,1,7,False,0.4090637283375526,0.4020668186823758,2831
brightness,4,9,2,False,0.2315098144644923,0.19594453529961464,1683
brightness,4,0,8,False,0.46212272296620416,0.4337153516990746,4966
brightness,4,2,1,False,0.33989173977819565,0.2599502327348346,955
brightness,4,7,4,False,0.3729028073065633,0.32646019853473435,8981
brightness,4,2,2,True,0.6469472364245642,0.5581285144336653,7376
brightness,4,5,5,True,0.3677782644235784,0.3321858299362753,7716
brightness,4,1,1,True,0.6043258956694592,0.5213904660640153,4405
brightness,4,8,9,False,0.4249750503252401,0.40394873103671347,7262
brightness,4,3,3,True,0.6214014901760044,0.5383450450752951,4620
brightness,4,1,0,False,0.20856937579061008,0.17169810726187656,7741
brightness,4,1,1,True,0.5931170145383596,0.49983012260037274,8762
brightness,4,1,1,True,0.6796457498872754,0.5832399880853173,3478
brightness,4,7,7,True,0.5065065665516181,0.4600173016070451,7730
brightness,4,0,5,False,0.21859859368835158,0.21891898548688354,5121
brightness,4,5,5,True,0.7247752257762463,0.6070130966304039,7553
brightness,4,6,6,True,0.49138382208258347,0.4166739588239361,4540
brightness,4,3,3,True,0.6014808023500479,0.5049477653285055,1907
brightness,4,6,1,False,0.29423204494365646,0.2593882693324464,9739
brightness,4,2,5,False,0.5273975014753187,0.48252768256509854,9359
brightness,4,4,5,False,0.39657765070694434,0.35551948732866806,8199
brightness,4,0,0,True,0.5344808057735398,0.4803114595468409,5439
brightness,4,1,1,True,0.611939677325581,0.5500864284145102,1032
brightness,4,1,9,False,0.37170842967499085,0.31921678437560974,2901
brightness,4,0,5,False,0.36914574640493575,0.3031549526275481,7956
brightness,4,3,2,False,0.448665545210201,0.3846183285681528,4693
brightness,4,2,2,True,0.5581574716576003,0.5058611100817493,970
brightness,4,2,9,False,0.5334018356881572,0.48044897651932916,4157
brightness,4,0,8,False,0.3065935439966053,0.2771866240447076,2207
brightness,4,7,1,False,0.4623090666658109,0.42694033043337,5515
brightness,4,9,3,False,0.4105903997302169,0.3669146761283089,867
rotation,1,4,6,False,0.5676673358553197,0.47034595624297293,5256
rotation,1,2,2,True,0.677852683342605,0.6298927160459401,5236
rotation,1,7,7,True,0.6734954565077752,0.5578781970541391,1180
rotation,1,3,3,True,0.6636550071163105,0.5338143151616892,4903
rotation,1,9,9,True,0.6942007086626919,0.5761429357034197,9677
rotation,1,1,6,False,0.6078530154702086,0.5289176078736534,9901
rotation,1,1,9,False,0.4420198507577223,0.36396145608109187,1130
rotation,1,8,1,False,0.6466026250584498,0.553360079542243,3455
rotation,1,1,1,True,0.797988816795343,0.6526217916207266,1859
rotation,1,3,3,True,0.7704885900227632,0.6916646905913995,2854
rotation,1,6,9,False,0.5606167456620643,0.49992166928364745,2349
rotation,1,8,8,True,0.7956051114131224,0.6659472511567982,9953
rotation,1,2,2,True,0.6895220602140084,0.5547833177806325,1756
rotation,1,2,9,False,0.6664310127584365,0.5633909721597086,5947
rotation,1,0,0,True,0.7356138590209562,0.6532753497447111,7664
rotation,1,4,4,True,0.7329301925245882,0.6595250385890308,9459
rotation,1,2,5,False,0.7293304577985984,0.6302188554432329,239
rotation,1,2,7,False,0.6499410141897332,0.5574208983163115,3805
rotation,1,2,2,True,0.7400352020048178,0.6324584017260602,870
rotation,1,9,1,False,0.6567032149995229,0.5792847461400594,1188
rotation,1,5,5,True,0.8222277691286582,0.7315239770526113,405
rotation,1,5,6,False,0.6014633646027475,0.5233809743835433,2227
rotation,1,4,4,True,0.8061659798312762,0.6927636392490508,3284
rotation,1,5,9,False,0.5859941639178086,0.5287099025084545,9329
rotation,1,3,5,False,0.5646863379803979,0.524870786300228,3838
rotation,1,1,1,True,0.7168224082423224,0.6185666826692314,3147
rotation,1,2,2,True,0.6492020762524615,0.568520204474486,1399
rotation,1,3,3,True,0.7529880062932468,0.6400109013440963,8258
rotation,1,2,2,True,0.7484922237870957,0.6528244675164441,5936
rotation,1,1,1,True,0.999,0.8456191678648112,4436
rotation,1,8,8,True,0.8680959889829323,0.7813188593792586,2771
rotation,1,4,4,True,0.8527441532476249,0.7575552345931383,4121
rotation,1,4,4,True,0.7573816863390026,0.6935149370809203,9464
rotation,1,8,8,True,0.7751788957779994,0.6627019357113815,5934
rotation,1,8,8,True,0.9957254495555463,0.9027739354002227,4699
rotation,1,2,2,True,0.7391256241483074,0.6481480202590751,1323
rotation,1,9,9,True,0.8103939347362874,0.7011589841123521,6308
rotation,1,4,4,True,0.9373043330457186,0.8368706063100282,1660
rotation,1,4,4,True,0.7321047672546721,0.6168786450378125,9318
rotation,1,9,9,True,0.8019832154170733,0.6973557450873595,615
rotation,1,9,9,True,0.7885482300115008,0.6821382561098441,3831
rotation,1,9,9,True,0.7188973777588898,0.6344139780243823,2837
rotation,1,1,6,False,0.537248155003347,0.4627873039714166,1217
rotation,1,0,5,False,0.5247526316288139,0.45025154100770937,5836
rotation,1,3,3,True,0.8520689933880307,0.7316442110608136,8936
rotation,1,2,2,True,0.8243638417301263,0.7098996171203027,2764
rotation,1,6,6,True,0.8618351659391466,0.7491330088559031,8019
rotation,1,1,1,True,0.774463785930791,0.6990542884012645,1666
rotation,1,2,7,False,0.4675200102251665,0.3692621517567898,520
rotation,1,7,7,True,0.8720944199801465,0.7716083955712686,1267
rotation,1,5,5,True,0.6772876466450308,0.5812502728194784,707
rotation,1,7,6,False,0.5737338231928766,0.4990957575289383,6277
rotation,1,8,8,True,0.8365403153861416,0.7043249127562756,3535
rotation,1,9,9,True,0.8558387279962746,0.743386017102622,6744
rotation,1,9,7,False,0.5084212599936883,0.4393305354420771,8167
rotation,1,6,6,True,0.863596466478049,0.7445581056494999,8391
rotation,1,5,9,False,0.4945955992171063,0.44706876425354836,894
rotation,1,6,6,True,0.8913711911581533,0.7853727682368948,4063
rotation,1,7,7,True,0.7841902645415895,0.709961233609439,8194
rotation,1,8,8,True,0.7277013094876486,0.6217004836011322,4944
rotation,1,6,6,True,0.9039895570811779,0.7970381711394328,5166
rotation,1,5,5,True,0.8561494654780567,0.7553970840365538,5466
rotation,1,4,4,True,0.7539766034533215,0.6576354755915096,2920
rotation,1,8,8,True,0.7555781648157768,0.6909501871783366,4179
rotation,1,3,3,True,0.8380701577812705,0.7145940833321507,1025
rotation,1,3,5,False,0.4623761091874168,0.4110383742250669,4669
rotation,1,6,8,False,0.5891681025832815,0.5218918056438508,4294
rotation,1,6,3,False,0.736778073318205,0.6173039283368937,3219
rotation,1,3,1,False,0.66495381033666,0.6055096145067048,4000
rotation,1,0,0,True,0.6282944823846588,0.5469183102920789,7839
rotation,1,7,7,True,0.7174379379954365,0.6335676096200542,1993
rotation,1,0,0,True,0.8102935756932199,0.7353442255400024,2872
rotation,1,1,1,True,0.8742092897067272,0.7623781401678382,8923
rotation,1,1,1,True,0.7795077571704595,0.6783887485493605,9051
rotation,1,7,7,True,0.8478044192205327,0.7369619568336682,9815
rotation,1,7,7,True,0.671474547572916,0.5656547920123851,1779
rotation,1,5,5,True,0.7541124439779263,0.6483840761921909,3752
rotation,1,0,0,True,0.8123884831995334,0.7025014985890836,1303
rotation,1,0,9,False,0.5796867863916872,0.5096977077524222,4078
rotation,1,5,5,True,0.8510093936675944,0.7659307992508838,4067
rotation,1,8,8,True,0.7694502735500279,0.6876154095764626,7337
rotation,1,7,6,False,0.5327249134375712,0.45606357964488825,1516
rotation,1,5,5,True,0.8422902389487499,0.7304772075366298,1273
rotation,1,5,5,True,0.7470086169091803,0.6779728393090264,1798
rotation,1,7,8,False,0.5091731552689788,0.413317569994884,7477
rotation,1,2,0,False,0.4915400645134417,0.42825933587089304,8121
rotation,1,1,1,True,0.7129036038870857,0.5948449737865332,5621
rotation,1,3,3,True,0.9034832022009672,0.8318297081448788,4922
rotation,1,1,8,False,0.567431406612969,0.5127625795636261,9701
rotation,1,2,2,True,0.7661398350622902,0.6562938802787279,4715
rotation,1,8,8,True,0.9201301565085287,0.7963950433386567,779
rotation,1,4,4,True,0.9480670706717442,0.8044217334813135,6152
rotation,1,4,4,True,0.7827002085261653,0.7201223762713485,1696
rotation,1,7,7,True,0.8783178373758415,0.7157056425690047,5219
rotation,1,2,4,False,0.5551812667646745,0.49345305703917747,1435
rotation,1,7,7,True,0.7506768315669144,0.6516518017592416,9715
rotation,1,5,5,True,0.8273765496226363,0.6976948648604233,6732
rotation,1,5,5,True,0.7210731086573241,0.6228863903249743,9830
rotation,1,3,6,False,0.6975099367708503,0.5754689296633172,8937
rotation,1,9,9,True,0.8303413257286432,0.7521865645619914,3367
rotation,1,9,9,True,0.8350519800921092,0.7253065822968104,9262
rotation,1,1,1,True,0.6951620945587912,0.6241888758839161,3577
rotation,1,1,0,False,0.5270231592606893,0.45327782353979806,7156
rotation,1,7,7,True,0.6951110373895708,0.6327361237516701,172
rotation,1,5,5,True,0.7530946233056173,0.6558258280664292,843
rotation,1,7,7,True,0.755082329332667,0.6782784897668249,5559
rotation,1,3,3,True,0.849268912898158,0.7482271837096296,6429
rotation,1,6,1,False,0.3700109178431926,0.3288366696491972,1674
rotation,1,1,8,False,0.5106604159424175,0.4690550231883452,7624
rotation,1,9,9,True,0.9272582594882732,0.8868773680879742,746
rotation,1,6,6,True,0.8295926338541013,0.6975302531258877,5059
rotation,1,6,6,True,0.8616821212241401,0.7450122457953416,9485
rotation,1,1,1,True,0.8386553067045929,0.7019835759491743,2287
rotation,1,8,8,True,0.865283789108884,0.7587854917309573,6723
rotation,1,2,2,True,0.8249237412286696,0.7207006994855112,1299
rotation,1,1,1,True,0.8272101659246366,0.7569816544962444,9978
rotation,1,4,4,True,0.8001858775740703,0.6900255597708276,7013
rotation,1,9,9,True,0.7548717576433931,0.6756780625925132,823
rotation,1,4,4,True,0.8609336877854246,0.7052002495405508,2457
rotation,1,0,1,False,0.48314590220389414,0.4287095789346138,7245
rotation,1,9,9,True,0.7994188084494513,0.6771098132824198,3622
rotation,1,6,6,True,0.8196064810332357,0.7235109834500285,6634
rotation,1,6,6,True,0.8263635944647555,0.7404355143283382,6854
rotation,1,5,1,False,0.5769073451593538,0.4933723685964972,6359
rotation,1,0,3,False,0.589224554788285,0.5266523211619045,4818
rotation,1,6,6,True,0.7083363185778049,0.6099475628706873,4392
rotation,1,1,8,False,0.6328970413254723,0.5539086729397421,3713
rotation,1,2,2,True,0.8523823666010746,0.7477516757501657,8939
rotation,1,5,5,True,0.9339889987356277,0.7888109318843622,9090
rotation,1,5,5,True,0.836215318606242,0.705801481043447,1357
rotation,1,2,2,True,0.8591165084745774,0.7625942826313952,5212
rotation,1,0,2,False,0.35054688617727386,0.29941752187677095,3611
rotation,1,1,1,True,0.8330538094500284,0.7486895099189355,6219
rotation,1,0,0,True,0.7007650089356711,0.5751486418329583,4184
rotation,1,9,9,True,0.8861955266540797,0.7869731071297568,3024
rotation,1,0,0,True,0.7047018480860021,0.6141614280554704,5298
rotation,1,7,6,False,0.5656801201990932,0.4939566966025761,7214
rotation,1,3,3,True,0.8503786117744242,0.740769217739702,6056
rotation,1,3,3,True,0.9243816744649141,0.7718066102598498,9267
rotation,1,0,0,True,0.8746280564173193,0.7808753058641644,3323
rotation,1,0,0,True,0.7616815724927753,0.6538235057380745,3731
rotation,1,9,9,True,0.7108520779069573,0.6025390404940758,2312
rotation,1,7,7,True,0.7557725642618414,0.700697626805006,7831
rotation,1,2,5,False,0.6188299488491091,0.5340278849274949,3114
rotation,1,5,9,False,0.7251705659423847,0.6141221999135571,9838
rotation,1,8,8,True,0.7076901537854434,0.6327949062639138,3128
rotation,1,3,4,False,0.27735945646299554,0.2560250890077909,7928
rotation,1,9,0,False,0.6651390179310237,0.6005666119254288,6421
rotation,1,5,4,False,0.476568987834876,0.42175193919198806,1056
rotation,1,4,4,True,0.6571617087713817,0.592690144912107,4330
rotation,1,8,8,True,0.7253096968561066,0.6725624056254966,9154
rotation,1,4,4,True,0.8100678144467344,0.6884004951195968,5174
rotation,1,0,7,False,0.534994128491333,0.4605674560894581,539
rotation,1,1,0,False,0.49983024563444367,0.40780333061388524,4013
rotation,1,7,7,True,0.7215045349524486,0.6358785744366264,3522
rotation,1,6,4,False,0.6343116528114265,0.5566674703245338,9043
rotation,1,8,8,True,0.9520921542463794,0.8495334621979453,5799
rotation,1,1,1,True,0.6758408503663569,0.588892491644126,3652
rotation,1,5,1,False,0.704031907050671,0.6117428846198972,7373
rotation,1,3,3,True,0.6949448405963476,0.609617788365924,8077
rotation,1,9,9,True,0.8053765693508615,0.6948867676746934,7189
rotation,1,7,7,True,0.7681572640172187,0.675294411754466,9747
rotation,1,2,8,False,0.5769689473304538,0.5099526463735192,6747
rotation,1,7,7,True,0.733465937195168,0.6492249704283192,1372
rotation,1,7,7,True,0.7970460555407691,0.6879317321334124,2913
rotation,1,3,3,True,0.7967809304460757,0.7032653404632907,7158
rotation,1,4,4,True,0.9159822869932639,0.8059271787792192,5142
rotation,1,2,2,True,0.9323205891170838,0.8009454942577705,1431
rotation,1,3,3,True,0.7779243732905717,0.6746022957391341,9483
rotation,1,1,1,True,0.8583947517195565,0.7411172662662447,5671
rotation,1,6,6,True,0.8029894422988304,0.6730007168983729,5592
rotation,1,5,8,False,0.45693352554819555,0.3936774690419326,8838
rotation,1,6,6,True,0.8207887041557738,0.7278830421375996,4819
rotation,1,9,9,True,0.8488741288793471,0.7534664081527738,215
rotation,1,3,3,True,0.858245759048903,0.7512799303325012,3237
rotation,1,1,8,False,0.6032749791471596,0.5075190780707518,429
rotation,1,3,3,True,0.8009422529705886,0.7153758626037506,1022
rotation,1,3,3,True,0.8734256269940458,0.7944518657405575,1996
rotation,1,4,4,True,0.7792281868874672,0.6892116071940079,9402
rotation,1,8,8,True,0.7439121988114343,0.6472698727559066,1162
rotation,1,9,9,True,0.6656639982025789,0.5635358251813996,1869
rotation,1,6,6,True,0.8240240332370837,0.7151413955734681,4156
rotation,1,7,6,False,0.637971609605476,0.5473788314273482,648
rotation,1,2,5,False,0.45915760860149113,0.40130224684917243,8196
rotation,1,3,2,False,0.6091685223328206,0.5585772085636432,7975
rotation,1,8,8,True,0.8500806251088349,0.7552311717413216,4389
rotation,1,3,8,False,0.6609537382659589,0.5699519394375893,7681
rotation,1,3,3,True,0.7944199500323296,0.6920139163301992,2507
rotation,1,8,6,False,0.5345657757207783,0.4692839108294063,7507
rotation,1,8,8,True,0.7813499212964815,0.6704810202767407,5180
rotation,1,7,7,True,0.8207441781821087,0.6857627699440145,4607
rotation,1,7,7,True,0.7035271250415425,0.6295585926955541,821
rotation,1,6,6,True,0.8181238837961956,0.734043374838787,4964
rotation,1,5,5,True,0.6828927725349484,0.5833104200397055,912
rotation,1,7,1,False,0.531357364572145,0.45359141816880516,3076
rotation,1,0,0,True,0.7497253589991555,0.6704221752968629,122
rotation,1,0,7,False,0.3989707954549443,0.34080642942521866,9857
rotation,1,8,8,True,0.7941984540827295,0.6623351899264923,9018
rotation,1,0,0,True,0.7268586034547447,0.623949355832954,6270
rotation,1,6,6,True,0.8601986438092714,0.7732888338397078,133
rotation,1,3,3,True,0.8155000550433168,0.6977072561543923,8358
rotation,1,7,7,True,0.8736044248293762,0.7445975834285549,5824
rotation,1,4,4,True,0.7187407891475168,0.6165101273069633,3101
rotation,1,3,9,False,0.6177349972644782,0.517058302150562,6065
rotation,1,7,7,True,0.9165536276005491,0.7677195095363395,3026
rotation,1,9,9,True,0.862930434594861,0.7432440906692217,2136
rotation,1,7,7,True,0.8290296221847292,0.6916198864809842,2746
rotation,1,2,5,False,0.5179333322505985,0.4472748151611655,4302
rotation,1,8,8,True,0.8164533070410016,0.7142548991602058,8904
rotation,1,9,9,True,0.6801472583572257,0.600661014560586,3806
rotation,1,2,3,False,0.3987718049377186,0.3511428385956079,9022
rotation,1,6,6,True,0.7816773202208909,0.6554592632182734,9829
rotation,1,7,5,False,0.5426819389519629,0.4680529995207,9054
rotation,1,6,3,False,0.6711407882917696,0.5923745672118745,9680
rotation,1,9,9,True,0.8300281524990653,0.7329375081600433,7029
rotation,1,2,2,True,0.932587851792877,0.8022400554190985,2787
rotation,1,2,7,False,0.49112848352324245,0.41838128194839863,2309
rotation,1,8,8,True,0.6782630156475109,0.5931853749703798,3628
rotation,1,0,0,True,0.894558094442953,0.768299842719188,3396
rotation,1,0,0,True,0.7539477185095991,0.6354868415819614,9288
rotation,1,8,3,False,0.4067533964329598,0.3668797882744085,5043
rotation,1,8,8,True,0.9106469053377098,0.7894187005009147,9082
rotation,1,1,7,False,0.4162160868487044,0.3466324947125246,6364
rotation,1,8,8,True,0.8758717057492365,0.7468661429927096,8566
rotation,1,7,7,True,0.8246708009591122,0.7121763220354379,8070
rotation,1,9,0,False,0.4793218545955513,0.39194308772362546,3595
rotation,1,3,3,True,0.940807912815088,0.8001483034848039,2680
rotation,1,3,5,False,0.5029834987449335,0.4551720001063123,7487
rotation,1,3,3,True,0.75917760261312,0.650503210181554,7776
rotation,1,6,6,True,0.8253531380644663,0.7005810189901595,5750
rotation,1,9,9,True,0.8819065683159624,0.7862748623435509,324
rotation,1,9,8,False,0.6119109314996826,0.5421146816041851,323
rotation,1,3,4,False,0.3882631829282761,0.35893121577058273,7323
rotation,1,0,1,False,0.6148143842419413,0.5218865291679895,4617
rotation,1,4,4,True,0.8451470217578729,0.7276868124575311,5525
rotation,1,4,3,False,0.46972185848884707,0.4140476699797575,5275
rotation,1,0,0,True,0.7240451387428937,0.6349746242756313,8098
rotation,1,9,7,False,0.5513307110015273,0.5293465045720693,1469
rotation,1,1,7,False,0.2776115181313525,0.252652363681753,5211
rotation,1,5,5,True,0.915581720138155,0.8149208084546732,4152
rotation,1,3,3,True,0.685366334333888,0.643327457677889,3315
rotation,1,7,6,False,0.40939242998475334,0.3973058295824603,9831
rotation,1,6,6,True,0.7945567863783369,0.693521409362849,9903
rotation,1,9,6,False,0.6753614323857077,0.6120094632229943,1225
rotation,1,0,0,True,0.8546070213456122,0.7439669549553566,5595
rotation,1,2,2,True,0.7720926621416452,0.6704995383698341,4711
rotation,1,3,3,True,0.802959381114465,0.7143364724865674,5027
rotation,1,8,8,True,0.8471035966231654,0.7527101688620935,6101
rotation,1,3,3,True,0.8498147145821594,0.7474850034016682,6345
rotation,1,5,6,False,0.4835361310537511,0.42265507332731217,9069
rotation,1,7,7,True,0.9065218603572732,0.775885008428599,545
rotation,1,9,9,True,0.8897654288224152,0.7471647635062207,1394
rotation,1,2,2,True,0.728863704861637,0.6377802929268201,9957
rotation,1,6,6,True,0.7337693246849659,0.6434345304094177,1103
rotation,1,8,8,True,0.7107401438540154,0.6357375414731841,6245
rotation,1,2,3,False,0.4433376387261432,0.3626533621490189,8259
rotation,1,9,7,False,0.6880842869276039,0.6019542352685406,4847
rotation,1,3,3,True,0.83765466986053,0.7229565009908843,4158
rotation,1,2,2,True,0.8492032563190641,0.7356726884875406,1346
rotation,1,7,7,True,0.809715611719805,0.7281631262886022,7926
rotation,1,3,7,False,0.5612619309479207,0.5177052373489269,8385
rotation,1,4,4,True,0.7407442585579697,0.6649456764224257,6580
rotation,1,7,1,False,0.40771993921711447,0.36343707085226507,1124
rotation,1,2,5,False,0.5821547363903758,0.5060434102231418,6906
rotation,1,2,0,False,0.6379351493696865,0.5813248928440877,9367
rotation,1,7,5,False,0.5318915861547696,0.501312705747906,2004
rotation,1,8,8,True,0.9108488313777542,0.8211977164986674,2563
rotation,1,1,1,True,0.7766367873105522,0.6849248339531907,8407
rotation,1,9,9,True,0.8695489310776813,0.7549157414764132,6334
rotation,1,0,0,True,0.6818116849950265,0.6083736889642546,356
rotation,1,6,2,False,0.48517880825695364,0.44250530018966,5893
rotation,1,4,4,True,0.8350726342142759,0.7168096558888735,6534
rotation,1,1,1,True,0.8564117728726701,0.7391036366090783,8548
rotation,1,7,7,True,0.6402631296205403,0.620171731526887,6852
rotation,1,0,0,True,0.8303870032331452,0.7128205739016937,1800
rotation,1,2,2,True,0.9410460193503447,0.8319276202922619,4131
rotation,1,4,4,True,0.8172710277076699,0.6993924912108126,9122
rotation,1,6,6,True,0.7864239063890401,0.6809732776992033,4493
rotation,1,2,2,True,0.7733479270926878,0.653907727307795,5092
rotation,1,0,0,True,0.7361880922980616,0.622370689305028,9779
rotation,1,7,7,True,0.8010694126766591,0.7082575241335535,1885
rotation,1,0,0,True,0.6965952824622094,0.6170718489625653,4021
rotation,1,4,9,False,0.5283120308953819,0.5008731405668291,50
rotation,1,6,6,True,0.8827669685208458,0.7658724209631971,8542
rotation,1,6,6,True,0.7596104434628391,0.6637791734289794,4183
rotation,1,1,7,False,0.39830025589806045,0.35269762838711194,4734
rotation,1,6,6,True,0.7888875052806968,0.6661001436727828,1701
rotation,1,0,4,False,0.5999394838240142,0.5367350811710213,2443
rotation,1,0,4,False,0.5825158189979907,0.5067548246742093,7745
rotation,1,2,2,True,0.8271716143197712,0.6893840901334454,5840
rotation,1,7,7,True,0.8628319041831553,0.7705534481703767,2193
rotation,1,2,2,True,0.8357430424899133,0.7138918371561049,5287
rotation,1,8,8,True,0.863060159291452,0.755213004373667,1382
rotation,1,1,1,True,0.8193035992180996,0.7187303604592521,646
rotation,1,4,6,False,0.5324543462910379,0.47179007755955604,3185
rotation,1,4,4,True,0.8493368970768927,0.716849670433961,8799
rotation,1,5,5,True,0.788210194068864,0.7129022667185967,714
rotation,1,3,3,True,0.8299920668913392,0.7059198523761864,2479
rotation,1,1,6,False,0.3808055732465342,0.28956104126111715,6275
rotation,1,7,7,True,0.6489891617762545,0.5836114776590262,5460
rotation,1,6,6,True,0.801353911966044,0.7124666740570944,4813
rotation,1,6,6,True,0.7300483859482527,0.6116444386100601,2758
rotation,1,9,9,True,0.9483616140452098,0.8209949926282756,2500
rotation,1,8,2,False,0.5196688995679969,0.47831922996854065,6215
rotation,1,7,7,True,0.8549138357128296,0.7699154654949575,904
rotation,1,4,4,True,0.7368203324958693,0.6535469394575504,2534
rotation,1,0,3,False,0.6052688095520521,0.5460163861530606,8486
rotation,1,2,6,False,0.5792557937266262,0.5217047225506454,6393
rotation,1,3,0,False,0.5202223362760147,0.4544456233399198,5500
rotation,1,2,2,True,0.8163857827879768,0.6871483527618497,9658
rotation,1,9,9,True,0.7617461900429667,0.6572602360447345,7302
rotation,1,0,8,False,0.5848604228630647,0.5346162822504532,69
rotation,1,6,6,True,0.8933187861465512,0.7966170648082022,1204
rotation,1,4,4,True,0.6659468266190579,0.5851234271812483,77
rotation,1,3,3,True,0.8774194443333083,0.7541379291838919,7244
rotation,1,7,5,False,0.5335021071277603,0.5031708106667788,891
rotation,1,6,6,True,0.7633550681549452,0.6663320134630789,3118
rotation,1,8,8,True,0.6778502225097908,0.6039202275996869,5271
rotation,1,1,1,True,0.6802404740577649,0.5690736826386447,6788
rotation,1,2,2,True,0.634384493704025,0.5531059814275324,6259
rotation,1,9,7,False,0.5058958755150262,0.4667356179966366,4050
rotation,1,8,8,True,0.7948983558118905,0.6632746717509338,6024
rotation,1,3,2,False,0.6343246506034339,0.5534022264191727,393
rotation,1,4,4,True,0.646748818906513,0.5729150782833418,7426
rotation,1,1,5,False,0.7162022221548212,0.6523418293015216,8538
rotation,1,0,9,False,0.5838345047264802,0.5307795285766219,6136
rotation,1,0,0,True,0.8531222427981099,0.7740169446140258,1201
rotation,1,0,0,True,0.8098230399832157,0.7199861252513581,7140
rotation,1,0,4,False,0.6065485429575017,0.5483587140558974,589
rotation,1,3,3,True,0.7869505598872688,0.6648013411351875,6230
rotation,1,6,6,True,0.815234554179148,0.6882668090906359,4730
rotation,1,6,4,False,0.47440805697348537,0.4518590858673172,6950
rotation,1,6,5,False,0.4158794327202816,0.35942797739793375,7973
rotation,1,6,6,True,0.7768608244254678,0.6644947850052696,8488
rotation,1,6,6,True,0.8570805032515706,0.6973668034146293,6778
rotation,1,3,1,False,0.4086396984377427,0.38354834438504043,8726
rotation,1,3,3,True,0.8186051523912203,0.6884338925003399,7259
rotation,1,4,8,False,0.7528482996336079,0.6385152207689307,9640
rotation,1,7,7,True,0.8265989511702975,0.7394953915156145,2675
rotation,1,5,5,True,0.8161403401741725,0.6645438019707832,7159
rotation,1,8,8,True,0.9101760423576386,0.815824296634893,9081
rotation,1,3,3,True,0.7327975797747864,0.6212930930502779,6746
rotation,1,6,6,True,0.9042425282791603,0.7806680060673784,5272
rotation,1,6,6,True,0.7120843462757129,0.6047547606774395,7856
rotation,1,6,6,True,0.7687182402217937,0.6418120486168688,496
rotation,1,1,5,False,0.7232638280111048,0.6145966869763954,508
rotation,1,1,1,True,0.810099344554196,0.6870386641831016,4492
rotation,1,6,6,True,0.8960486107408911,0.7520218298105744,5940
rotation,1,8,8,True,0.7149753480298109,0.653578863854601,3817
rotation,1,4,4,True,0.7673747791325198,0.647877906084429,5250
rotation,1,0,0,True,0.7722679733444937,0.633686799551028,1355
rotation,1,8,8,True,0.7727929462820488,0.6305851829913398,4709
rotation,1,8,4,False,0.43127122488171454,0.3902935401788955,3914
rotation,1,8,8,True,0.793000366754133,0.6543690965422622,2852
rotation,1,4,4,True,0.9156006890981044,0.7896969529117076,1572
rotation,1,6,5,False,0.4018427547972227,0.3959576565622178,8926
rotation,1,0,0,True,0.8084174729799823,0.7057931283324548,2436
rotation,1,0,2,False,0.43649642500792557,0.3925037129368149,8643
rotation,1,0,0,True,0.7583481152307188,0.6490027456478407,6636
rotation,1,4,4,True,0.812261139866511,0.7051542478246999,2690
rotation,1,9,9,True,0.759532816941971,0.6562870538253591,6611
rotation,1,0,0,True,0.8234104445321049,0.7210733064331477,6188
rotation,1,5,8,False,0.5062973301443564,0.4784956345862563,481
rotation,1,7,7,True,0.6775390807419328,0.5823674571790072,7121
rotation,1,4,4,True,0.6460756741445924,0.5484062319897294,4402
rotation,1,0,0,True,0.6189638505606351,0.5396086336385248,4584
rotation,1,9,3,False,0.5241131143197292,0.4796990424792791,4570
rotation,1,8,8,True,0.8564546305545643,0.7362181612434497,5676
rotation,1,4,4,True,0.7315949603257309,0.6421865908652474,3233
rotation,1,8,8,True,0.7702475254734535,0.6799375285255177,8517
rotation,1,8,8,True,0.737693387950858,0.6850915224165153,1182
rotation,1,6,6,True,0.7232021133775073,0.6481722246237827,1428
rotation,1,8,6,False,0.41209355564249056,0.34782510618684964,3022
rotation,1,6,6,True,0.7261546436517119,0.5884072010227224,5777
rotation,1,7,7,True,0.68182158857889,0.5975559339040208,7152
rotation,1,1,1,True,0.7184041780205872,0.6115406056974204,1181
rotation,1,0,0,True,0.7959806169702731,0.6818677949710333,9777
rotation,1,1,1,True,0.7441225109716112,0.627584273923776,8544
rotation,1,9,2,False,0.4690294935194439,0.4035698031111579,8412
rotation,1,4,4,True,0.7315764894702756,0.6263355163205604,9446
rotation,1,6,6,True,0.7429621514874759,0.6442038801924741,7742
rotation,1,5,0,False,0.38405294235679077,0.32798978309601934,3954
rotation,1,4,4,True,0.7826879512342054,0.6659423605738899,2615
rotation,1,7,0,False,0.4969258170795254,0.44798730156332756,9016
rotation,1,7,7,True,0.8555349763390802,0.7421537053888937,3277
rotation,1,9,6,False,0.5786454314523148,0.5069380524799032,5033
rotation,1,0,0,True,0.6849982305456198,0.5962607326183417,7707
rotation,1,3,3,True,0.7068114505631036,0.5978888380394035,5293
rotation,1,1,1,True,0.7165095710682438,0.6527692749706362,9050
rotation,1,5,5,True,0.7897326220064237,0.7269190420408276,6137
rotation,1,6,6,True,0.7038290743642508,0.638024863576582,1274
rotation,1,1,1,True,0.734874960094486,0.604359336196133,8929
rotation,1,6,9,False,0.6801477322792296,0.5798929869387914,2425
rotation,1,0,0,True,0.875606361241693,0.7734253370819557,6281
rotation,1,5,5,True,0.8454416685395887,0.7186232230477841,1604
rotation,1,9,9,True,0.8156416267495264,0.6942741937993587,977
rotation,1,6,6,True,0.7369911588514924,0.6140159080016454,834
rotation,1,7,7,True,0.791701297166582,0.680699845593125,1719
rotation,1,9,0,False,0.501108955737421,0.4245115009547095,9271
rotation,1,5,0,False,0.3476558810021093,0.26268764568120817,4258
rotation,1,1,2,False,0.5882494967264069,0.5380409878034249,6988
rotation,1,5,5,True,0.8660522235067403,0.7594782624166311,4881
rotation,1,3,6,False,0.4994682194294849,0.412835493927476,812
rotation,1,9,9,True,0.8406992225531826,0.746952883019945,1171
rotation,1,2,1,False,0.4857757216014066,0.43044718364206636,3832
rotation,1,5,3,False,0.6817692081550936,0.6176888360648353,4230
rotation,1,9,9,True,0.8881375887128763,0.78460227081638,9339
rotation,1,7,7,True,0.9143061678621656,0.7766537975942585,4352
rotation,1,1,1,True,0.8375762397682688,0.7403177037614084,7413
rotation,1,8,4,False,0.5326926530830971,0.48201318139003607,994
rotation,1,3,3,True,0.9010196053622073,0.8019774752082931,1923
rotation,1,7,7,True,0.7208345213729442,0.6476580521828004,7155
rotation,1,9,9,True,0.9056668494931033,0.8263827448980624,3928
rotation,1,9,4,False,0.5177415060869252,0.4741322789889018,6882
rotation,1,6,6,True,0.8010410611575545,0.6801944888981832,7135
rotation,1,7,5,False,0.5602264457695211,0.49473847829069423,6532
rotation,1,0,1,False,0.5543100990075956,0.4651825074947873,1560
rotation,1,9,9,True,0.9077263142995671,0.8107551550598708,7925
rotation,1,9,9,True,0.8223207067418946,0.6968469839870047,5168
rotation,1,2,2,True,0.7604659744146177,0.706019068354717,1366
rotation,1,0,0,True,0.818000360959032,0.7044518696641899,4849
rotation,1,9,9,True,0.7630666739006664,0.6627280470615541,6106
rotation,1,5,9,False,0.7804411994721561,0.6690812842725523,4057
rotation,1,1,1,True,0.7757529082197545,0.6600517132158472,7420
rotation,1,2,2,True,0.677442937617301,0.5802195772465324,2952
rotation,1,6,0,False,0.5713618990999949,0.5052911046702803,940
rotation,1,6,6,True,0.9168719367112022,0.7946940848194055,4412
rotation,1,6,6,True,0.738692611889443,0.6343490569037825,7167
rotation,1,2,2,True,0.8532740281998891,0.7464127302105837,6889
rotation,1,7,7,True,0.7388072514287859,0.6321294413593035,2791
rotation,1,8,8,True,0.7883661706482105,0.685011519684807,8307
rotation,1,0,0,True,0.7197632053301749,0.6621149714187082,1281
rotation,1,5,5,True,0.8395458738250909,0.7171524151816739,8493
rotation,1,6,6,True,0.8977179706443267,0.7719926336388869,4423
rotation,1,3,4,False,0.6047687249429793,0.5059568197993122,8975
rotation,1,6,6,True,0.8328430944666039,0.7161497823031004,2883
rotation,1,8,9,False,0.5367319130644591,0.4787137306792809,184
rotation,1,8,2,False,0.3574871891652742,0.30829203392284915,5762
rotation,1,7,7,True,0.894590725551288,0.7527182516797518,1421
rotation,1,7,7,True,0.7485856502828805,0.658527637296611,1772
rotation,1,4,6,False,0.3682135298658932,0.33732712054667097,2841
rotation,1,0,0,True,0.7162885750141782,0.6361249163912301,8410
rotation,1,4,4,True,0.8392591672445766,0.7035881280438163,7054
rotation,1,7,7,True,0.7590449444791809,0.6875989884599282,4319
rotation,1,4,4,True,0.7974246376476704,0.6830534219859691,3168
rotation,1,9,9,True,0.7709163050951108,0.6501248655330454,5628
rotation,1,5,4,False,0.66198725923017,0.5981799776371177,9938
rotation,1,0,0,True,0.8774681895282018,0.7875534393811133,7694
rotation,1,8,8,True,0.9120428454434212,0.7839297562544207,7623
rotation,1,4,4,True,0.7124533094058746,0.6039309104893898,9247
rotation,1,0,0,True,0.8645622350858838,0.7587240124060887,305
rotation,1,6,6,True,0.8057373787166581,0.6732275883250288,4774
rotation,1,3,5,False,0.4698198818735135,0.4653784495326232,9489
rotation,1,7,7,True,0.8295394250327723,0.6994660208968877,3153
rotation,1,7,7,True,0.9378781987746214,0.8193196777543267,7267
rotation,1,9,9,True,0.73095410479867,0.6330962100841165,2337
rotation,1,9,9,True,0.7717029711866469,0.6525524982416391,1176
rotation,1,7,7,True,0.661527144744728,0.5585821537178115,8320
rotation,1,1,2,False,0.5734179072766761,0.5249598196148103,6192
rotation,1,8,8,True,0.8028150957928006,0.7047380035925825,4810
rotation,1,0,8,False,0.5110904694945836,0.4355046654908122,7435
rotation,1,4,8,False,0.6299315638892801,0.539243230580635,4915
rotation,1,8,8,True,0.867113729451261,0.7357736708987874,212
rotation,1,9,9,True,0.8140537545222313,0.7245664905107808,1742
rotation,1,9,9,True,0.9687264777858994,0.8568638596228761,7343
rotation,1,1,1,True,0.8040177357693457,0.7089618928492946,1527
rotation,1,7,7,True,0.7858851880106626,0.6880774469240428,1568
rotation,1,0,4,False,0.5152589630325851,0.46550290079667567,9477
rotation,1,5,5,True,0.8291108925195925,0.6867649754047513,9884
rotation,1,3,6,False,0.886032559050513,0.7736306302537409,5919
rotation,1,2,2,True,0.834900255670983,0.746034178355751,7247
rotation,1,7,7,True,0.6719625800316137,0.5907880731040166,2838
rotation,1,9,9,True,0.8317703283386985,0.7230640751470009,7851
rotation,1,3,3,True,0.8299091549147402,0.7077028758756057,4795
rotation,1,7,8,False,0.4385994523655234,0.37642140019616044,7593
rotation,1,7,7,True,0.8131662870891124,0.6957255085215313,9582
rotation,1,6,3,False,0.4276250578915052,0.38294159843446546,347
rotation,1,3,8,False,0.5683528435712282,0.4883981897472177,5360
rotation,1,8,8,True,0.844780789809832,0.6965956662480715,2659
rotation,1,7,7,True,0.8667602400991558,0.7677010781813849,791
rotation,1,8,2,False,0.5327337547460085,0.4782679992487585,6296
rotation,1,2,2,True,0.7191011335464452,0.6333412617147184,4778
rotation,1,0,0,True,0.6727695594889314,0.5681171865280865,4653
rotation,1,6,6,True,0.8652956586856333,0.7406559174915184,8179
rotation,1,0,2,False,0.5824552007394289,0.5204667073388265,9437
rotation,1,1,3,False,0.544021669585116,0.477947088402832,8347
rotation,1,2,9,False,0.595216183247368,0.5069749491502163,2583
rotation,1,1,1,True,0.6614218521787651,0.6032013788836392,3601
rotation,1,9,0,False,0.7610686323223086,0.6449661100342524,4274
rotation,1,8,8,True,0.7450265616868146,0.5885715634028929,4539
rotation,1,5,5,True,0.8559944904564312,0.744341616415627,3419
rotation,1,6,5,False,0.7616778034497396,0.6650241914120752,7235
rotation,1,6,6,True,0.7623467002852343,0.6641541972653945,9219
rotation,1,8,3,False,0.5639520622225418,0.5023953822623852,4097
rotation,1,3,3,True,0.7362065665535275,0.6296359713246324,7731
rotation,1,7,9,False,0.6333756420797747,0.573891535090968,9455
rotation,1,4,4,True,0.8184028500903116,0.6833188301505846,6367
rotation,1,5,5,True,0.8661618165722531,0.750809235112739,6122
rotation,1,3,1,False,0.3640873505651464,0.3119581550769068,4649
rotation,1,7,7,True,0.8497429705399417,0.7574165325849636,9439
rotation,1,9,9,True,0.7952925218499057,0.6751085486953163,9802
rotation,1,9,9,True,0.8406244292546232,0.7309495980937338,4613
rotation,1,4,7,False,0.36680445053456623,0.3284865068556726,2514
rotation,1,0,3,False,0.628386187616669,0.5530446429613946,6680
rotation,1,8,8,True,0.8101759485025986,0.6890517243634726,1526
rotation,1,0,0,True,0.8268724971985894,0.7251552765590883,3008
rotation,1,1,1,True,0.8529186695963585,0.7405531015655349,9041
rotation,1,8,8,True,0.9104118715783555,0.7957180827223654,241
rotation,1,3,3,True,0.7392489906840577,0.674849896617705,5156
rotation,1,5,2,False,0.4363266531151457,0.3881983878666431,7865
rotation,1,1,1,True,0.8929325082290887,0.7540910675174157,4292
rotation,1,2,2,True,0.6870918652206133,0.6382486191958978,7637
rotation,1,2,2,True,0.8726867582058764,0.7763657852086289,2608
rotation,1,2,4,False,0.5736504979460655,0.5156834978151738,2684
rotation,1,6,6,True,0.7396286675265467,0.6400314311588273,5153
rotation,1,6,6,True,0.7836741106043782,0.6959169483859549,68
rotation,1,1,1,True,0.6738898629205865,0.5466586835745944,5424
rotation,1,9,9,True,0.7123982623148944,0.6514634415722382,7581
rotation,1,5,1,False,0.5565446453956843,0.5059895114343821,2069
rotation,1,7,7,True,0.8435375526298551,0.7284656188588531,7735
rotation,1,0,0,True,0.78907253538188,0.7031304011290528,1192
rotation,1,3,3,True,0.7911539332230267,0.6998575353124342,4310
rotation,1,9,2,False,0.40407903572159015,0.3382797314479557,902
rotation,1,8,8,True,0.7885857571781523,0.6888763361616791,3927
rotation,1,0,8,False,0.5857532085670167,0.5203906941453741,9603
rotation,1,6,6,True,0.866508880779474,0.7488555868504386,424
rotation,1,7,7,True,0.6489471899536666,0.5622203355990072,4534
rotation,1,1,1,True,0.6745892745919846,0.6064259069958648,7144
rotation,1,8,8,True,0.8986581425408118,0.7823793317952414,2580
rotation,1,1,1,True,0.8113661731563945,0.742217758180002,8522
rotation,1,9,9,True,0.6280266645441652,0.5357586378061341,7904
rotation,1,0,0,True,0.8155530749551313,0.7164092421272273,9766
rotation,1,6,1,False,0.5111619376066651,0.431078411360973,2775
rotation,1,2,8,False,0.6160420666368719,0.5521855123463985,2810
rotation,1,6,1,False,0.49325753055248917,0.41198173410394157,7181
rotation,1,7,7,True,0.9577802731249732,0.8348773289198615,9333
rotation,1,5,5,True,0.7660817707843074,0.6897820327367871,8099
rotation,1,7,7,True,0.6926410554601553,0.604784421685614,2105
rotation,1,7,9,False,0.5758344001968305,0.48464595007357947,3211
rotation,1,3,3,True,0.7485855358521724,0.670199304049843,9321
rotation,1,8,8,True,0.8208434141180871,0.7199208915882856,3131
rotation,1,0,3,False,0.6549968435549235,0.5700428768406789,4368
rotation,1,5,5,True,0.7895721846573999,0.6667809935897134,8682
rotation,1,7,7,True,0.7088446353973579,0.5853106282147403,5938
rotation,1,7,7,True,0.7489624204563713,0.696650021417127,1898
rotation,1,3,3,True,0.900638992324474,0.7690794064864315,6239
rotation,1,9,7,False,0.5076904867121822,0.42667805289195937,3099
rotation,1,9,9,True,0.848381212079977,0.742417267386241,3962
rotation,1,1,1,True,0.8409159186212378,0.7094165735033994,7908
rotation,1,0,0,True,0.768843829316522,0.6784801980358603,784
rotation,1,5,5,True,0.7861202970270248,0.7102234798893737,3019
rotation,1,1,1,True,0.6641939824224607,0.5584074479816284,211
rotation,1,0,0,True,0.6912908966176258,0.596622292340261,2954
rotation,1,8,8,True,0.8001374126173632,0.703733687502663,845
rotation,1,4,4,True,0.7004153738900556,0.5859905135560856,6502
rotation,1,8,3,False,0.717901873016185,0.6069989833404957,7583
rotation,1,7,7,True,0.7860240868967979,0.6807853638648388,9118
rotation,1,6,8,False,0.558395838076427,0.5288514139295053,8079
rotation,1,3,3,True,0.7414515786018193,0.628177939937889,6422
rotation,1,7,7,True,0.8260615102660512,0.7114963116641075,9239
rotation,1,1,1,True,0.8442256056647026,0.7821832951427166,62
rotation,1,3,3,True,0.719580189581131,0.6425461670950271,797
rotation,1,8,8,True,0.7480495503757204,0.6169569285495679,1855
rotation,1,6,6,True,0.7749423520162927,0.6690302594103089,2297
rotation,1,2,2,True,0.8156783738335109,0.7200259225202322,4870
rotation,1,8,8,True,0.8146625499154622,0.7363967409675968,7573
rotation,1,5,5,True,0.7818222595155854,0.7074062287833348,1512
rotation,1,7,8,False,0.48121555635377633,0.4352347051032792,6516
rotation,1,1,1,True,0.7791386953750239,0.691606339040735,9336
rotation,1,1,2,False,0.5036648153659273,0.4171344028439479,7418
rotation,1,9,9,True,0.8969759814233379,0.763578385930708,6420
rotation,1,9,9,True,0.8683966484221746,0.7271914372871298,8724
rotation,1,3,1,False,0.5276341354103137,0.4840990529661324,9324
rotation,1,9,8,False,0.37113746203574677,0.3379992778491432,627
rotation,1,8,8,True,0.8940457709055099,0.777065111036167,2097
rotation,1,2,2,True,0.7656613265508719,0.6966828846962202,4521
rotation,1,3,3,True,0.851730864922359,0.7497346577442413,2253
rotation,1,5,5,True,0.8788442091001389,0.784779828811,9340
rotation,1,3,3,True,0.8114554213228063,0.719863906492696,7006
rotation,1,2,7,False,0.4532697910837942,0.4173564341055086,850
rotation,1,2,2,True,0.8419886499097844,0.7098373183474916,3433
rotation,1,6,2,False,0.556309233017129,0.5073475515740178,7209
rotation,1,4,9,False,0.5382319075858505,0.48195996910300887,5145
rotation,1,9,9,True,0.7862204124692934,0.6751093684333557,6801
rotation,1,8,8,True,0.7448434834532361,0.6618065201674785,5872
rotation,1,0,0,True,0.7009210719841588,0.6364997886726413,5159
rotation,1,6,9,False,0.8094974082171509,0.7011092270512911,4651
rotation,1,6,6,True,0.7786002731125519,0.6618189191719912,9276
rotation,1,0,0,True,0.8542646430138289,0.7270564890722868,7779
rotation,1,7,4,False,0.34929234934170256,0.28399369828932297,4726
rotation,1,5,5,True,0.8035228848960958,0.6946222477237525,5267
rotation,1,8,1,False,0.4034745131139513,0.3697576248998961,600
rotation,1,4,1,False,0.5675445632915361,0.5320871704418224,2703
rotation,1,4,4,True,0.7169972714793948,0.608332076005617,4228
rotation,1,6,7,False,0.4988036460636236,0.4461679520260818,5030
rotation,1,7,3,False,0.4467863161415179,0.3952213485808878,3063
rotation,1,7,7,True,0.8114218488449291,0.7045365342680465,5596
rotation,1,4,0,False,0.6110691892648601,0.5038127979218536,9929
rotation,1,5,5,True,0.7414424583091318,0.6250091588286572,9641
rotation,1,9,1,False,0.5539730180065329,0.5221698845712354,4484
rotation,1,8,6,False,0.4546290512244267,0.4216200303114093,3001
rotation,1,3,5,False,0.6460566873380671,0.5698053877937992,8738
rotation,1,6,3,False,0.5522951966819364,0.49368809371548955,907
rotation,1,1,6,False,0.6927691424343988,0.6187225725685281,6919
rotation,1,3,3,True,0.82299400950765,0.7055802142198824,3779
rotation,1,5,5,True,0.8862192856847906,0.760144252605892,3053
rotation,1,3,3,True,0.7742392134375925,0.6607862838171783,6140
rotation,1,9,9,True,0.8723606622277225,0.7598843742233141,1753
rotation,1,8,5,False,0.48336735050519425,0.40285018505367914,4386
rotation,1,0,0,True,0.7819081316431729,0.6663417551376806,7328
rotation,1,2,2,True,0.9327136032686657,0.8179277076000429,8030
rotation,1,1,1,True,0.77577220603068,0.6673477011273745,8001
rotation,1,1,5,False,0.4568717145947664,0.3683293566765856,3398
rotation,1,5,5,True,0.7323953207248226,0.6299516533434079,3639
rotation,1,7,3,False,0.42307247803949427,0.38552142601668343,7464
rotation,1,7,7,True,0.7213447624341538,0.63046318226924,9561
rotation,1,4,4,True,0.7953176953925741,0.6572247141813852,2979
rotation,1,4,4,True,0.8091569904662536,0.7234294125346409,1933
rotation,1,2,9,False,0.4048688053235285,0.3542088669155531,4180
rotation,1,8,8,True,0.7436670491872469,0.6538980452622297,7800
rotation,1,8,8,True,0.7766212260256423,0.6960224265184921,428
rotation,1,3,3,True,0.885094291674426,0.7648543595290033,4210
rotation,1,1,1,True,0.6932829026978862,0.5661091864532812,1448
rotation,1,4,4,True,0.5919854471071676,0.5532981113638511,6325
rotation,1,7,7,True,0.7377233851455363,0.5979114517798941,9179
rotation,1,2,2,True,0.8388113099630905,0.721338516721154,7821
rotation,1,3,4,False,0.476303008615848,0.44577101411350073,4168
rotation,1,1,1,True,0.7135045656658286,0.6075333460313027,205
rotation,1,7,7,True,0.795712647044761,0.6785931171446374,6601
rotation,1,8,0,False,0.6119202698746261,0.5307977653171561,2241
rotation,1,7,2,False,0.5184729633487989,0.4520889323620804,6500
rotation,1,8,2,False,0.5752150816404068,0.48672739908602625,8152
rotation,1,1,1,True,0.8495751601471325,0.724421615501843,3443
rotation,1,8,8,True,0.7677685701725195,0.6890978902888201,8976
rotation,1,8,8,True,0.6689611444611775,0.5729930403074771,9573
rotation,1,3,3,True,0.9280656192467749,0.8139053573564075,1319
rotation,1,6,6,True,0.7105424960118369,0.6007045174203459,3245
rotation,1,0,0,True,0.8198289639789428,0.739543532183564,9487
rotation,1,8,8,True,0.8568099529408741,0.7620411755905304,1614
rotation,1,0,0,True,0.8237382774411679,0.7133852783987451,346
rotation,1,0,0,True,0.7714089331516364,0.6835243788511592,8755
rotation,1,6,6,True,0.6446910918149138,0.5934249989165354,4095
rotation,1,7,7,True,0.8837898823780762,0.746184877154654,8978
rotation,1,8,8,True,0.6966735519605853,0.5860544613959964,5870
rotation,1,9,9,True,0.867769175970845,0.7600826177696579,6907
rotation,1,0,1,False,0.47318496599222326,0.39135138257639557,2406
rotation,1,7,7,True,0.6922948167811491,0.5724062435600468,4426
rotation,1,3,3,True,0.6910851664224061,0.5703579802069777,2692
rotation,1,9,9,True,0.7585501451442069,0.6627366253413614,1109
rotation,1,2,2,True,0.863570120419196,0.708325003082311,8543
rotation,1,4,4,True,0.7421857388026996,0.6377903404339003,9381
rotation,1,2,2,True,0.7975103615559811,0.624277485215357,9327
rotation,1,7,7,True,0.7498338740399736,0.6611161098012399,7220
rotation,1,9,5,False,0.6746812967316019,0.5985767704034995,2316
rotation,1,5,5,True,0.7392073145737789,0.6390774519864338,5237
rotation,1,3,3,True,0.7323375754284872,0.6611197818946135,5847
rotation,1,3,4,False,0.5394805070657491,0.48946837960059153,6394
rotation,1,6,6,True,0.704935327586961,0.5983672372689449,7692
rotation,1,6,6,True,0.8751223261394354,0.7413051777303764,4232
rotation,1,2,9,False,0.5390448396994363,0.4908608361615548,9565
rotation,1,3,5,False,0.5325642940201102,0.4813749501975392,9186
rotation,1,9,9,True,0.656316237686844,0.5674877314909891,1333
rotation,1,9,9,True,0.7683624986427784,0.6329174578512001,5736
rotation,1,3,3,True,0.7243326481695339,0.6492680920138943,7414
rotation,1,7,7,True,0.7091518259392519,0.619114115284233,2285
rotation,1,0,6,False,0.6912884804008298,0.6014362673511332,9494
rotation,1,8,7,False,0.6539045163310435,0.5140355815241666,7148
rotation,1,3,3,True,0.6971243188220027,0.6182118744230394,7231
rotation,1,6,6,True,0.7655058199352854,0.6644592226253524,1754
rotation,1,6,0,False,0.49762880440850155,0.427181276828261,8085
rotation,1,8,8,True,0.7457268105022236,0.6321372507919101,7968
rotation,1,9,1,False,0.4619421085785074,0.409867750345479,4614
rotation,1,3,3,True,0.8744206845311542,0.7676168988970922,4655
rotation,1,5,8,False,0.4713683253835167,0.4080203962134804,9564
rotation,1,6,6,True,0.7760289874410675,0.6858108499681212,7799
rotation,1,5,5,True,0.8316864278616222,0.6988875145319253,1564
rotation,1,3,8,False,0.47778170342870274,0.4080676661603101,5921
rotation,1,3,3,True,0.7955912009971605,0.7049780237154,94
rotation,1,5,5,True,0.6643213691234435,0.5715839131775203,8552
rotation,1,9,9,True,0.7228416042521572,0.6637514520307936,8122
rotation,1,0,0,True,0.9389954308915585,0.8186849524481014,1262
rotation,1,2,5,False,0.4516097498305086,0.37550794793107856,6771
rotation,1,7,5,False,0.4196239866741007,0.3402999853478692,1495
rotation,1,5,5,True,0.9293552627066308,0.8206399494648677,6333
rotation,1,4,4,True,0.8449434336944189,0.7210588871130428,2320
rotation,1,3,3,True,0.8132328646740367,0.7245831937107402,4166
rotation,1,9,7,False,0.4701338792347849,0.40380829501715654,938
rotation,1,8,8,True,0.7401351918873239,0.6489544936493534,1657
rotation,1,8,8,True,0.7652664481785123,0.6587679434318087,738
rotation,1,2,2,True,0.816970023112724,0.7145340664568167,1610
rotation,1,6,3,False,0.45552842465053855,0.41678618235595694,8963
rotation,1,9,9,True,0.799404475953361,0.694876448683905,6409
rotation,1,2,2,True,0.7443311391172631,0.66090152721167,1067
rotation,1,2,6,False,0.723154410416374,0.5957088533568841,8896
rotation,1,6,6,True,0.8316526664489196,0.7302171962624733,5846
rotation,1,1,1,True,0.8169480020005857,0.709866063841631,7317
rotation,1,7,7,True,0.7701004940246486,0.6643431447497642,1470
rotation,1,8,8,True,0.7003778028197226,0.5624991246209955,8582
rotation,1,4,6,False,0.6787463023632243,0.5585618448407226,7237
rotation,1,9,9,True,0.7690529194303841,0.6732420359519979,4039
rotation,1,5,5,True,0.8096291517228977,0.7102549735071624,8249
rotation,1,4,4,True,0.7358667526990986,0.6486737809427515,7200
rotation,1,8,8,True,0.733819618939908,0.6386020515161419,858
rotation,1,6,6,True,0.829789764022035,0.6963499121391613,869
rotation,1,1,1,True,0.688686443021677,0.5798226148772369,7117
rotation,1,8,8,True,0.6969198953185113,0.5651991122382721,8961
rotation,1,4,4,True,0.9106968043180261,0.7915846343014235,48
rotation,1,3,3,True,0.856093752698213,0.7807932772399382,7388
rotation,1,8,8,True,0.8233425514594293,0.7130032277260636,8418
rotation,1,7,7,True,0.704199729505484,0.5983651349676609,8442
rotation,1,3,3,True,0.8076506667056664,0.7020154113312167,5703
rotation,1,9,9,True,0.7841059115458442,0.6787765268332009,5508
rotation,1,8,8,True,0.7546171064981796,0.6216985534081598,287
rotation,1,1,1,True,0.7828294320922756,0.6854882806322037,7645
rotation,1,5,8,False,0.5857293584926223,0.5106978400196375,3018
rotation,1,6,6,True,0.624451436145039,0.5423722195088868,1044
rotation,1,4,4,True,0.813756420049283,0.7464588356883722,7270
rotation,1,5,5,True,0.8029272872585028,0.6954627235944961,5853
rotation,1,9,9,True,0.8101501172107762,0.7400794234837544,5874
rotation,1,5,0,False,0.601172353690315,0.5094538624605688,6897
rotation,1,1,1,True,0.8309245466193333,0.6910837693209674,5763
rotation,1,8,8,True,0.9087821635499016,0.7712680670444712,8392
rotation,1,3,3,True,0.8843550837387383,0.790167388945142,5261
rotation,1,1,1,True,0.7946771969702546,0.6753041694224985,7161
rotation,1,2,2,True,0.8026573719029888,0.6687370835016376,4963
rotation,1,8,6,False,0.5571940894922044,0.4954204887334731,5154
rotation,1,9,9,True,0.6672949270330913,0.5745309816243128,4043
rotation,1,1,8,False,0.44739695701953747,0.406776598100948,1491
rotation,1,1,1,True,0.8368273945150777,0.7128711283765438,2186
rotation,1,9,9,True,0.6573968361810121,0.5553210134881097,7911
rotation,1,1,1,True,0.913964423456592,0.8250574447282091,4092
rotation,1,5,5,True,0.7557496010284025,0.6407340384573668,2252
rotation,1,2,2,True,0.7800614220040509,0.6613427478410094,6734
rotation,1,1,1,True,0.7785288493056325,0.6859830226734992,7635
rotation,1,6,5,False,0.5357557904171805,0.4146601717871175,7932
rotation,1,1,1,True,0.981574801614843,0.8639943786015813,1621
rotation,1,2,2,True,0.7691092484002756,0.7045122715388367,5580
rotation,1,6,0,False,0.4957440633325096,0.453687430386129,7132
rotation,1,3,8,False,0.489831369527349,0.41053484664999423,7917
rotation,1,9,9,True,0.7221292118069906,0.6143440066771555,5134
rotation,1,5,5,True,0.8133475557834504,0.7076322858874964,9593
rotation,1,1,3,False,0.5162080685094599,0.46108003007940734,1152
rotation,1,6,6,True,0.8300632852967473,0.7528331622551188,6474
rotation,1,6,6,True,0.7065635657121141,0.6469570505157141,4666
rotation,1,5,5,True,0.7430250276343744,0.6422664357294886,4266
rotation,1,9,6,False,0.4979434468631442,0.4276260023314093,6938
rotation,1,6,2,False,0.5028346605244778,0.4267770626803653,8446
rotation,1,7,8,False,0.4636658030013731,0.42200542619030545,1380
rotation,1,6,0,False,0.4820589955914515,0.44634821698636523,6040
rotation,1,2,2,True,0.7642342307920555,0.6659646126662785,6669
rotation,1,8,8,True,0.6671204073408081,0.5820279867168281,9655
rotation,1,6,5,False,0.5086980249930119,0.48965462755992667,2452
rotation,1,6,1,False,0.4688994485733513,0.42716437812971214,2556
rotation,1,0,0,True,0.8466867911022629,0.6936257553616286,1302
rotation,1,7,7,True,0.814728341363703,0.7068336061532396,4359
rotation,1,0,0,True,0.7049856297838328,0.6182671661396976,3985
rotation,1,3,3,True,0.7563485409736969,0.6525074815858047,7592
rotation,1,5,5,True,0.8492538102193041,0.7621008387083866,7740
rotation,1,9,3,False,0.7851602085919572,0.6757906101928259,8985
rotation,1,1,1,True,0.8593099369052473,0.7257200285175747,8502
rotation,1,8,8,True,0.737483724310041,0.6276576248809903,9214
rotation,1,5,7,False,0.6889714108704555,0.6141156797187399,8987
rotation,1,5,5,True,0.7416096075387917,0.6182702969243135,2631
rotation,1,9,7,False,0.5839924152712438,0.501534299397732,2616
rotation,1,4,4,True,0.8684000325851916,0.7700839251765266,3141
rotation,1,1,1,True,0.6800765155599087,0.5658580111457081,5450
rotation,1,0,0,True,0.8120766344130745,0.6845197272248202,6565
rotation,1,3,3,True,0.7023691865599072,0.5781119029399276,1725
rotation,1,9,8,False,0.5438221753243343,0.4593377892306781,4187
rotation,1,2,2,True,0.6997403204982904,0.5993301971136127,2831
rotation,1,1,1,True,0.8158062300786373,0.703690067631283,1683
rotation,1,0,0,True,0.8490984804515468,0.7183991398744491,4966
rotation,1,5,4,False,0.4589428894465832,0.39745735576736335,955
rotation,1,3,3,True,0.8589305416097867,0.7646844454474647,8981
rotation,1,3,3,True,0.8134571605305001,0.7131170630717095,7376
rotation,1,5,4,False,0.5405537568788664,0.5171589456251552,7716
rotation,1,3,3,True,0.7018680338392511,0.5981276289000665,4405
rotation,1,0,0,True,0.7592835946505878,0.651407178482423,7262
rotation,1,4,4,True,0.6364281196638623,0.5590473619266848,4620
rotation,1,7,7,True,0.7662724231858447,0.6560421139493469,7741
rotation,1,5,5,True,0.6950400469280053,0.6052522660917153,8762
rotation,1,9,9,True,0.6790516049737032,0.5538402260423391,3478
rotation,1,0,0,True,0.6655649984887695,0.573316336791152,7730
rotation,1,0,9,False,0.4297367753822752,0.39783075607012414,5121
rotation,1,1,1,True,0.8103103912849488,0.7418372940652456,7553
rotation,1,0,3,False,0.376697619882975,0.36416875742129523,4540
rotation,1,6,6,True,0.8701549118603992,0.7571492623573715,1907
rotation,1,6,6,True,0.8655367646120494,0.7603300025925621,9739
rotation,1,7,7,True,0.6997066605393241,0.6163606679887446,9359
rotation,1,2,9,False,0.5448074629511358,0.46700039901270607,8199
rotation,1,6,6,True,0.8054248217882105,0.6804279808776378,5439
rotation,1,1,1,True,0.80668177292039,0.7056451123081012,1032
rotation,1,9,2,False,0.48735560950016243,0.4270498661767352,2901
rotation,1,2,2,True,0.766964790674503,0.683705850387655,7956
rotation,1,0,4,False,0.485802091879566,0.3803204048836094,4693
rotation,1,1,1,True,0.778570568701615,0.6733142941039624,970
rotation,1,5,7,False,0.6572986451240289,0.5978883041775808,4157
rotation,1,7,7,True,0.8210669849968156,0.7244348161650863,2207
rotation,1,4,4,True,0.7882150025165431,0.6653224460185353,5515
rotation,1,3,3,True,0.7119194484074797,0.5939508030006757,867
rotation,2,6,6,True,0.6836082755227305,0.6023857656649473,5256
rotation,2,3,5,False,0.4956599336856291,0.4109548709827391,5236
rotation,2,5,5,True,0.722511019598306,0.6160671126495632,1180
rotation,2,1,1,True,0.7520593297533942,0.6973648709470521,4903
rotation,2,7,7,True,0.7246709749780876,0.6127327613924548,9677
rotation,2,2,2,True,0.7925849982692632,0.705168009539625,9901
rotation,2,9,6,False,0.6505166685866569,0.5543371025903446,1130
rotation,2,2,2,True,0.7379646661282548,0.622209077008455,3455
rotation,2,0,0,True,0.8207852965879004,0.7018301178537036,1859
rotation,2,5,5,True,0.7860931034897334,0.7125870700064685,2854
rotation,2,1,1,True,0.7561075681678907,0.6283443873660329,2349
rotation,2,2,6,False,0.38134076268342876,0.3522711950262113,9953
rotation,2,5,5,True,0.7011301326235916,0.6353493712965051,1756
rotation,2,0,8,False,0.41831993866017064,0.3595322782424789,5947
rotation,2,2,2,True,0.6057354217732804,0.5498155498760825,7664
rotation,2,8,9,False,0.48410868841195165,0.4433202517223165,9459
rotation,2,2,2,True,0.8391862312108345,0.7121768032579664,239
rotation,2,2,6,False,0.4368665918406272,0.36734048326547186,3805
rotation,2,4,4,True,0.7313298172729528,0.6335511335714001,870
rotation,2,3,7,False,0.46077208153102933,0.40881968615277087,1188
rotation,2,9,9,True,0.560523148050174,0.48404980976322487,405
rotation,2,4,4,True,0.6894255006760872,0.6123126180160401,2227
rotation,2,2,2,True,0.724091956241604,0.6150025284526446,3284
rotation,2,7,2,False,0.4502172921399449,0.3794522381727889,9329
rotation,2,0,0,True,0.7428392586351312,0.6464923435320494,3838
rotation,2,6,6,True,0.5819398088031119,0.5142185435237044,3147
rotation,2,4,7,False,0.5420615030821856,0.5019908050885753,1399
rotation,2,0,0,True,0.7480683820223102,0.6599446774124077,8258
rotation,2,2,2,True,0.7147314250832947,0.6367100395944819,5936
rotation,2,4,4,True,0.790914850444979,0.680377295344344,4436
rotation,2,0,0,True,0.7417624341594445,0.6387331601232997,2771
rotation,2,7,0,False,0.4314687143021998,0.3690374079069263,4121
rotation,2,8,7,False,0.3689248658945462,0.332242220887533,9464
rotation,2,0,0,True,0.661199560654298,0.5799313588810159,5934
rotation,2,3,3,True,0.855461015382699,0.7440786598583358,4699
rotation,2,0,7,False,0.521188222835603,0.45395789557183747,1323
rotation,2,1,6,False,0.5646481556676393,0.4940981752668248,6308
rotation,2,7,7,True,0.7420293518509519,0.678862096900796,1660
rotation,2,3,1,False,0.40116159645085286,0.36147393060841154,9318
rotation,2,5,6,False,0.6119685928065551,0.5468415802797095,615
rotation,2,2,2,True,0.8823244973362128,0.7743532449228396,3831
rotation,2,1,7,False,0.43443442979261115,0.38078476243891446,2837
rotation,2,8,5,False,0.3036389835603819,0.2838306611700013,1217
rotation,2,6,7,False,0.3555755682616279,0.31765545062923006,5836
rotation,2,8,8,True,0.6012671113479108,0.5010712376666002,8936
rotation,2,0,0,True,0.7970452320800032,0.6808756672702754,2764
rotation,2,2,2,True,0.8473874631298484,0.7751492562467791,8019
rotation,2,4,4,True,0.8078421706554662,0.7250023490824465,1666
rotation,2,9,9,True,0.7164726870085715,0.6180244826921345,520
rotation,2,8,8,True,0.7610022759618571,0.6753504923701159,1267
rotation,2,5,5,True,0.7859083103101882,0.6873958787406208,707
rotation,2,1,8,False,0.7184656761301749,0.6605513317626319,6277
rotation,2,9,9,True,0.8284063037125816,0.7165535866883816,3535
rotation,2,5,2,False,0.5373547468384758,0.476241018793468,6744
rotation,2,7,7,True,0.6836936806480575,0.5801982888846885,8167
rotation,2,3,3,True,0.7321182806806511,0.6346125899108925,8391
rotation,2,7,2,False,0.4713321502770682,0.36080905974630995,894
rotation,2,8,8,True,0.7428982481019204,0.6516576641006294,4063
rotation,2,4,4,True,0.5804915756645049,0.5284883648845009,8194
rotation,2,6,6,True,0.8842602326889708,0.8004658602042108,4944
rotation,2,7,4,False,0.47724639112035117,0.4302788786294227,5166
rotation,2,3,2,False,0.3135796393434852,0.27423483960628675,5466
rotation,2,6,6,True,0.7366198605132499,0.6246980283140303,2920
rotation,2,4,4,True,0.6197845112703788,0.5323106555638828,4179
rotation,2,5,9,False,0.3843345385230435,0.30971460434473375,1025
rotation,2,5,7,False,0.5024457379499869,0.4370422504843584,4669
rotation,2,2,2,True,0.8618923058573442,0.7230956001654857,4294
rotation,2,9,3,False,0.5094689519288333,0.4361040809395055,3219
rotation,2,3,3,True,0.6975485594732656,0.6038294476408916,4000
rotation,2,7,6,False,0.3715168988365374,0.3373767601159497,7839
rotation,2,7,7,True,0.901064570102657,0.7478823101307632,1993
rotation,2,7,7,True,0.736135411244396,0.6338528695668069,2872
rotation,2,2,2,True,0.7365935947663212,0.654824996920214,8923
rotation,2,9,4,False,0.5640993657086477,0.5224794330849066,9051
rotation,2,6,5,False,0.44516691276642656,0.3919051819274748,9815
rotation,2,1,1,True,0.6829542671650608,0.6394550187196321,1779
rotation,2,6,6,True,0.8477338946554429,0.7495796330715169,3752
rotation,2,4,4,True,0.7671510242080543,0.6683118015308543,1303
rotation,2,6,6,True,0.7400004945285219,0.6688689143367316,4078
rotation,2,9,7,False,0.433210910222563,0.373087425930628,4067
rotation,2,2,4,False,0.241835393216471,0.1996027178487895,7337
rotation,2,8,8,True,0.7128947331934368,0.6395379687513383,1516
rotation,2,8,8,True,0.7398373518534214,0.6544751340549805,1273
rotation,2,2,2,True,0.5723968868802998,0.5224220590618598,1798
rotation,2,2,2,True,0.6572346558445987,0.5940722717754263,7477
rotation,2,4,1,False,0.5460224087710668,0.5193252441869701,8121
rotation,2,2,0,False,0.4601919473361688,0.3771344350757439,5621
rotation,2,1,6,False,0.5239960860623822,0.4533067545272438,4922
rotation,2,7,0,False,0.371748911199235,0.32522899909817965,9701
rotation,2,7,5,False,0.3254372046337627,0.31495581172577475,4715
rotation,2,7,8,False,0.6177350646948199,0.5475297203011196,779
rotation,2,6,4,False,0.3469926940114598,0.3333555969749658,6152
rotation,2,1,1,True,0.7490676949703976,0.6573703138560143,1696
rotation,2,5,5,True,0.7212836566714994,0.6277215632591047,5219
rotation,2,5,5,True,0.7775272335631304,0.68951249173979,1435
rotation,2,9,9,True,0.7634476444743673,0.6691561969670655,9715
rotation,2,8,9,False,0.6402174901066754,0.5669800164247393,6732
rotation,2,1,2,False,0.4101496422765742,0.37666502733949714,9830
rotation,2,5,5,True,0.6950257406624988,0.6144468133381851,8937
rotation,2,9,9,True,0.7585836693948188,0.679450987362598,3367
rotation,2,7,7,True,0.7967293895678214,0.693256062510664,9262
rotation,2,4,4,True,0.8451652137718311,0.7367825663051505,3577
rotation,2,6,1,False,0.5965305905059337,0.5020328297851963,7156
rotation,2,0,0,True,0.7363390789209294,0.6605496914056135,172
rotation,2,4,4,True,0.6771749645522003,0.6248248403941795,843
rotation,2,9,9,True,0.8175075279365958,0.6738391042944651,5559
rotation,2,4,5,False,0.557023263138263,0.5012891029913094,6429
rotation,2,9,6,False,0.4145329988239353,0.36443361666901625,1674
rotation,2,7,7,True,0.7349565461944166,0.6360260318053266,7624
rotation,2,9,9,True,0.596157517590928,0.534287090637002,746
rotation,2,1,6,False,0.31295979851975264,0.2804215427345526,5059
rotation,2,8,5,False,0.5722915242834545,0.5092985720364209,9485
rotation,2,2,0,False,0.5640131376956405,0.48721753657799527,2287
rotation,2,2,0,False,0.5460248664791065,0.509216704300964,6723
rotation,2,1,2,False,0.381981261238679,0.33502422894979006,1299
rotation,2,2,0,False,0.4710496736791975,0.4001676363152363,9978
rotation,2,6,4,False,0.3836946081268738,0.3480797867660371,7013
rotation,2,3,8,False,0.5229999238902168,0.44285116951826214,823
rotation,2,0,2,False,0.3495686403687236,0.31682989507358267,2457
rotation,2,2,9,False,0.4362724846244171,0.4187733865043094,7245
rotation,2,1,8,False,0.5430097611091899,0.4756619573590522,3622
rotation,2,9,9,True,0.7713061093282809,0.64352341757437,6634
rotation,2,7,9,False,0.44037315955914513,0.3810149412652795,6854
rotation,2,5,5,True,0.7944660089632004,0.7065451401635664,6359
rotation,2,8,8,True,0.6257430002477561,0.5490193023937223,4818
rotation,2,2,2,True,0.6934850762372265,0.6184880544220088,4392
rotation,2,9,9,True,0.6465600431988621,0.5519225472321861,3713
rotation,2,7,7,True,0.7433529653094071,0.6386108141308185,8939
rotation,2,2,0,False,0.4958093131551447,0.44911082569171396,9090
rotation,2,6,6,True,0.7839014567065035,0.7135341898092777,1357
rotation,2,9,6,False,0.47557095394084703,0.4114898191730557,5212
rotation,2,3,3,True,0.8217389812598976,0.714226091365932,3611
rotation,2,2,2,True,0.7652333690783509,0.6874464676895128,6219
rotation,2,9,9,True,0.7453780709537583,0.6511923513357178,4184
rotation,2,3,3,True,0.6965611346971959,0.6198324379366017,3024
rotation,2,5,6,False,0.57616063779285,0.4899335835281646,5298
rotation,2,0,0,True,0.7212150955489661,0.6281038737746617,7214
rotation,2,6,6,True,0.5804286796777862,0.4959367361670936,6056
rotation,2,9,5,False,0.33735780934449244,0.2680427413607681,9267
rotation,2,0,0,True,0.7933843825283642,0.6716873633106343,3323
rotation,2,2,2,True,0.6399412517610984,0.5679142580646341,3731
rotation,2,6,6,True,0.638368946137655,0.568650084600566,2312
rotation,2,5,3,False,0.4094980201462719,0.37844516309446063,7831
rotation,2,4,4,True,0.556487453432224,0.49819363978777115,3114
rotation,2,3,2,False,0.5979384102626633,0.5188076135488628,9838
rotation,2,7,5,False,0.558267204938859,0.4528650718798216,3128
rotation,2,4,4,True,0.8057737661904656,0.6770255075839067,7928
rotation,2,0,8,False,0.6327670188296265,0.5749468778446619,6421
rotation,2,1,3,False,0.37907324822756183,0.3203694398637186,1056
rotation,2,3,3,True,0.6315953085237227,0.5503660474395613,4330
rotation,2,6,6,True,0.7740764775878634,0.6742200127771469,9154
rotation,2,0,1,False,0.5594947801418033,0.46286655120953196,5174
rotation,2,9,1,False,0.41039356666797583,0.3704787335989938,539
rotation,2,9,9,True,0.6299459978739628,0.5810097173377988,4013
rotation,2,0,8,False,0.5894373009255096,0.5156466379832736,3522
rotation,2,4,4,True,0.7409280445450169,0.639403050868478,9043
rotation,2,3,3,True,0.8047896545792087,0.6759033868743838,5799
rotation,2,1,1,True,0.7829906160792007,0.6750643557563502,3652
rotation,2,5,3,False,0.450900499336623,0.4090907158663219,7373
rotation,2,7,7,True,0.8128406879200452,0.705787158367315,8077
rotation,2,5,6,False,0.40871750927618955,0.35361567091365176,7189
rotation,2,8,7,False,0.3684355410262147,0.3482881831092443,9747
rotation,2,6,6,True,0.7978610165132936,0.6879503775627025,6747
rotation,2,7,7,True,0.8066049288680219,0.6920573261566738,1372
rotation,2,8,0,False,0.4716918842039262,0.41876228616105526,2913
rotation,2,8,8,True,0.7156406426383367,0.6494344227870225,7158
rotation,2,5,5,True,0.7357292350230475,0.637279052572683,5142
rotation,2,8,3,False,0.5002981525313761,0.4225426628706642,1431
rotation,2,3,9,False,0.3701695284684036,0.3405604383600971,9483
rotation,2,9,9,True,0.6826954412703553,0.5886559932413483,5671
rotation,2,6,8,False,0.40039398961802164,0.36643167183714365,5592
rotation,2,3,7,False,0.6242220557603195,0.5046145784130814,8838
rotation,2,0,0,True,0.6615372510409424,0.57804307071507,4819
rotation,2,3,3,True,0.5134416157608253,0.446452998476959,215
rotation,2,4,7,False,0.45822931253209814,0.3853031347125028,3237
rotation,2,1,1,True,0.7925965553128305,0.6644480399002863,429
rotation,2,5,5,True,0.7630950422274788,0.6580296783255203,1022
rotation,2,8,8,True,0.7629450162808087,0.6421146484182181,1996
rotation,2,3,7,False,0.4807168599713838,0.36429262628137166,9402
rotation,2,9,9,True,0.6836918140014117,0.5726322321213979,1162
rotation,2,4,4,True,0.6383685730406174,0.5332413528112179,1869
rotation,2,2,6,False,0.3529107939560159,0.31555938837258635,4156
rotation,2,8,3,False,0.767349096345091,0.6434703862862948,648
rotation,2,6,6,True,0.6287014273761915,0.5493828897064933,8196
rotation,2,6,2,False,0.604701846492423,0.509933660950576,7975
rotation,2,2,2,True,0.7730798406527344,0.6877678967937553,4389
rotation,2,5,5,True,0.7519837775112856,0.661679212684797,7681
rotation,2,8,8,True,0.7885501580840415,0.6792652816068209,2507
rotation,2,1,3,False,0.4579615969513971,0.4071459840178856,7507
rotation,2,0,0,True,0.6165261691413662,0.5505423022834002,5180
rotation,2,7,4,False,0.4607850273290741,0.4078902085281617,4607
rotation,2,6,6,True,0.7991483933695017,0.6970996418392212,821
rotation,2,2,4,False,0.4695456344205047,0.3719673285322249,4964
rotation,2,5,5,True,0.716597398373667,0.6137406551580583,912
rotation,2,1,7,False,0.13176298855732038,0.11142701341204161,3076
rotation,2,2,4,False,0.5193323201520496,0.4774491993292642,122
rotation,2,1,0,False,0.22574890451361362,0.19907825645318672,9857
rotation,2,9,2,False,0.6272075466827349,0.5346317058537564,9018
rotation,2,3,3,True,0.7239437808516515,0.641970438938251,6270
rotation,2,4,5,False,0.39968197662965455,0.3243498606253441,133
rotation,2,2,3,False,0.2882950942285919,0.25832723327484786,8358
rotation,2,5,5,True,0.8155419896363287,0.6686830144435851,5824
rotation,2,5,5,True,0.7699596278119759,0.6550602343823622,3101
rotation,2,0,0,True,0.857738618723904,0.73481921503195,6065
rotation,2,7,1,False,0.6787907636398598,0.6211134887132385,3026
rotation,2,4,4,True,0.8248013144058094,0.7131029090305477,2136
rotation,2,4,4,True,0.7524992168651845,0.63681455333429,2746
rotation,2,1,1,True,0.7468455509803499,0.6471491068872348,4302
rotation,2,0,9,False,0.6166210697925573,0.5679405731996363,8904
rotation,2,5,5,True,0.7573075550627114,0.617620397893324,3806
rotation,2,0,3,False,0.4430157154211983,0.4070149370206977,9022
rotation,2,5,5,True,0.5597025717137017,0.49833352118556223,9829
rotation,2,7,7,True,0.7936439323236566,0.6872640773018555,9054
rotation,2,2,7,False,0.33227692744804416,0.29122347733060294,9680
rotation,2,2,2,True,0.6166090956073071,0.5678599342583692,7029
rotation,2,9,6,False,0.5453139706380223,0.49288479489747833,2787
rotation,2,4,7,False,0.5674389404025418,0.47657031944942607,2309
rotation,2,3,3,True,0.7197527248433994,0.6272366284850853,3628
rotation,2,8,8,True,0.7675972348620697,0.6923622168961494,3396
rotation,2,6,6,True,0.6572118920559145,0.5843877976168479,9288
rotation,2,5,5,True,0.7144583247239547,0.6275367406974562,5043
rotation,2,9,9,True,0.7256096575260904,0.6057062012775547,9082
rotation,2,6,3,False,0.5650074086174247,0.5415233936481056,6364
rotation,2,8,8,True,0.6702166396875692,0.5991128422231291,8566
rotation,2,7,1,False,0.3595754886993977,0.3563084478024677,8070
rotation,2,7,7,True,0.8161460525577927,0.714749775077528,3595
rotation,2,6,5,False,0.5182805249311635,0.4551737354318631,2680
rotation,2,0,0,True,0.7390536557697874,0.6303080925009074,7487
rotation,2,1,1,True,0.7648149757872604,0.6845972301017103,7776
rotation,2,5,5,True,0.6790794279885431,0.6221693008990803,5750
rotation,2,7,4,False,0.4798381911655822,0.4436889829292961,324
rotation,2,7,0,False,0.5847780084792182,0.5571746678878245,323
rotation,2,8,8,True,0.7392915067787119,0.6460189195824787,7323
rotation,2,6,1,False,0.6095074961567485,0.5206637028059729,4617
rotation,2,0,0,True,0.7922477642293382,0.6935563768589467,5525
rotation,2,5,3,False,0.5123907250751593,0.4666136931300124,5275
rotation,2,7,7,True,0.8254083979436687,0.7113417934409504,8098
rotation,2,9,9,True,0.8964752642559717,0.7761353531711949,1469
rotation,2,6,0,False,0.6042080728692548,0.5328534898611285,5211
rotation,2,5,5,True,0.7499632165774448,0.6623402192729732,4152
rotation,2,1,6,False,0.327452567266617,0.29603064533564993,3315
rotation,2,8,6,False,0.5431169256653219,0.48086773684796863,9831
rotation,2,4,4,True,0.7037804068236141,0.625931494753194,9903
rotation,2,8,8,True,0.4932373577293926,0.4496247569161537,1225
rotation,2,1,1,True,0.8653994478486698,0.7406894472285258,5595
rotation,2,7,7,True,0.6006576416106335,0.4888331040761375,4711
rotation,2,2,4,False,0.659678052349227,0.5549618121151154,5027
rotation,2,1,1,True,0.7308773371927564,0.6454665758774469,6101
rotation,2,9,9,True,0.7275608812293698,0.6188103291688969,6345
rotation,2,7,7,True,0.7135615428819242,0.6268383225025088,9069
rotation,2,8,6,False,0.46056773737444834,0.40533767796278397,545
rotation,2,7,7,True,0.7812622904268741,0.6804118642877122,1394
rotation,2,5,3,False,0.4517699444180071,0.4088315345554971,9957
rotation,2,6,1,False,0.45427403444617687,0.42493282566782214,1103
rotation,2,0,0,True,0.6335607625057879,0.5531937133965938,6245
rotation,2,3,6,False,0.6214978333592261,0.5224308979256418,8259
rotation,2,3,3,True,0.8131145300915897,0.7123669085364921,4847
rotation,2,2,4,False,0.35692949431605436,0.3326491372091207,4158
rotation,2,3,3,True,0.6480174237714434,0.5207416038165584,1346
rotation,2,6,6,True,0.6706598992843962,0.5706143542221297,7926
rotation,2,6,3,False,0.5638582432886874,0.49486426861170213,8385
rotation,2,7,7,True,0.6273303664811679,0.538624811274503,6580
rotation,2,4,4,True,0.7275088071838302,0.6360716848030604,1124
rotation,2,9,9,True,0.8302448803192414,0.7082265670746224,6906
rotation,2,5,9,False,0.5773799702286792,0.5245145229136571,9367
rotation,2,3,8,False,0.42723093286355035,0.3791740719944658,2004
rotation,2,8,8,True,0.7994223696581291,0.6585135753087616,2563
rotation,2,2,2,True,0.8188152251806993,0.7256206955343146,8407
rotation,2,8,9,False,0.5937306580055242,0.535569105733725,6334
rotation,2,7,2,False,0.5148060867995756,0.4518384678703772,356
rotation,2,9,0,False,0.44295883964834937,0.35472755801270306,5893
rotation,2,9,9,True,0.7888777802617671,0.7035852594906736,6534
rotation,2,1,1,True,0.9691838483361729,0.8183659283131488,8548
rotation,2,2,2,True,0.8381272779836306,0.7201822184610852,6852
rotation,2,4,4,True,0.8258809856018622,0.7055156526167653,1800
rotation,2,2,7,False,0.4521115713820718,0.3705043389191237,4131
rotation,2,1,9,False,0.5717659918918859,0.501123727775457,9122
rotation,2,8,7,False,0.5976805107053544,0.5270833777337727,4493
rotation,2,0,0,True,0.7145977945258642,0.62467604412725,5092
rotation,2,2,0,False,0.3898942392675506,0.3422234854569704,9779
rotation,2,8,8,True,0.719588164864572,0.6117504383962334,1885
rotation,2,4,4,True,0.7141567196472502,0.6514151826132069,4021
rotation,2,2,2,True,0.6787892764708305,0.5956776684576722,50
rotation,2,9,5,False,0.5692367855962924,0.48014149067481343,8542
rotation,2,6,3,False,0.5259427705052153,0.4708604337642554,4183
rotation,2,8,9,False,0.26633104117392536,0.24866990322175297,4734
rotation,2,3,3,True,0.6328479390100012,0.565227463801745,1701
rotation,2,2,2,True,0.738006858126923,0.6416614788700173,2443
rotation,2,4,4,True,0.7461055585407909,0.6367371784119231,7745
rotation,2,9,6,False,0.46517404051923233,0.3830091794372788,5840
rotation,2,5,5,True,0.7356377212755147,0.6296861252792436,2193
rotation,2,8,8,True,0.722174440831125,0.5957216161616393,5287
rotation,2,9,9,True,0.6931390594782469,0.6101842118562133,1382
rotation,2,9,8,False,0.6187954464425645,0.5088529861854175,646
rotation,2,9,9,True,0.7658235725755651,0.6588409270711555,3185
rotation,2,4,4,True,0.7322669176848432,0.6520061519703086,8799
rotation,2,9,1,False,0.6073952121410227,0.5264442734363313,714
rotation,2,6,9,False,0.38391670748933404,0.3401473175702823,2479
rotation,2,9,8,False,0.5026789119338438,0.45114661651880694,6275
rotation,2,3,3,True,0.6808472363679257,0.6039862789555865,5460
rotation,2,0,0,True,0.7348372976601526,0.6603698425063452,4813
rotation,2,4,4,True,0.7515340539630384,0.6650706727830585,2758
rotation,2,2,7,False,0.3680585877814007,0.3350061582831589,2500
rotation,2,6,6,True,0.7774412908594237,0.636596091183686,6215
rotation,2,6,6,True,0.9030232964311407,0.7874029960776024,904
rotation,2,4,4,True,0.743649615418568,0.680273567882227,2534
rotation,2,6,6,True,0.6605749335318666,0.5894368108891864,8486
rotation,2,4,4,True,0.706640764643597,0.6350375359465119,6393
rotation,2,7,4,False,0.3623703782945866,0.3095292384375138,5500
rotation,2,5,3,False,0.5139877587429846,0.45051239067865834,9658
rotation,2,2,2,True,0.7878178517988009,0.695936595329568,7302
rotation,2,1,0,False,0.477794143813702,0.42998553581442867,69
rotation,2,1,1,True,0.7517978911898455,0.6698302963938455,1204
rotation,2,9,9,True,0.83323832339595,0.7005661147225971,77
rotation,2,7,7,True,0.8280801074511981,0.7030060796828579,7244
rotation,2,8,8,True,0.8119605146641395,0.6792905474434572,891
rotation,2,6,6,True,0.6771914286786086,0.5957857467397595,3118
rotation,2,4,5,False,0.5456029361046045,0.475016738187566,5271
rotation,2,8,2,False,0.41983947042556946,0.36797207412035315,6788
rotation,2,7,0,False,0.516662761948971,0.4405502146108279,6259
rotation,2,2,2,True,0.8165249430032184,0.6921771545289659,4050
rotation,2,9,7,False,0.6341122759476672,0.5540324110874518,6024
rotation,2,1,9,False,0.4410679636672204,0.4120549591737849,393
rotation,2,5,5,True,0.9191285897296473,0.8276073331232843,7426
rotation,2,1,1,True,0.5876099865840027,0.5458868915898453,8538
rotation,2,7,5,False,0.422860887602032,0.36506327306208425,6136
rotation,2,3,3,True,0.6175673333026204,0.5162717965336081,1201
rotation,2,0,2,False,0.49873895452155886,0.45660213095754654,7140
rotation,2,8,8,True,0.7585371229391413,0.6852488946714644,589
rotation,2,9,9,True,0.6785656883958583,0.6001330018283608,6230
rotation,2,3,0,False,0.6672358870583592,0.581691278629373,4730
rotation,2,1,1,True,0.6243511880097087,0.5331610908707856,6950
rotation,2,3,8,False,0.5136832236767569,0.46374174713878386,7973
rotation,2,8,5,False,0.36643957101446245,0.33798789075158037,8488
rotation,2,8,8,True,0.7637930408621282,0.6698837907591254,6778
rotation,2,4,4,True,0.6880984344025967,0.5777545988315385,8726
rotation,2,5,7,False,0.39323284960479216,0.32937633736044813,7259
rotation,2,6,6,True,0.7891660874184052,0.6839129377068525,9640
rotation,2,3,3,True,0.7682800863430229,0.6888756623187683,2675
rotation,2,5,5,True,0.746851926308695,0.6680176970757805,7159
rotation,2,0,2,False,0.6217156020384352,0.5354763345806324,9081
rotation,2,4,4,True,0.7681747093039165,0.6314109701370104,6746
rotation,2,7,7,True,0.6817836540322516,0.6212211886950213,5272
rotation,2,9,3,False,0.7037525716043631,0.6380078066678373,7856
rotation,2,8,2,False,0.5192085425591856,0.45880575205909974,496
rotation,2,3,3,True,0.8529761430830041,0.7314300166819272,508
rotation,2,2,2,True,0.6810413924809713,0.5877412770678895,4492
rotation,2,2,2,True,0.6591833088690826,0.5939284821918507,5940
rotation,2,2,2,True,0.7528168084679913,0.6656321778822403,3817
rotation,2,8,8,True,0.8265700421150759,0.709024355589963,5250
rotation,2,0,8,False,0.4490217923525467,0.4407008502354155,1355
rotation,2,2,2,True,0.7317482819444469,0.606386352921386,4709
rotation,2,6,8,False,0.6354160940733575,0.543071961315926,3914
rotation,2,1,1,True,0.5851877738442397,0.5008249129349261,2852
rotation,2,3,3,True,0.8109153117351038,0.706399212751611,1572
rotation,2,1,0,False,0.36916357336181765,0.3514365238240439,8926
rotation,2,2,3,False,0.49401440079378695,0.4514856129002777,2436
rotation,2,3,9,False,0.4975958976463998,0.4404904309768761,8643
rotation,2,6,1,False,0.5986126044281449,0.49727835740240167,6636
rotation,2,8,2,False,0.4356311025752285,0.40438955807511057,2690
rotation,2,9,9,True,0.698680454516301,0.5861737508954029,6611
rotation,2,6,8,False,0.4788354307515056,0.41397373622599287,6188
rotation,2,7,7,True,0.7575578834402491,0.6574132670905495,481
rotation,2,1,2,False,0.4433363902196294,0.3756865103626046,7121
rotation,2,6,6,True,0.850755418335569,0.7216029865613361,4402
rotation,2,5,8,False,0.3544539815971265,0.33402180608745213,4584
rotation,2,9,9,True,0.7100180157649033,0.6475994195567782,4570
rotation,2,6,6,True,0.8049944228201712,0.6977657227932614,5676
rotation,2,7,7,True,0.8719484105754581,0.7205756647373893,3233
rotation,2,8,8,True,0.7335626609731647,0.6441390069241764,8517
rotation,2,1,1,True,0.7609267444768443,0.6478650404637818,1182
rotation,2,5,9,False,0.4392005450511341,0.3955321373478575,1428
rotation,2,8,8,True,0.8325770344834039,0.7286002444771825,3022
rotation,2,3,3,True,0.6433471810438117,0.5242130950267144,5777
rotation,2,7,9,False,0.42444943685420233,0.3679744414322321,7152
rotation,2,9,9,True,0.7450722815112231,0.6606385917395996,1181
rotation,2,9,7,False,0.41482717812929903,0.36573936772324184,9777
rotation,2,2,1,False,0.5621460796193427,0.47089681590079363,8544
rotation,2,3,0,False,0.6482163008242854,0.5791098229299232,8412
rotation,2,9,7,False,0.38000584669096654,0.3046955597482351,9446
rotation,2,3,3,True,0.849702584123563,0.7419279228466853,7742
rotation,2,2,2,True,0.843264121262874,0.7209934751882554,3954
rotation,2,6,0,False,0.35557440874021967,0.3259193460373712,2615
rotation,2,5,3,False,0.5232489176782635,0.4551989967360487,9016
rotation,2,0,2,False,0.423358394001913,0.3845781463714428,3277
rotation,2,1,7,False,0.3957083921147494,0.3785744968625372,5033
rotation,2,6,6,True,0.739364846308258,0.6573444387475453,7707
rotation,2,8,3,False,0.43039114441433446,0.3943541865545207,5293
rotation,2,6,1,False,0.5600688465736382,0.5027168738294174,9050
rotation,2,4,2,False,0.4799091325686184,0.3885875204695763,6137
rotation,2,9,9,True,0.6205217293189347,0.5440539964207265,1274
rotation,2,8,8,True,0.7313110019732381,0.642008708342731,8929
rotation,2,3,7,False,0.5273883286107408,0.47433755239823044,2425
rotation,2,8,4,False,0.4649334187035069,0.4085029281766151,6281
rotation,2,9,9,True,0.8033711296586171,0.7121767155466829,1604
rotation,2,1,1,True,0.8160946130534221,0.6895046255107645,977
rotation,2,6,6,True,0.5743113154774558,0.5430207184078192,834
rotation,2,0,0,True,0.6969313212916054,0.6185563290161582,1719
rotation,2,5,5,True,0.6995936457118108,0.5912479890379795,9271
rotation,2,9,4,False,0.5833411271482075,0.537949342356846,4258
rotation,2,8,8,True,0.6699238394247752,0.5621156951577208,6988
rotation,2,5,5,True,0.6882070652952093,0.6001649755906513,4881
rotation,2,5,0,False,0.5840337945138349,0.5137356025660185,812
rotation,2,8,2,False,0.49650765542597697,0.4288332942339724,1171
rotation,2,0,7,False,0.5354172301653863,0.4676628576607811,3832
rotation,2,6,6,True,0.6568912681112611,0.5746226409496821,4230
rotation,2,3,3,True,0.7932825377936418,0.6678238600441976,9339
rotation,2,7,7,True,0.7783197914767754,0.6820391617275138,4352
rotation,2,1,7,False,0.4239368200589053,0.37540618991675695,7413
rotation,2,4,6,False,0.4690990811995888,0.4526127850094739,994
rotation,2,7,1,False,0.4250323302914907,0.40595550699127375,1923
rotation,2,7,3,False,0.4970290594129719,0.42281119557445906,7155
rotation,2,7,8,False,0.4453284812879462,0.3907086699428552,3928
rotation,2,9,9,True,0.859113396713588,0.731373527145263,6882
rotation,2,3,3,True,0.756957059980992,0.6533131973815319,7135
rotation,2,7,7,True,0.792008955967964,0.7053974443762107,6532
rotation,2,8,9,False,0.605656159330314,0.5277557343802799,1560
rotation,2,9,9,True,0.7709421807696111,0.660320996328734,7925
rotation,2,2,7,False,0.3675681496006512,0.3395412065051431,5168
rotation,2,2,2,True,0.7175550743966146,0.5861885308839104,1366
rotation,2,4,6,False,0.42076946895714123,0.36492652589169977,4849
rotation,2,8,8,True,0.7250840642323192,0.658721142821196,6106
rotation,2,8,8,True,0.6535951821060454,0.5989076253363421,4057
rotation,2,5,5,True,0.6741425142606181,0.6141279681869283,7420
rotation,2,7,7,True,0.8228027215127777,0.6897569672070389,2952
rotation,2,0,0,True,0.7369397620495569,0.6166236087164237,940
rotation,2,7,7,True,0.7235301451055344,0.6201262895110786,4412
rotation,2,6,6,True,0.6359639813191938,0.5558201243121205,7167
rotation,2,3,3,True,0.7263359551694419,0.6177246191305221,6889
rotation,2,6,2,False,0.3858378615041759,0.3093500111277163,2791
rotation,2,9,9,True,0.6514690680670127,0.5873054195387432,8307
rotation,2,9,9,True,0.8168003229260495,0.7245037093646901,1281
rotation,2,6,6,True,0.8129702791546307,0.694210021252525,8493
rotation,2,6,6,True,0.6680404676468442,0.5970739734293544,4423
rotation,2,6,7,False,0.42546284898527686,0.3955128551631254,8975
rotation,2,1,9,False,0.34716462381327484,0.26249214445493124,2883
rotation,2,3,3,True,0.7554591561435903,0.670009429028599,184
rotation,2,9,5,False,0.452019088707724,0.39799874948653113,5762
rotation,2,0,6,False,0.5235248100524663,0.4097318252028992,1421
rotation,2,3,2,False,0.4252322729147343,0.3968109268035666,1772
rotation,2,9,5,False,0.23586238048578945,0.21707169332315754,2841
rotation,2,6,6,True,0.9611301344999882,0.8000369049719807,8410
rotation,2,3,3,True,0.9364649174222528,0.8189451711774833,7054
rotation,2,5,5,True,0.755753527071755,0.661010595823257,4319
rotation,2,7,7,True,0.676904549763063,0.6011856991841896,3168
rotation,2,3,3,True,0.7495566503476571,0.6134403407235152,5628
rotation,2,9,1,False,0.5612831429144963,0.48608099902153984,9938
rotation,2,4,4,True,0.5960829254564259,0.5020552188495743,7694
rotation,2,8,7,False,0.33486669569034455,0.2963774522643593,7623
rotation,2,6,6,True,0.6383228291791813,0.523610164170934,9247
rotation,2,0,5,False,0.33102214954712905,0.27402591644447827,305
rotation,2,8,8,True,0.7956510203021983,0.7220934381320859,4774
rotation,2,1,1,True,0.7653835581744497,0.6888063851984217,9489
rotation,2,9,6,False,0.4430739499853287,0.41104530405046497,3153
rotation,2,0,0,True,0.7154731532583811,0.6525665940267591,7267
rotation,2,9,8,False,0.5022000359899351,0.404478747307036,2337
rotation,2,4,4,True,0.760807861041862,0.6605541973793629,1176
rotation,2,1,1,True,0.8669029078659587,0.7567461869011973,8320
rotation,2,2,7,False,0.3593201135777477,0.3126738508867686,6192
rotation,2,1,1,True,0.722340250618757,0.5917723841576198,4810
rotation,2,5,3,False,0.21517721901374803,0.21557330389683987,7435
rotation,2,2,2,True,0.8438296421267044,0.7446117638749441,4915
rotation,2,7,6,False,0.5305431264355146,0.4535483773886056,212
rotation,2,9,3,False,0.37281987049688736,0.3488086875522404,1742
rotation,2,2,3,False,0.6104532045297533,0.5363718885949456,7343
rotation,2,0,0,True,0.7952217093480924,0.7036148371371677,1527
rotation,2,0,0,True,0.6676598017282297,0.5642227725312581,1568
rotation,2,6,6,True,0.7812530683331865,0.6838383687964366,9477
rotation,2,7,4,False,0.46658394465176906,0.4165811593521634,9884
rotation,2,9,9,True,0.7092241885203917,0.613210201254882,5919
rotation,2,1,9,False,0.4999041040123386,0.38644014873250276,7247
rotation,2,5,6,False,0.532640899904617,0.47118000596724524,2838
rotation,2,1,0,False,0.41474393665327514,0.37232891279878805,7851
rotation,2,0,0,True,0.7015242507024748,0.5923830465583158,4795
rotation,2,4,4,True,0.6885128450817969,0.6116812013471046,7593
rotation,2,0,0,True,0.6760634631916385,0.5945472144611236,9582
rotation,2,1,8,False,0.470011789307692,0.4227001227404566,347
rotation,2,7,9,False,0.42907911146339334,0.37216803382584396,5360
rotation,2,2,2,True,0.6695151657750363,0.5499128733547874,2659
rotation,2,3,3,True,0.8676684005598698,0.7187861351390581,791
rotation,2,9,6,False,0.40883319522631634,0.3762581355137465,6296
rotation,2,5,5,True,0.7234009043713168,0.6080131663754407,4778
rotation,2,1,1,True,0.7378074741605831,0.6261760771487109,4653
rotation,2,0,7,False,0.43474300453058945,0.40132405317330955,8179
rotation,2,4,4,True,0.6616477415245319,0.5346720893249932,9437
rotation,2,8,8,True,0.7706554036384854,0.6379263887128852,8347
rotation,2,0,6,False,0.4986927262696617,0.45467131374626424,2583
rotation,2,9,9,True,0.7622636374823506,0.6646099326327481,3601
rotation,2,4,0,False,0.5454094120716882,0.4387280708761301,4274
rotation,2,6,8,False,0.5897064982527398,0.5074585423915525,4539
rotation,2,5,5,True,0.7720196258959777,0.6747364532727146,3419
rotation,2,4,4,True,0.6195538218217845,0.5195822206636077,7235
rotation,2,3,2,False,0.3220957756215085,0.25986188131527604,9219
rotation,2,3,3,True,0.7386362526378574,0.6090684961544086,4097
rotation,2,7,7,True,0.6860414997362194,0.6150625179487912,7731
rotation,2,1,1,True,0.7594875475970243,0.6814303465454734,9455
rotation,2,7,0,False,0.7030870570657473,0.6277179177363456,6367
rotation,2,9,2,False,0.48180295204858264,0.4491785933045618,6122
rotation,2,5,5,True,0.7368016676825327,0.6668898694714636,4649
rotation,2,4,4,True,0.8306522436376265,0.6907337396455083,9439
rotation,2,8,0,False,0.7020192985505156,0.6317423077496807,9802
rotation,2,1,3,False,0.2563576289732612,0.23514813514270153,4613
rotation,2,7,7,True,0.7764959017241049,0.7130125614799238,2514
rotation,2,7,8,False,0.3810657838834906,0.40662430626801876,6680
rotation,2,3,3,True,0.6010197155274826,0.5219542534168474,1526
rotation,2,9,9,True,0.6349449658894052,0.5486035090879461,3008
rotation,2,4,2,False,0.5653499893657641,0.48787337210201465,9041
rotation,2,2,2,True,0.7034642130712044,0.6143829629082147,241
rotation,2,2,2,True,0.7053433876667891,0.6191812128589431,5156
rotation,2,6,6,True,0.7272038341111695,0.6858848381792236,7865
rotation,2,9,9,True,0.6787339606538508,0.5947872278291013,4292
rotation,2,9,8,False,0.2486240470335184,0.2177378327452022,7637
rotation,2,9,9,True,0.640220426855393,0.5594492586231747,2608
rotation,2,1,2,False,0.6719657125161922,0.569671738127626,2684
rotation,2,7,9,False,0.6979267569633072,0.5746757432319168,5153
rotation,2,8,2,False,0.633310431681996,0.5503539511189799,68
rotation,2,2,4,False,0.420909692368106,0.41944150467681585,5424
rotation,2,4,6,False,0.4755855809218766,0.4370151472475713,7581
rotation,2,0,0,True,0.8192207837958582,0.7017438909491095,2069
rotation,2,6,6,True,0.6762459282318573,0.5968272248389583,7735
rotation,2,5,2,False,0.3704492777506807,0.38016526445954646,1192
rotation,2,1,1,True,0.8455078672118709,0.7376599781079902,4310
rotation,2,1,1,True,0.6750084754761202,0.5709543358249469,902
rotation,2,2,2,True,0.9745687837250232,0.8447536940057604,3927
rotation,2,6,6,True,0.8013567872726682,0.708991144569275,9603
rotation,2,5,5,True,0.7361809461672189,0.6490866664850836,424
rotation,2,5,5,True,0.7101553190905521,0.6476870771667858,4534
rotation,2,2,2,True,0.8373671019711962,0.7287581269026072,7144
rotation,2,7,5,False,0.39456241019304183,0.3035177550975772,2580
rotation,2,5,8,False,0.403968228395208,0.3678085221208943,8522
rotation,2,3,3,True,0.8585820251078495,0.7528708831334189,7904
rotation,2,0,5,False,0.4997489616213997,0.4465608223237735,9766
rotation,2,8,8,True,0.6926649566903496,0.5867940026146657,2775
rotation,2,7,7,True,0.6770072258893175,0.6303222373555273,2810
rotation,2,3,3,True,0.575410208955397,0.48234911232128413,7181
rotation,2,2,6,False,0.4025585193980603,0.3375501448409369,9333
rotation,2,9,3,False,0.4059816418831004,0.35550756701724756,8099
rotation,2,7,7,True,0.8155725101658899,0.7347643764676721,2105
rotation,2,1,2,False,0.41531058623602446,0.3954086662445767,3211
rotation,2,1,8,False,0.46944867808502533,0.42683534596227973,9321
rotation,2,5,5,True,0.6769260382045045,0.6082541845565271,3131
rotation,2,7,7,True,0.7847178729267513,0.6559601795793951,4368
rotation,2,0,0,True,0.6656636239016179,0.5468181417553675,8682
rotation,2,0,0,True,0.7607602270825998,0.6542063872679819,5938
rotation,2,6,5,False,0.44183183879894655,0.408269807512336,1898
rotation,2,1,1,True,0.6465903571812088,0.5828350066704859,6239
rotation,2,5,2,False,0.4070715532199049,0.34362874759503403,3099
rotation,2,3,2,False,0.5711854271948144,0.48096389171243226,3962
rotation,2,8,8,True,0.7051606989775847,0.6377593001544688,7908
rotation,2,7,7,True,0.8816216165330194,0.7681826940254738,784
rotation,2,1,9,False,0.36202580885605723,0.2812880606532862,3019
rotation,2,0,4,False,0.4900399928654454,0.40905085420821297,211
rotation,2,4,4,True,0.7009511084149466,0.6205112229767735,2954
rotation,2,7,7,True,0.7116603103634671,0.5961848611579373,845
rotation,2,4,2,False,0.42760082546567196,0.3587740635022489,6502
rotation,2,2,2,True,0.6641521627418594,0.5605701777194056,7583
rotation,2,0,2,False,0.5281760478485896,0.4814481409734055,9118
rotation,2,9,9,True,0.8531996979894729,0.7400291938485599,8079
rotation,2,8,8,True,0.6939432175532074,0.6383789821943338,6422
rotation,2,2,2,True,0.7643506186046037,0.6561189168209,9239
rotation,2,4,4,True,0.6768580340950608,0.5861110244175562,62
rotation,2,1,1,True,0.7383015837161826,0.6492478167969482,797
rotation,2,3,7,False,0.5696537258590623,0.4867123066138979,1855
rotation,2,6,6,True,0.6617203567987452,0.5454925910685552,2297
rotation,2,6,6,True,0.6588657596937505,0.5679847254666164,4870
rotation,2,2,2,True,0.7183819312768807,0.6106516766699538,7573
rotation,2,3,3,True,0.6364112735019191,0.5534140736752056,1512
rotation,2,5,2,False,0.3617131780170425,0.3104928222751273,6516
rotation,2,5,5,True,0.6203945866946007,0.551349689906386,9336
rotation,2,7,0,False,0.4288039701038974,0.372444701189376,7418
rotation,2,4,4,True,0.6665973354791875,0.5492883235593394,6420
rotation,2,7,7,True,0.6836708490044923,0.5836676791162896,8724
rotation,2,2,9,False,0.48675622904316873,0.4046976331372999,9324
rotation,2,2,2,True,0.6643146426774227,0.6181000485935858,627
rotation,2,9,1,False,0.39727491718859903,0.35360472804316,2097
rotation,2,2,2,True,0.9009331628407441,0.794136538894822,4521
rotation,2,8,8,True,0.6995197546145258,0.6076743305888999,2253
rotation,2,2,2,True,0.7135584623143543,0.6582022954714039,9340
rotation,2,1,1,True,0.7604367469432023,0.6361526178509562,7006
rotation,2,3,5,False,0.4665946488729396,0.395773599648911,850
rotation,2,0,0,True,0.682660723814303,0.6175191424789203,3433
rotation,2,7,7,True,0.7223673604066071,0.6186589344789292,7209
rotation,2,9,9,True,0.7455270836863812,0.633733271260831,5145
rotation,2,5,5,True,0.6555631168705406,0.5609996362891291,6801
rotation,2,9,9,True,0.7746516771950184,0.7120904116241408,5872
rotation,2,8,8,True,0.853732225638029,0.7815635803072931,5159
rotation,2,9,9,True,0.5769575364750269,0.5136084754153181,4651
rotation,2,6,6,True,0.7613228116010011,0.6660583822613052,9276
rotation,2,3,3,True,0.7226925253341856,0.6449576107595482,7779
rotation,2,6,3,False,0.5389494256736798,0.4809568513844159,4726
rotation,2,2,2,True,0.7561018529547993,0.6612009866881517,5267
rotation,2,5,5,True,0.8403416599518111,0.7202783084216219,600
rotation,2,7,7,True,0.7505691243796493,0.6406703565009,2703
rotation,2,4,9,False,0.6965735399221674,0.6170104744516239,4228
rotation,2,4,4,True,0.7268810835451812,0.6356314073817588,5030
rotation,2,3,2,False,0.5727062782453345,0.5311703702149213,3063
rotation,2,0,0,True,0.686488860163758,0.5933354476347806,5596
rotation,2,1,3,False,0.5588227015698239,0.4714957352359696,9929
rotation,2,1,8,False,0.40819713159990445,0.3327455014886698,9641
rotation,2,2,2,True,0.7385453634617036,0.6274003799959702,4484
rotation,2,0,0,True,0.5975817084792592,0.49418395685103894,3001
rotation,2,9,9,True,0.6407911199006072,0.5826242270848591,8738
rotation,2,7,7,True,0.8250494254469485,0.7077895301206467,907
rotation,2,8,8,True,0.8415259493329654,0.7149406728719514,6919
rotation,2,5,5,True,0.591482975107996,0.5273558315231537,3779
rotation,2,0,0,True,0.6846390562198793,0.6359245055031418,3053
rotation,2,1,4,False,0.7438275570234563,0.6387173473233181,6140
rotation,2,2,7,False,0.441021532739417,0.3671873466291872,1753
rotation,2,7,2,False,0.5220220622797265,0.45080651384633813,4386
rotation,2,8,6,False,0.2808600873464202,0.21655592047655414,7328
rotation,2,6,6,True,0.6218994331590733,0.5539080079495585,8030
rotation,2,5,9,False,0.5105758461575018,0.4605279717332489,8001
rotation,2,3,3,True,0.7032912917850803,0.6040092622434456,3398
rotation,2,0,4,False,0.4555351788090537,0.3797963765506946,3639
rotation,2,2,2,True,0.7653374101889779,0.7135428700726556,7464
rotation,2,8,3,False,0.46149738813655516,0.3826851163522729,9561
rotation,2,6,6,True,0.7219426870447178,0.6136474767281817,2979
rotation,2,7,6,False,0.4713228681148994,0.4163068050731079,1933
rotation,2,9,9,True,0.7356719025683915,0.6575373383654279,4180
rotation,2,2,2,True,0.885597932554417,0.7647446506099596,7800
rotation,2,6,0,False,0.5635147193191274,0.4946948750943084,428
rotation,2,7,7,True,0.729234695105257,0.6470893022775164,4210
rotation,2,7,2,False,0.4065359264171826,0.4246694328577455,1448
rotation,2,8,9,False,0.6602100956546558,0.5645949601285716,6325
rotation,2,9,5,False,0.5705917626794076,0.48980471551998456,9179
rotation,2,6,7,False,0.5290857249214773,0.4625702389809823,7821
rotation,2,8,8,True,0.6974666769687519,0.6214267229943478,4168
rotation,2,7,8,False,0.5540099010290633,0.5364121745119961,205
rotation,2,3,6,False,0.3284696220850418,0.2919850176568136,6601
rotation,2,0,0,True,0.6354095247198963,0.5661916275335366,2241
rotation,2,9,1,False,0.5144838125388439,0.4091289919639692,6500
rotation,2,5,5,True,0.6267169753773416,0.5490017548279649,8152
rotation,2,5,5,True,0.7070149859683155,0.6156806808869766,3443
rotation,2,7,7,True,0.8839526013523145,0.7867420914942678,8976
rotation,2,1,6,False,0.49641843832311305,0.4266092501854913,9573
rotation,2,4,4,True,0.7638908496638557,0.6398592827668063,1319
rotation,2,7,9,False,0.6140696589514049,0.5415529450416523,3245
rotation,2,4,4,True,0.7298942187019176,0.6042285968457974,9487
rotation,2,6,6,True,0.6645209063145485,0.5637685018208168,1614
rotation,2,5,7,False,0.3624737808780475,0.32420270110088645,346
rotation,2,3,3,True,0.8361867487793642,0.6778242661803444,8755
rotation,2,6,6,True,0.574632758678251,0.49832378926793247,4095
rotation,2,4,4,True,0.6560526057995936,0.6042545067070194,8978
rotation,2,8,8,True,0.6857901108275665,0.5657023284152507,5870
rotation,2,0,8,False,0.41617114243626097,0.35507729963219337,6907
rotation,2,8,8,True,0.781414089660135,0.6909711831282485,2406
rotation,2,7,3,False,0.4460443610134054,0.41044630430277335,4426
rotation,2,7,7,True,0.7364766774256083,0.6421640832798882,2692
rotation,2,2,3,False,0.4856680235373669,0.42409194536208616,1109
rotation,2,9,9,True,0.5864140168744254,0.5465209232748756,8543
rotation,2,6,6,True,0.7553599943070082,0.6613107428817226,9381
rotation,2,5,2,False,0.5590535808410679,0.46904186515431434,9327
rotation,2,2,2,True,0.7204176837498796,0.6297580406567793,7220
rotation,2,4,4,True,0.657595049269554,0.5712577162619121,2316
rotation,2,4,1,False,0.4904670982253711,0.42312406132101477,5237
rotation,2,3,2,False,0.510720686889982,0.41548848947343797,5847
rotation,2,3,3,True,0.7152732511239059,0.6228405260141231,6394
rotation,2,1,6,False,0.4877794941653359,0.44126285648629765,7692
rotation,2,7,6,False,0.471357173860818,0.43066299921434625,4232
rotation,2,2,1,False,0.5710735503762806,0.5006350013283493,9565
rotation,2,4,8,False,0.4667209139045946,0.41242384693790585,9186
rotation,2,3,3,True,0.7413065613925612,0.6339117097341691,1333
rotation,2,9,0,False,0.5613447732764512,0.511502496951466,5736
rotation,2,5,5,True,0.6361318684641066,0.5319302470109756,7414
rotation,2,2,2,True,0.6289958667621365,0.539225893837087,2285
rotation,2,9,9,True,0.8810846009202635,0.747804590981402,9494
rotation,2,8,8,True,0.8321904565704713,0.7201277521293967,7148
rotation,2,7,7,True,0.8367003775150245,0.7524508705353352,7231
rotation,2,1,1,True,0.7579365721693908,0.6354917795965007,1754
rotation,2,8,7,False,0.37893303768790104,0.34267823569171585,8085
rotation,2,1,7,False,0.4407227838387464,0.39564513866254597,7968
rotation,2,1,1,True,0.6161013250274522,0.5194048267730091,4614
rotation,2,3,1,False,0.47424050697125764,0.414252697340349,4655
rotation,2,0,1,False,0.42672950566264534,0.35978496251971026,9564
rotation,2,0,0,True,0.8040005568019615,0.70041451610141,7799
rotation,2,0,0,True,0.7166015290706477,0.6217464728440557,1564
rotation,2,3,6,False,0.4520564722788766,0.4293442396720748,5921
rotation,2,5,5,True,0.7228234582384552,0.614093827559762,94
rotation,2,1,1,True,0.7543501330832679,0.6527582962246534,8552
rotation,2,1,1,True,0.7916677443980794,0.6804452060311301,8122
rotation,2,5,6,False,0.36067524647495014,0.34870833983702615,1262
rotation,2,1,1,True,0.7528276375431541,0.6450567972107186,6771
rotation,2,4,8,False,0.4120298376256968,0.3474019941717196,1495
rotation,2,1,8,False,0.5338818403497675,0.4532804088168082,6333
rotation,2,7,7,True,0.8358961865357564,0.7096619422988838,2320
rotation,2,7,9,False,0.48121849952136203,0.41241103492770154,4166
rotation,2,9,9,True,0.583552330043411,0.4939041486271235,938
rotation,2,9,3,False,0.673221886978172,0.5875481853454291,1657
rotation,2,7,7,True,0.6565452675137713,0.5470911498943529,738
rotation,2,1,9,False,0.4231314761994014,0.38619367646676156,1610
rotation,2,5,5,True,0.7998517651651351,0.6956976649757142,8963
rotation,2,1,1,True,0.6704372971554722,0.6173071259782346,6409
rotation,2,6,9,False,0.3398097357895058,0.31317571660972104,1067
rotation,2,3,8,False,0.4005246335468039,0.362763816799383,8896
rotation,2,4,8,False,0.400583178711072,0.39568687243066164,5846
rotation,2,6,6,True,0.711132591395607,0.6281514715891952,7317
rotation,2,4,4,True,0.7017252948674104,0.6071711924120489,1470
rotation,2,3,3,True,0.8071168284800008,0.6836650507252914,8582
rotation,2,4,4,True,0.8554654776568398,0.7712034911394715,7237
rotation,2,2,4,False,0.3402820044094681,0.28407226807576036,4039
rotation,2,2,1,False,0.6656622008782301,0.5580219509636092,8249
rotation,2,1,1,True,0.6880699601671442,0.5771580137804818,7200
rotation,2,0,8,False,0.5367611896260358,0.45619786769228965,858
rotation,2,4,4,True,0.8713379475725425,0.7565058059269391,869
rotation,2,6,6,True,0.7603860395940979,0.6560862569661676,7117
rotation,2,0,4,False,0.5972854860726016,0.5332001733655574,8961
rotation,2,4,4,True,0.6205398808341617,0.5206581972382625,48
rotation,2,6,4,False,0.5563499292097027,0.4704617980514527,7388
rotation,2,8,8,True,0.693265169019173,0.6073462340366226,8418
rotation,2,8,8,True,0.6679207431614919,0.5634490867740577,8442
rotation,2,5,5,True,0.7543195233646383,0.6289282767342236,5703
rotation,2,9,9,True,0.7763200931627025,0.6442751537730745,5508
rotation,2,8,8,True,0.700518112483257,0.6094699525185246,287
rotation,2,3,8,False,0.3708634422954231,0.32885739569120187,7645
rotation,2,4,4,True,0.8394846691434802,0.7262427939183106,3018
rotation,2,8,4,False,0.6449099608833613,0.5875125505377053,1044
rotation,2,7,7,True,0.8089802460727792,0.7086773148909208,7270
rotation,2,5,5,True,0.701442917333533,0.6112333324998995,5853
rotation,2,4,7,False,0.24753925267817592,0.2523686844550316,5874
rotation,2,2,2,True,0.6873798953176657,0.6187731448632087,6897
rotation,2,5,5,True,0.6081083773337091,0.5172937300919289,5763
rotation,2,0,0,True,0.7032382070342587,0.6294434472596461,8392
rotation,2,8,8,True,0.6759718262347559,0.6250350984580219,5261
rotation,2,4,8,False,0.39599587737204184,0.38712960292547177,7161
rotation,2,3,3,True,0.7339224291029912,0.6583687281921003,4963
rotation,2,8,8,True,0.7372565363943264,0.6494277235228318,5154
rotation,2,9,8,False,0.5969288591073967,0.5281941673296257,4043
rotation,2,9,9,True,0.6349402971813874,0.5838431792487304,1491
rotation,2,8,8,True,0.6146245826849894,0.5106772700177059,2186
rotation,2,4,4,True,0.745629291596789,0.6741373534463081,7911
rotation,2,7,9,False,0.5313678311448166,0.4692708811086863,4092
rotation,2,7,1,False,0.36507535579382583,0.30686012860787615,2252
rotation,2,6,3,False,0.39090042982760465,0.3236254029387523,6734
rotation,2,2,2,True,0.7967801260017414,0.65815073507217,7635
rotation,2,2,2,True,0.648281093653711,0.5773287529649741,7932
rotation,2,7,0,False,0.4711720260850849,0.4539453347822484,1621
rotation,2,0,7,False,0.25906523295438344,0.22522171714562106,5580
rotation,2,0,0,True,0.7510868084096332,0.6363442704186996,7132
rotation,2,6,6,True,0.7437595371648689,0.6713649359278214,7917
rotation,2,4,4,True,0.7837335937265415,0.6834435567013141,5134
rotation,2,9,9,True,0.8483348936368517,0.7611719401766331,9593
rotation,2,7,7,True,0.7539345535603302,0.6363274630219835,1152
rotation,2,2,6,False,0.5781310698448416,0.5194630613546835,6474
rotation,2,3,8,False,0.6976119249817495,0.6442737133107405,4666
rotation,2,2,2,True,0.6869719474648467,0.5779276975685272,4266
rotation,2,1,1,True,0.655354529735998,0.5656361233763286,6938
rotation,2,2,2,True,0.7837561380966306,0.673960906322605,8446
rotation,2,9,9,True,0.6321683420070658,0.5673336816366531,1380
rotation,2,9,9,True,0.6653908466839202,0.6057951926588496,6040
rotation,2,2,2,True,0.8503987651972535,0.724203623885916,6669
rotation,2,5,4,False,0.4341603585944418,0.43399737590913956,9655
rotation,2,0,7,False,0.37005461272092793,0.33067602138014185,2452
rotation,2,1,0,False,0.4030863559384431,0.34627044725033146,2556
rotation,2,4,6,False,0.5464970241166718,0.5080758715019226,1302
rotation,2,4,2,False,0.4101106100408179,0.36639533322296675,4359
rotation,2,6,1,False,0.6316683329276747,0.5443936570754803,3985
rotation,2,3,0,False,0.5439556623228985,0.46651520237578503,7592
rotation,2,3,3,True,0.7585282239876893,0.7017931381487985,7740
rotation,2,7,7,True,0.6797937660628038,0.5729469245818167,8985
rotation,2,9,9,True,0.715273074562677,0.6454986897321866,8502
rotation,2,6,9,False,0.4832926457722428,0.40956609820380174,9214
rotation,2,2,2,True,0.7750350368546393,0.66132511526748,8987
rotation,2,4,4,True,0.7758213825351014,0.6728093300053609,2631
rotation,2,5,2,False,0.5717260493625519,0.5102756375069146,2616
rotation,2,2,2,True,0.7648581561994297,0.632234764991766,3141
rotation,2,1,1,True,0.7149616129764537,0.6118286927584248,5450
rotation,2,8,7,False,0.5054651579760641,0.4652271845574781,6565
rotation,2,1,1,True,0.7286974795406364,0.6548839888055387,1725
rotation,2,1,1,True,0.7761804045327703,0.6689467676223583,4187
rotation,2,1,6,False,0.5581746283458648,0.46594246502366354,2831
rotation,2,0,4,False,0.47437181236619635,0.42252665411668,1683
rotation,2,2,2,True,0.6932785441657072,0.620957431029335,4966
rotation,2,1,1,True,0.6711236039029893,0.5890861342296065,955
rotation,2,6,6,True,0.8141131629682707,0.7351038239109045,8981
rotation,2,8,8,True,0.7596898888833804,0.6553411907608339,7376
rotation,2,8,3,False,0.48977596430395065,0.4049501243913483,7716
rotation,2,5,7,False,0.5805153723335325,0.4965422099906588,4405
rotation,2,8,4,False,0.3768516435253572,0.335354594982528,7262
rotation,2,4,4,True,0.7780597051082165,0.662281863179434,4620
rotation,2,6,8,False,0.3579706892728659,0.30888312632291176,7741
rotation,2,3,0,False,0.5821881332612334,0.5290942129114233,8762
rotation,2,4,4,True,0.7475916610754857,0.6342061532116433,3478
rotation,2,1,0,False,0.6274474046343382,0.521668056564326,7730
rotation,2,2,2,True,0.6951873893882197,0.6221085990306158,5121
rotation,2,0,7,False,0.35772927258781545,0.331977722481553,7553
rotation,2,2,1,False,0.6356984416898382,0.5345999945366134,4540
rotation,2,6,6,True,0.7379780182614458,0.6564299810507707,1907
rotation,2,4,8,False,0.5475863729381318,0.4578363845091168,9739
rotation,2,8,8,True,0.8368864535503194,0.7118828921627752,9359
rotation,2,6,6,True,0.8004806897225794,0.6733202572913478,8199
rotation,2,9,9,True,0.7991254163927959,0.685088597308995,5439
rotation,2,5,3,False,0.33760499636665786,0.3132454128574088,1032
rotation,2,6,6,True,0.8031055395332846,0.7030369189755111,2901
rotation,2,7,3,False,0.391166274614212,0.33121681584087387,7956
rotation,2,1,1,True,0.8576681381341152,0.747806930052075,4693
rotation,2,1,1,True,0.6867090540186369,0.6063446482245426,970
rotation,2,4,4,True,0.730928850853747,0.6553985392455911,4157
rotation,2,1,1,True,0.6699333174197666,0.5916287681467306,2207
rotation,2,9,4,False,0.4145912088689331,0.38215649763700715,5515
rotation,2,9,9,True,0.713850645064571,0.623069137345414,867
rotation,3,7,5,False,0.7715393060964331,0.6995497431761647,5256
rotation,3,5,4,False,0.3763443282635609,0.3671708615926295,5236
rotation,3,1,7,False,0.39314772839013923,0.3430376141807139,1180
rotation,3,2,8,False,0.3797929399402228,0.3396810144412126,4903
rotation,3,1,7,False,0.4215930605735006,0.35542841022594246,9677
rotation,3,9,9,True,0.6711152345258355,0.6059936604523515,9901
rotation,3,6,6,True,0.6854148614316917,0.6439229698829325,1130
rotation,3,9,4,False,0.4000417847619151,0.34433221080911586,3455
rotation,3,1,1,True,0.6437837687302072,0.5857406117763695,1859
rotation,3,3,3,True,0.5860411937560477,0.52786733353506,2854
rotation,3,3,6,False,0.5294874814035779,0.461708356149165,2349
rotation,3,7,7,True,0.6764767035245163,0.5760835661901368,9953
rotation,3,0,1,False,0.45756946985300334,0.45350188891654136,1756
rotation,3,8,9,False,0.32709940050624986,0.3083574249235433,5947
rotation,3,4,4,True,0.7743599102861026,0.692378113053737,7664
rotation,3,9,9,True,0.6852388234586826,0.5932216125080074,9459
rotation,3,3,7,False,0.5120877928912452,0.4514946659050525,239
rotation,3,8,8,True,0.7591280527960638,0.6359230239431088,3805
rotation,3,8,8,True,0.6773554306756573,0.6059697087052146,870
rotation,3,4,4,True,0.7515128497466382,0.6462952598446214,1188
rotation,3,8,8,True,0.4958453333151045,0.4159381692619549,405
rotation,3,3,0,False,0.3255118792353564,0.27458645524276226,2227
rotation,3,6,6,True,0.5919393277024789,0.5663606078227583,3284
rotation,3,9,7,False,0.45910832367493315,0.39929249828979513,9329
rotation,3,1,4,False,0.4684097122757621,0.42051233529661214,3838
rotation,3,4,4,True,0.5833320035247296,0.4869328354083677,3147
rotation,3,0,0,True,0.6019579861570469,0.5228826544481243,1399
rotation,3,5,5,True,0.570320307613763,0.4723618468571211,8258
rotation,3,2,5,False,0.4927867909807699,0.4413055032508818,5936
rotation,3,0,0,True,0.6955122999987876,0.5879750324187664,4436
rotation,3,9,0,False,0.24234436809828414,0.23695554635641622,2771
rotation,3,2,1,False,0.2465697601543866,0.18879011396078738,4121
rotation,3,7,9,False,0.3406807475451207,0.2919371094518977,9464
rotation,3,1,6,False,0.39515613877375205,0.37441736061529535,5934
rotation,3,2,2,True,0.6492767834339569,0.5975468953073798,4699
rotation,3,0,0,True,0.7714666937445956,0.6708662561437247,1323
rotation,3,7,7,True,0.6559998822378247,0.5648332459614911,6308
rotation,3,3,4,False,0.33272001896452147,0.30014184474379624,1660
rotation,3,9,9,True,0.7281192520344104,0.6749412866827931,9318
rotation,3,5,3,False,0.2841771063294658,0.25118165491163824,615
rotation,3,1,9,False,0.3590250272263672,0.3202403970278718,3831
rotation,3,7,5,False,0.3941735670981995,0.3289896367303003,2837
rotation,3,8,8,True,0.6852089611413806,0.5838740710086373,1217
rotation,3,6,6,True,0.6653111752173544,0.5893266314986032,5836
rotation,3,6,6,True,0.7330079779305609,0.6559190197270797,8936
rotation,3,8,8,True,0.8102553317960286,0.7097648939740773,2764
rotation,3,1,3,False,0.40006798028455365,0.3716713897714149,8019
rotation,3,2,2,True,0.5783983169786143,0.4866284282148044,1666
rotation,3,7,2,False,0.4321229407813224,0.3603121661495848,520
rotation,3,7,6,False,0.33473184908464937,0.3154102899127428,1267
rotation,3,1,1,True,0.7793446253823518,0.6679197429326342,707
rotation,3,0,8,False,0.22517010931204096,0.1829041714942854,6277
rotation,3,5,5,True,0.6422899420958956,0.5650031984268528,3535
rotation,3,2,4,False,0.4387529470802844,0.38965702699476695,6744
rotation,3,1,9,False,0.45632364761474964,0.39907810794564796,8167
rotation,3,4,9,False,0.47266183619286095,0.44850272301802163,8391
rotation,3,2,1,False,0.37585508096925463,0.3719699577713893,894
rotation,3,9,9,True,0.6263210244189477,0.566568491750153,4063
rotation,3,8,8,True,0.7146364679925733,0.6310308990852922,8194
rotation,3,0,4,False,0.31994158305608755,0.31455225710031415,4944
rotation,3,9,0,False,0.4349010542586788,0.3878215998930002,5166
rotation,3,2,7,False,0.28222196629016466,0.25101352724657167,5466
rotation,3,1,1,True,0.5461542372920725,0.46755879559141894,2920
rotation,3,1,9,False,0.4460772478133499,0.3785209316528535,4179
rotation,3,3,1,False,0.4935050533061144,0.45303973632442934,1025
rotation,3,4,0,False,0.416258196490022,0.338782252604006,4669
rotation,3,9,9,True,0.6132330513034648,0.5243623007381084,4294
rotation,3,3,1,False,0.3862797360237571,0.33626370432349983,3219
rotation,3,6,3,False,0.3531938980085747,0.28706700488436354,4000
rotation,3,0,6,False,0.41023497392906266,0.355871649582039,7839
rotation,3,8,7,False,0.35797449657829344,0.3211532729068812,1993
rotation,3,4,4,True,0.8252402079423843,0.7369994763745227,2872
rotation,3,5,5,True,0.7194944915187292,0.6164498293820982,8923
rotation,3,4,7,False,0.23616648052239927,0.21775531124427994,9051
rotation,3,7,7,True,0.6309824064040656,0.5214503306771487,9815
rotation,3,6,7,False,0.49157904965529675,0.4085124212824759,1779
rotation,3,3,3,True,0.6059733138581725,0.4920052313193263,3752
rotation,3,8,8,True,0.7649195425931435,0.6847592714779639,1303
rotation,3,1,0,False,0.42423805005618725,0.36904511358402703,4078
rotation,3,9,9,True,0.80104736480394,0.700309435042979,4067
rotation,3,6,6,True,0.623771111763382,0.5556753967476632,7337
rotation,3,1,8,False,0.40509514238924116,0.3755003417012497,1516
rotation,3,4,1,False,0.4941181936031205,0.4751075171777222,1273
rotation,3,3,3,True,0.656928778613048,0.5725628719234793,1798
rotation,3,0,0,True,0.6574124703106248,0.5595697969411307,7477
rotation,3,9,3,False,0.4659278232442274,0.4250055742587435,8121
rotation,3,8,3,False,0.40373251120304815,0.40543054385386657,5621
rotation,3,5,1,False,0.34650792032049543,0.29874821173533106,4922
rotation,3,1,7,False,0.5160541413762445,0.4377464327920646,9701
rotation,3,3,3,True,0.5730934625623654,0.45103015272641017,4715
rotation,3,7,7,True,0.7240947300134242,0.5891383732546903,779
rotation,3,4,7,False,0.31022701174668965,0.30708052531371427,6152
rotation,3,5,5,True,0.5363177314821203,0.4673996131211354,1696
rotation,3,8,2,False,0.5020146775709413,0.4189571127688552,5219
rotation,3,1,4,False,0.3919306748119247,0.3482018688150068,1435
rotation,3,8,8,True,0.644491171643049,0.6148434480044447,9715
rotation,3,9,9,True,0.6829869531879373,0.5956227216381982,6732
rotation,3,2,7,False,0.4396865225362658,0.4270274757499235,9830
rotation,3,9,5,False,0.3120843932319106,0.2615331372457558,8937
rotation,3,3,3,True,0.7224911125149834,0.658323328096806,3367
rotation,3,7,0,False,0.32071394294327366,0.276385359706314,9262
rotation,3,6,6,True,0.6757201479096402,0.5739695703463761,3577
rotation,3,9,9,True,0.7244423148889049,0.6119846165093054,7156
rotation,3,0,0,True,0.664701551609458,0.5735175365404822,172
rotation,3,5,5,True,0.5605621446494661,0.5109957980218954,843
rotation,3,8,8,True,0.7588696710065117,0.6504052330652548,5559
rotation,3,0,4,False,0.347650069828434,0.3318956926992234,6429
rotation,3,0,0,True,0.6882327346478669,0.5856505826083205,1674
rotation,3,0,0,True,0.6898862497504508,0.599762034382009,7624
rotation,3,4,8,False,0.5298675859695542,0.45477233861974187,746
rotation,3,5,8,False,0.5242489932110956,0.4968501804430038,5059
rotation,3,7,7,True,0.6380429089124598,0.567687004399602,9485
rotation,3,4,2,False,0.3916058271206927,0.3535492464874347,2287
rotation,3,9,9,True,0.7019198518800664,0.6060544898869907,6723
rotation,3,1,2,False,0.6628173130822964,0.5667369618286943,1299
rotation,3,6,6,True,0.7414425122136649,0.6250943205883971,9978
rotation,3,4,4,True,0.6491489582782485,0.593216370373489,7013
rotation,3,5,5,True,0.7357163030612554,0.6080686087828789,823
rotation,3,5,5,True,0.6660900297649474,0.5739300401473741,2457
rotation,3,6,2,False,0.521356948341959,0.47580447673263565,7245
rotation,3,7,9,False,0.43759741489911985,0.3534510591044208,3622
rotation,3,8,3,False,0.41716639932371663,0.37315688217776216,6634
rotation,3,3,3,True,0.917343356550126,0.777329761342354,6854
rotation,3,0,6,False,0.4550630889733306,0.40233646174082577,6359
rotation,3,1,1,True,0.740804583113044,0.6413128532958865,4818
rotation,3,6,1,False,0.5522728223141949,0.43933413747499195,4392
rotation,3,1,1,True,0.6127402487669567,0.5485888855500864,3713
rotation,3,7,1,False,0.3734055824967692,0.31263852113558654,8939
rotation,3,0,0,True,0.5171118624769231,0.44357107090792325,9090
rotation,3,9,5,False,0.33719153838392774,0.30262659727293595,1357
rotation,3,9,9,True,0.8210470127318322,0.720404066933206,5212
rotation,3,3,4,False,0.5132907981572271,0.4602448342435867,3611
rotation,3,8,8,True,0.6408074400952198,0.5755036414389506,6219
rotation,3,9,9,True,0.7541124111278897,0.6066429000973842,4184
rotation,3,8,7,False,0.4846664864953488,0.43662194439210905,3024
rotation,3,6,0,False,0.3878841269929801,0.3449209135685209,5298
rotation,3,2,2,True,0.6181721815508745,0.5293785743482253,7214
rotation,3,3,4,False,0.5314342041326979,0.47197088989241054,6056
rotation,3,3,7,False,0.42236964993756915,0.3924251972553989,9267
rotation,3,9,9,True,0.6430216256182619,0.5440375133319322,3323
rotation,3,6,6,True,0.4516620564020194,0.4269525061385446,3731
rotation,3,0,0,True,0.7226626014336239,0.6521897137318438,2312
rotation,3,1,1,True,0.7632265315798528,0.6711452937107091,7831
rotation,3,8,8,True,0.7233442957172159,0.605380622636615,3114
rotation,3,4,8,False,0.7392359878690318,0.6864502287969606,9838
rotation,3,5,8,False,0.3134657635822258,0.2871343625027124,3128
rotation,3,9,9,True,0.6540021534853695,0.5738682530745213,7928
rotation,3,5,5,True,0.6200698288344058,0.5443316463575308,6421
rotation,3,4,4,True,0.6840530482738932,0.6074963447879714,1056
rotation,3,8,8,True,0.6616574074893108,0.5959475531542591,4330
rotation,3,3,9,False,0.49372737711368875,0.4341655380788567,9154
rotation,3,9,9,True,0.6116355858968247,0.5100347745224686,5174
rotation,3,0,0,True,0.6451478847014964,0.584074317616685,539
rotation,3,8,0,False,0.2782769264670154,0.23522915854843993,4013
rotation,3,1,1,True,0.6181153595851234,0.5203026787755789,3522
rotation,3,4,8,False,0.44331018241751896,0.3905398136943621,9043
rotation,3,2,3,False,0.4871259387877462,0.419941011269284,5799
rotation,3,7,0,False,0.32253736841772096,0.2967571179997338,3652
rotation,3,4,4,True,0.693257583111165,0.6156712064259477,7373
rotation,3,7,3,False,0.4676602435449267,0.40310983241478315,8077
rotation,3,5,5,True,0.7919278897192509,0.69056422562754,7189
rotation,3,3,3,True,0.8626779865974108,0.7385697550571488,9747
rotation,3,7,7,True,0.7835788247197237,0.6963784042241332,6747
rotation,3,3,6,False,0.5532875062419155,0.49509944896429103,1372
rotation,3,2,2,True,0.6542813382711251,0.5854888249088551,2913
rotation,3,8,8,True,0.7022216421985152,0.6062047102687077,7158
rotation,3,9,9,True,0.6730914436153688,0.5922942762396096,5142
rotation,3,5,2,False,0.32392176355348573,0.30053455715605426,1431
rotation,3,9,4,False,0.41838016695184344,0.3856003141746394,9483
rotation,3,2,5,False,0.6752122968866454,0.6021873979533396,5671
rotation,3,0,3,False,0.4689711028337109,0.41116904126268716,5592
rotation,3,8,1,False,0.33774592815326476,0.27908994160498823,8838
rotation,3,8,8,True,0.7162189060629861,0.6338188446035155,4819
rotation,3,4,9,False,0.4722351919876306,0.4254404695388147,215
rotation,3,8,8,True,0.767028360621059,0.6449768857704659,3237
rotation,3,8,7,False,0.3693229541222399,0.34585838215234394,429
rotation,3,3,3,True,0.5669274732357306,0.5000123935004948,1022
rotation,3,1,4,False,0.30353486072979763,0.2704267284126606,1996
rotation,3,6,5,False,0.34206739754654264,0.3100265981091137,9402
rotation,3,8,8,True,0.5780880719197422,0.5249963184370063,1162
rotation,3,5,1,False,0.2981064521518476,0.2995608375150255,1869
rotation,3,4,4,True,0.6455249398044194,0.562623713630383,4156
rotation,3,2,2,True,0.7438710938539124,0.6426827974014498,648
rotation,3,2,8,False,0.48507637458972364,0.43947060002616295,8196
rotation,3,7,0,False,0.5621388424889413,0.46601714771094194,7975
rotation,3,3,3,True,0.6568363788835322,0.5905573854228895,4389
rotation,3,5,5,True,0.7629253346155755,0.6363912170779171,7681
rotation,3,6,6,True,0.7092851246046388,0.5904051669474363,2507
rotation,3,3,3,True,0.7859224860494906,0.7141000221683764,7507
rotation,3,3,7,False,0.508990831075381,0.4059881139878991,5180
rotation,3,7,4,False,0.3005367468893363,0.29660093814088184,4607
rotation,3,6,6,True,0.711489664441814,0.6509607094625738,821
rotation,3,7,7,True,0.7165318513099852,0.6308433427489004,4964
rotation,3,5,4,False,0.4049671493292019,0.3713368023580083,912
rotation,3,0,5,False,0.35950822030957347,0.2891000216959676,3076
rotation,3,6,7,False,0.46504446404801913,0.4004394348486907,122
rotation,3,0,6,False,0.3212664786688805,0.29524555642205974,9857
rotation,3,3,6,False,0.3768700163615373,0.3419259676687405,9018
rotation,3,7,7,True,0.6301070132120566,0.559477984365886,6270
rotation,3,2,9,False,0.5242002606061563,0.4671458787597084,133
rotation,3,8,3,False,0.46820918430039143,0.4133981078570437,8358
rotation,3,6,8,False,0.37402068953149503,0.30848165923129883,5824
rotation,3,9,2,False,0.3088472414405952,0.2845606274839173,3101
rotation,3,5,4,False,0.3420561880166364,0.2830106673554751,6065
rotation,3,4,3,False,0.5485609231297339,0.47398091408553594,3026
rotation,3,1,1,True,0.6475355558805098,0.5932481992946758,2136
rotation,3,8,2,False,0.4098077453916339,0.33204942910108864,2746
rotation,3,6,1,False,0.4363465932341424,0.3834086736908985,4302
rotation,3,8,2,False,0.4884562386243876,0.4475524468608888,8904
rotation,3,2,2,True,0.6309914914217897,0.5641171887430377,3806
rotation,3,2,2,True,0.8077760288687963,0.7077221761683214,9022
rotation,3,3,3,True,0.6282119448527157,0.5354345529839588,9829
rotation,3,4,3,False,0.4439776558253389,0.4185976782300364,9054
rotation,3,8,6,False,0.5306111990109978,0.4415398752465336,9680
rotation,3,2,5,False,0.495340084659923,0.4498977505727603,7029
rotation,3,2,2,True,0.9465379807326952,0.8226179578626382,2787
rotation,3,1,4,False,0.1,0.1,2309
rotation,3,4,6,False,0.44042802486476457,0.3815814453930173,3628
rotation,3,1,8,False,0.3154718493974561,0.3193736784232198,3396
rotation,3,0,9,False,0.47075978448184286,0.39190326377413337,9288
rotation,3,3,8,False,0.5790487705997496,0.4719934311887596,5043
rotation,3,4,9,False,0.31703504629709034,0.27172073439351735,9082
rotation,3,4,4,True,0.7152922098643553,0.6312574823560619,6364
rotation,3,9,3,False,0.507023983886814,0.47444675934190095,8566
rotation,3,9,9,True,0.6486559884850961,0.566863416450157,8070
rotation,3,5,3,False,0.4527884002712852,0.3672993402130969,3595
rotation,3,9,0,False,0.21235785988312283,0.19741588026516113,2680
rotation,3,8,1,False,0.4265540494034037,0.3946897994419494,7487
rotation,3,0,6,False,0.419132319950646,0.3776729951694243,7776
rotation,3,5,6,False,0.5249728639076354,0.47110240681260823,5750
rotation,3,3,7,False,0.5159946506145112,0.4161556310357769,324
rotation,3,0,0,True,0.6217904078843225,0.516679313682324,323
rotation,3,6,6,True,0.5834681381897198,0.5082693234207917,7323
rotation,3,5,1,False,0.26039911670977267,0.25900909951752643,4617
rotation,3,6,0,False,0.560871758236791,0.4759523757848273,5525
rotation,3,2,2,True,0.725874385575489,0.6360876391026598,5275
rotation,3,8,8,True,0.704233115995425,0.6169228985171332,8098
rotation,3,4,4,True,0.6577423863431215,0.55322687603258,1469
rotation,3,2,5,False,0.44307998790005704,0.37689311657700847,5211
rotation,3,2,9,False,0.4320959837687135,0.3817776029596268,4152
rotation,3,2,2,True,0.6701838795084695,0.5773439520609608,3315
rotation,3,1,1,True,0.5726599870929038,0.5181727574475599,9831
rotation,3,8,8,True,0.47469245174568286,0.41007289185810714,9903
rotation,3,2,2,True,0.7548056719887504,0.6743264407113827,1225
rotation,3,7,7,True,0.6205353881577381,0.5352195289475834,5595
rotation,3,4,3,False,0.5960057158402542,0.5220834738594696,4711
rotation,3,1,3,False,0.5144445689412414,0.4682760715430516,5027
rotation,3,8,8,True,0.6612919507685247,0.5749542293745151,6101
rotation,3,8,8,True,0.6864837348711196,0.5899889439192733,6345
rotation,3,7,0,False,0.26139570557246505,0.23580250407783623,9069
rotation,3,3,3,True,0.5407762961767859,0.49252518616218893,545
rotation,3,0,0,True,0.6002927608243253,0.5318819877385095,1394
rotation,3,7,7,True,0.5939975350836549,0.47700534153649105,9957
rotation,3,7,9,False,0.4201848506577296,0.35771497963657123,1103
rotation,3,8,8,True,0.7593597742386943,0.6461861800773409,6245
rotation,3,0,3,False,0.5644428582120629,0.5064466593532843,8259
rotation,3,8,7,False,0.57314224757236,0.46384570675377346,4847
rotation,3,0,0,True,0.6891042239782068,0.6063333999446351,4158
rotation,3,0,7,False,0.3980775578312797,0.3660863289287581,1346
rotation,3,7,5,False,0.5475423640728393,0.49313427421848866,7926
rotation,3,7,1,False,0.524608801196336,0.4592238205221902,8385
rotation,3,3,3,True,0.7014837123725636,0.5789430508770821,6580
rotation,3,7,7,True,0.6659818559994045,0.5759403936514433,1124
rotation,3,3,5,False,0.46957991301344415,0.44361929770366254,6906
rotation,3,1,1,True,0.6605065103018446,0.5645131204951446,9367
rotation,3,3,5,False,0.33223991244666623,0.341020592401794,2004
rotation,3,8,7,False,0.33441824492975636,0.3154785566634693,2563
rotation,3,5,8,False,0.1101484910821729,0.10576585541807784,8407
rotation,3,7,8,False,0.35435806019238797,0.320719023470402,6334
rotation,3,6,2,False,0.22293021305893687,0.21197833077553244,356
rotation,3,6,9,False,0.36591098585789694,0.3144810651502633,5893
rotation,3,6,8,False,0.4602160675337931,0.3979067572217722,6534
rotation,3,1,1,True,0.6328337245137332,0.5928013364149401,8548
rotation,3,0,0,True,0.5971212373433756,0.552387331614826,6852
rotation,3,1,1,True,0.7185308535017315,0.6181957621746725,1800
rotation,3,1,1,True,0.7035117549489242,0.5974081685173033,4131
rotation,3,6,0,False,0.48085496604556366,0.39186344132146295,9122
rotation,3,4,1,False,0.25815343076342007,0.27756188442454754,4493
rotation,3,3,3,True,0.7596485829044015,0.6811871692895514,5092
rotation,3,8,2,False,0.27948442251350547,0.27749040682848,9779
rotation,3,4,3,False,0.2475990320603556,0.21459149749763545,1885
rotation,3,7,1,False,0.2933970642103968,0.25220297399843394,4021
rotation,3,6,8,False,0.40456425037590377,0.34044964466144234,50
rotation,3,1,0,False,0.415930916626453,0.3053415311581418,8542
rotation,3,3,6,False,0.4127199662586053,0.3483207664779683,4183
rotation,3,2,6,False,0.3036238450439421,0.27947206587749057,4734
rotation,3,7,7,True,0.63405246543719,0.5589125079679227,1701
rotation,3,3,3,True,0.6073726912294595,0.518943600189447,2443
rotation,3,5,9,False,0.4328700805047324,0.39603263725483834,7745
rotation,3,8,3,False,0.3964026387795195,0.33845914116968556,5840
rotation,3,3,9,False,0.23973445103433141,0.23412858496050748,2193
rotation,3,9,5,False,0.3520639617507948,0.32935112023180535,5287
rotation,3,2,2,True,0.759251432085707,0.6767469728288283,1382
rotation,3,0,0,True,0.6106180271146002,0.5355023568915267,646
rotation,3,1,7,False,0.29681569227262045,0.2509699332870223,3185
rotation,3,4,7,False,0.34358614879857796,0.28320196827798066,8799
rotation,3,0,9,False,0.37527415493215144,0.2906102764241678,714
rotation,3,3,3,True,0.7177192338916487,0.6402047560640607,2479
rotation,3,3,8,False,0.46691506560844687,0.3781610961784031,6275
rotation,3,3,3,True,0.6896007990326839,0.5984594311129102,5460
rotation,3,1,0,False,0.469209931857332,0.4181884830318285,4813
rotation,3,4,5,False,0.5468744016338445,0.45846090272138135,2758
rotation,3,2,5,False,0.4416401094747482,0.38792951023500283,2500
rotation,3,7,7,True,0.6623721907020141,0.5843960233666848,6215
rotation,3,5,3,False,0.5048180174195125,0.43862832732059404,904
rotation,3,5,5,True,0.7298148704669085,0.6445504999308452,2534
rotation,3,7,7,True,0.6024398160193468,0.5181816284409735,8486
rotation,3,4,4,True,0.6632491484319367,0.5732059039348532,6393
rotation,3,1,1,True,0.6405316302496686,0.5416763114418544,5500
rotation,3,7,9,False,0.42806863181826116,0.3761461311123868,9658
rotation,3,9,5,False,0.5060198821773749,0.4452382863377417,7302
rotation,3,4,7,False,0.3699028333746158,0.31094052508434755,69
rotation,3,7,5,False,0.30436664942636715,0.28229061320365295,1204
rotation,3,6,6,True,0.7223453449571667,0.5796841104781372,77
rotation,3,0,0,True,0.621710741697359,0.5650941606436297,7244
rotation,3,1,1,True,0.638199070881075,0.5291195699663763,891
rotation,3,6,6,True,0.7174628798197971,0.6456520446127479,3118
rotation,3,3,3,True,0.5043092533460061,0.45607259299745195,5271
rotation,3,2,2,True,0.7489827134793511,0.6718872310901116,6788
rotation,3,5,5,True,0.7875869896715014,0.6619253303324374,6259
rotation,3,5,5,True,0.7860292409983609,0.6790529320411713,4050
rotation,3,9,9,True,0.6139245339036821,0.5427123509237424,6024
rotation,3,9,9,True,0.6941388028139168,0.6135770922170174,393
rotation,3,0,6,False,0.45046210377302714,0.41469577592799073,7426
rotation,3,4,4,True,0.5511058406295472,0.49646691105600804,8538
rotation,3,7,7,True,0.677097681499367,0.6000482948779362,6136
rotation,3,3,8,False,0.253211520547182,0.2400570634716776,1201
rotation,3,4,7,False,0.4846001608142405,0.44058522590847754,7140
rotation,3,6,6,True,0.7355025132847774,0.6405741234431414,589
rotation,3,7,7,True,0.7732988574033373,0.6952215827517397,6230
rotation,3,9,9,True,0.7109945284598301,0.6178060581238907,4730
rotation,3,1,1,True,0.6369072147434105,0.52254492339656,6950
rotation,3,4,4,True,0.6548854871870625,0.5965602517173877,7973
rotation,3,5,5,True,0.6798243646030673,0.6022110816927337,8488
rotation,3,8,8,True,0.7870288920499724,0.6809952070729268,6778
rotation,3,4,4,True,0.7878719657432378,0.6869724470707285,8726
rotation,3,0,9,False,0.5021614831195104,0.47197789433179443,7259
rotation,3,3,3,True,0.7486308366393818,0.6533374716185163,9640
rotation,3,9,9,True,0.6287177041915589,0.5797911693054194,2675
rotation,3,0,8,False,0.4876046755473792,0.43889734011162107,7159
rotation,3,9,9,True,0.6420443211446385,0.5534809619447146,9081
rotation,3,5,5,True,0.6895148299192899,0.5748927756576456,6746
rotation,3,2,2,True,0.604248816971834,0.5304389257349575,5272
rotation,3,3,8,False,0.38882910835713475,0.371787457313289,7856
rotation,3,3,8,False,0.6132544333495799,0.5248963168428014,496
rotation,3,9,6,False,0.36740839761891264,0.33462871101082226,508
rotation,3,8,9,False,0.41539086505610734,0.39878336123477365,4492
rotation,3,7,5,False,0.21779480823889075,0.16466832957920463,5940
rotation,3,0,0,True,0.7412318796381391,0.6529981867555655,3817
rotation,3,0,8,False,0.3665638567020447,0.3376602013612381,5250
rotation,3,8,5,False,0.549847134732193,0.4894918254474331,1355
rotation,3,3,3,True,0.4779726310680981,0.38719784705565896,4709
rotation,3,1,1,True,0.605714158693845,0.5146718171414958,3914
rotation,3,2,2,True,0.6860426292885775,0.5564196671437702,2852
rotation,3,6,6,True,0.7236931127746473,0.6037858293084637,1572
rotation,3,6,0,False,0.390691476698718,0.36396181250407894,8926
rotation,3,2,7,False,0.4061513274128815,0.35362890044151213,2436
rotation,3,5,5,True,0.5973767151942772,0.5391551140891608,8643
rotation,3,8,8,True,0.6284659955449784,0.5644869755331756,6636
rotation,3,3,2,False,0.448366872186649,0.3736392881885827,2690
rotation,3,1,1,True,0.6787865692694471,0.5953540761719726,6611
rotation,3,2,2,True,0.7218908695109786,0.5968819987849883,6188
rotation,3,9,6,False,0.2619539643628075,0.24315518035492165,481
rotation,3,4,1,False,0.5100303528826632,0.4570003960951993,7121
rotation,3,7,2,False,0.5432121178316245,0.4721818453593777,4402
rotation,3,2,2,True,0.6902397563841702,0.5680618001886453,4584
rotation,3,8,4,False,0.3723756865827306,0.30176531595248496,4570
rotation,3,1,5,False,0.34584579611190025,0.35982142812594237,5676
rotation,3,1,3,False,0.3946309890115861,0.3628642210975707,3233
rotation,3,8,8,True,0.7582796971992183,0.6539609621693885,8517
rotation,3,6,6,True,0.6473254921726741,0.58442490608388,1182
rotation,3,9,7,False,0.45978530860524114,0.43525032610995185,1428
rotation,3,5,5,True,0.7011369441410337,0.6351770355095627,3022
rotation,3,7,7,True,0.8829438872945325,0.761632439353885,5777
rotation,3,5,0,False,0.45856095396616736,0.3980993259141764,7152
rotation,3,0,5,False,0.3418173379890147,0.3214623834095301,1181
rotation,3,3,9,False,0.32324945449688997,0.2850535610247307,9777
rotation,3,9,9,True,0.5872419742614058,0.5381287998396848,8544
rotation,3,9,9,True,0.7122197913540638,0.6226286891599463,8412
rotation,3,4,4,True,0.5333375355692913,0.4842066842208134,9446
rotation,3,8,8,True,0.7999143600872047,0.7157184487227134,7742
rotation,3,2,2,True,0.505249832911523,0.4184837064489664,3954
rotation,3,3,3,True,0.5876666370325242,0.5174306021635078,2615
rotation,3,7,7,True,0.7500013850136061,0.67546703664461,9016
rotation,3,0,0,True,0.6671670061529863,0.5659578102135109,3277
rotation,3,0,7,False,0.44520378603082544,0.38246467786447114,5033
rotation,3,2,0,False,0.2509328851981397,0.2523212656223857,7707
rotation,3,0,7,False,0.33500428268826565,0.3303116924614291,5293
rotation,3,5,3,False,0.28492302692466165,0.1867531542243251,9050
rotation,3,7,7,True,0.6034192698988338,0.5518799188068267,6137
rotation,3,6,6,True,0.64903525524252,0.5201829326335851,1274
rotation,3,1,8,False,0.519932456234795,0.45568009350137156,8929
rotation,3,8,8,True,0.6483364451873447,0.5383704742597857,2425
rotation,3,4,3,False,0.2186456174256994,0.18989766031481445,6281
rotation,3,3,3,True,0.7067551312030641,0.6178411607445253,1604
rotation,3,5,7,False,0.28720940720549626,0.26974341865228363,977
rotation,3,1,1,True,0.5335197717604967,0.4970799253299986,834
rotation,3,9,9,True,0.7645465257203825,0.6379591118855904,1719
rotation,3,4,1,False,0.535420423100682,0.49323211099910214,9271
rotation,3,3,3,True,0.8120843017900363,0.6997166142600905,4258
rotation,3,6,8,False,0.4556182331072165,0.39714619617870434,6988
rotation,3,3,8,False,0.36706401298874336,0.361013073191656,4881
rotation,3,7,8,False,0.6577148712784444,0.5909065049486225,812
rotation,3,4,4,True,0.6542711226893014,0.5374839798382579,1171
rotation,3,8,2,False,0.11477941590983581,0.11099585269308271,3832
rotation,3,4,4,True,0.6473977626634422,0.5503339174733731,4230
rotation,3,6,6,True,0.8211348545576158,0.7042719501181505,9339
rotation,3,5,9,False,0.44043002713836316,0.3867369756516577,4352
rotation,3,9,9,True,0.6606878257432678,0.5858493434574001,7413
rotation,3,8,3,False,0.36705969599779287,0.30189419437702153,994
rotation,3,4,2,False,0.3793051350002032,0.33297431843269626,1923
rotation,3,7,0,False,0.4609248639112064,0.3988920102053508,7155
rotation,3,2,3,False,0.3838732298683164,0.3489753891217236,3928
rotation,3,8,8,True,0.5552282603777587,0.4858846085404267,6882
rotation,3,6,8,False,0.37021854597347315,0.34844095870160713,7135
rotation,3,3,1,False,0.582838328072284,0.5155842894184367,6532
rotation,3,8,8,True,0.6343697046643261,0.5662798167314994,1560
rotation,3,7,7,True,0.6961372663935433,0.6113746499390037,7925
rotation,3,1,1,True,0.7812711442459168,0.6560894515088515,5168
rotation,3,9,9,True,0.7272045497969815,0.6256302301519823,1366
rotation,3,2,5,False,0.29547626840972085,0.2527798747630104,4849
rotation,3,0,4,False,0.10016488105106391,0.11531795152908547,6106
rotation,3,3,3,True,0.515649088704776,0.47033146096917255,4057
rotation,3,4,4,True,0.7708750805334097,0.6686062881609034,7420
rotation,3,0,0,True,0.5305430621043461,0.4688667254164892,2952
rotation,3,5,2,False,0.5247434593143933,0.42944206234207377,940
rotation,3,4,4,True,0.7408086455330481,0.6368920284834082,4412
rotation,3,5,5,True,0.8043970364907053,0.6486961641034146,7167
rotation,3,4,2,False,0.5051713654867156,0.46057840454473875,6889
rotation,3,5,6,False,0.4687600015622424,0.45802477649767853,2791
rotation,3,1,1,True,0.7690922270062659,0.6580643681856387,8307
rotation,3,8,5,False,0.29304205123763905,0.26866243423893477,1281
rotation,3,6,6,True,0.6732248808984169,0.5955858885841927,8493
rotation,3,2,6,False,0.3571369841496352,0.29583514776874886,4423
rotation,3,1,6,False,0.3648533187261198,0.3224959414601357,8975
rotation,3,9,9,True,0.6243441751343386,0.5550471352490737,2883
rotation,3,5,7,False,0.5832576203559844,0.5141489294347396,184
rotation,3,8,0,False,0.5095344528671901,0.4492958255260461,5762
rotation,3,4,1,False,0.5423124064220037,0.470038033023138,1421
rotation,3,2,2,True,0.6472163916981918,0.5488117705439981,1772
rotation,3,2,8,False,0.4076797064527179,0.37504732091832715,2841
rotation,3,0,4,False,0.47783706834285444,0.45636890019942383,8410
rotation,3,5,5,True,0.7871608887945081,0.6439788079000259,7054
rotation,3,7,1,False,0.4631445365078836,0.3656078576882426,4319
rotation,3,1,6,False,0.6518401281137719,0.5447736451813951,3168
rotation,3,0,4,False,0.4785854728171131,0.4129736138610483,5628
rotation,3,1,1,True,0.7492283454302655,0.6465985999740279,9938
rotation,3,4,4,True,0.5996335220835488,0.5272317043176612,7694
rotation,3,5,5,True,0.7159314554295748,0.6249915721820987,7623
rotation,3,5,3,False,0.4963781968346078,0.434148346380575,9247
rotation,3,8,0,False,0.5178731268531922,0.4806352667890417,305
rotation,3,9,9,True,0.5999062933914174,0.5064037561816224,4774
rotation,3,8,8,True,0.552625356405575,0.5028768239036039,9489
rotation,3,3,8,False,0.5736684267606617,0.5423203437006997,3153
rotation,3,4,4,True,0.6348649803830599,0.5252239196027045,7267
rotation,3,7,7,True,0.6507580477487591,0.5291491135729787,2337
rotation,3,2,8,False,0.4566496984629403,0.40686454245534054,1176
rotation,3,9,9,True,0.7438349799403963,0.6601962804838527,8320
rotation,3,1,4,False,0.38284578835513605,0.34114316288547614,6192
rotation,3,4,6,False,0.3040815394998906,0.2309532879934473,4810
rotation,3,7,7,True,0.5452022915821314,0.44468578431320654,7435
rotation,3,1,7,False,0.2708012821766072,0.23502028807935127,4915
rotation,3,9,3,False,0.36046229411833336,0.3297078480820556,212
rotation,3,1,0,False,0.5911824337165416,0.5104145853396115,1742
rotation,3,2,4,False,0.4616343798447972,0.41165672212647897,7343
rotation,3,3,3,True,0.7474027930289306,0.6539976973744945,1527
rotation,3,6,2,False,0.39054689279718696,0.36558777096181194,1568
rotation,3,3,7,False,0.2638635631316276,0.2160673989687759,9477
rotation,3,5,5,True,0.6191812493754468,0.5430672047425975,9884
rotation,3,3,7,False,0.4698905763052311,0.4431813464162107,5919
rotation,3,3,9,False,0.49941757984685664,0.4237049129771106,7247
rotation,3,4,4,True,0.7153669563743236,0.6105240178338228,2838
rotation,3,2,9,False,0.3791322412157887,0.3389876814824126,7851
rotation,3,5,5,True,0.7016800285281847,0.5902836107901036,4795
rotation,3,4,4,True,0.7675990464613899,0.6441730635103036,7593
rotation,3,2,5,False,0.5013070155285783,0.4341681238906703,9582
rotation,3,4,0,False,0.40397433856252796,0.3534971338727996,347
rotation,3,4,2,False,0.4493036123739767,0.41193742273462614,5360
rotation,3,4,3,False,0.6507699472521111,0.5502201972758765,2659
rotation,3,6,2,False,0.3928086017030608,0.34949688723991074,791
rotation,3,2,4,False,0.4339311021091153,0.40852767449791066,6296
rotation,3,5,5,True,0.5687451113449481,0.5219296842083104,4778
rotation,3,4,4,True,0.5273081043173332,0.4610080530322429,4653
rotation,3,7,7,True,0.6274281245337392,0.5520922350214142,8179
rotation,3,6,4,False,0.18621737319261397,0.15518000160086148,9437
rotation,3,2,2,True,0.7164267137830347,0.629739785941525,8347
rotation,3,2,1,False,0.3508386950955375,0.3438197513864093,2583
rotation,3,3,2,False,0.3461755055218876,0.3352358542446216,3601
rotation,3,3,3,True,0.7132737167193767,0.6208377580410179,4274
rotation,3,5,5,True,0.7423607947067896,0.6529246977715517,4539
rotation,3,2,2,True,0.7694793189529954,0.6543473995053398,3419
rotation,3,9,6,False,0.3104121592148337,0.2602555972093999,7235
rotation,3,8,8,True,0.5373809945288807,0.4644886141159637,9219
rotation,3,6,6,True,0.5999854605054796,0.5304027800635717,4097
rotation,3,6,8,False,0.5423517111325749,0.4904374550824785,7731
rotation,3,2,8,False,0.4922241780394427,0.43180527062575275,9455
rotation,3,5,5,True,0.6629847878157786,0.5873400864886372,6367
rotation,3,0,0,True,0.6559458901499887,0.5215179154022929,6122
rotation,3,1,1,True,0.589923319033925,0.5198437571889587,4649
rotation,3,5,5,True,0.7836255670230818,0.6686772705685964,9439
rotation,3,0,0,True,0.5853330643147302,0.48751640659269435,9802
rotation,3,9,1,False,0.44646885476994574,0.40357825424707255,4613
rotation,3,7,4,False,0.3469700467646245,0.33886774634178757,2514
rotation,3,6,7,False,0.41393611296620036,0.36657134212430376,6680
rotation,3,8,0,False,0.31793292102169896,0.302838854868638,1526
rotation,3,4,4,True,0.6483634575229508,0.557754766793305,3008
rotation,3,8,5,False,0.4838998841625307,0.46737216020678385,9041
rotation,3,0,0,True,0.6444968683077945,0.5312984153356368,241
rotation,3,8,8,True,0.6704034813545859,0.5828255672119842,5156
rotation,3,1,1,True,0.780848800360119,0.6937502569733128,7865
rotation,3,1,4,False,0.33400482063723225,0.29828672142014195,4292
rotation,3,7,8,False,0.45513671713261844,0.4293945250445523,7637
rotation,3,7,9,False,0.3313673946161927,0.25520077115782713,2608
rotation,3,3,6,False,0.4435241536183481,0.389771684527876,2684
rotation,3,1,1,True,0.7270690056878392,0.628022022729044,5153
rotation,3,2,7,False,0.511663702369269,0.44770792395735626,68
rotation,3,4,4,True,0.7899758083975852,0.6548207021017624,5424
rotation,3,2,2,True,0.5603501982808683,0.48547086102276843,7581
rotation,3,9,9,True,0.6007058359278494,0.5188497229819146,2069
rotation,3,8,8,True,0.60518751079733,0.5342727599856455,7735
rotation,3,4,1,False,0.3588906066692149,0.342022249872396,1192
rotation,3,3,8,False,0.41765223646428074,0.3722340899407241,4310
rotation,3,1,5,False,0.4063286901121985,0.3687347744044199,902
rotation,3,1,0,False,0.4584121333124148,0.4298006838893262,3927
rotation,3,0,0,True,0.787775603423501,0.7083933821718438,9603
rotation,3,3,0,False,0.30813355637536344,0.2292253466265839,424
rotation,3,8,8,True,0.7142051115413052,0.6380223442445597,4534
rotation,3,7,7,True,0.699625593124819,0.6255041502001303,7144
rotation,3,0,4,False,0.40767952820886827,0.3562834655455055,2580
rotation,3,4,3,False,0.4073742626759481,0.3520977367399976,8522
rotation,3,3,0,False,0.3013479578868303,0.24856330151634742,7904
rotation,3,7,7,True,0.6750357392318314,0.549956217982857,9766
rotation,3,5,9,False,0.4786363757539499,0.4388367325962932,2775
rotation,3,6,0,False,0.40927458913231207,0.37818568177238726,2810
rotation,3,0,0,True,0.5611449912593977,0.489973901243009,7181
rotation,3,3,3,True,0.6554798627540712,0.5863550284989146,9333
rotation,3,3,3,True,0.8000017435727101,0.715472962595669,8099
rotation,3,8,8,True,0.6257262456866672,0.5109516216944866,2105
rotation,3,7,7,True,0.6775267325751888,0.595884023999729,3211
rotation,3,0,0,True,0.7367480261998327,0.6363814401394244,9321
rotation,3,1,1,True,0.8395452096815947,0.7372584647996184,3131
rotation,3,7,7,True,0.6495404972935288,0.5708363721863315,4368
rotation,3,3,4,False,0.4063726921664043,0.3758145633395937,8682
rotation,3,5,3,False,0.548355452061632,0.4494452376431326,5938
rotation,3,3,3,True,0.6050185066329024,0.5555450674187766,1898
rotation,3,3,9,False,0.5595012672545205,0.48010283993188785,6239
rotation,3,1,1,True,0.71848213385336,0.6230246568038119,3099
rotation,3,4,6,False,0.30416876479099225,0.23835243587041674,3962
rotation,3,7,9,False,0.503581337673644,0.4409729950126449,7908
rotation,3,5,6,False,0.3835803475396453,0.34067979403238213,784
rotation,3,1,1,True,0.7574093376309683,0.6572020544569388,3019
rotation,3,2,4,False,0.5238095650080079,0.44551956242087953,211
rotation,3,7,0,False,0.29505914647013115,0.24140791154015506,2954
rotation,3,6,6,True,0.5800851528092958,0.5208985859593308,845
rotation,3,9,9,True,0.6794461438596588,0.5577863903070168,6502
rotation,3,5,5,True,0.6386680785084025,0.5739597078439471,7583
rotation,3,9,9,True,0.6762923160955199,0.6237388857296576,9118
rotation,3,7,7,True,0.7834571848439192,0.7252741895129148,8079
rotation,3,8,8,True,0.5799071861529429,0.4862498147200501,6422
rotation,3,1,8,False,0.3229009698851795,0.30128258168829974,9239
rotation,3,3,2,False,0.2940327209521597,0.25367681946519194,62
rotation,3,3,7,False,0.23148060885258845,0.23624893353417248,797
rotation,3,1,6,False,0.40298435942409144,0.36539751319869695,1855
rotation,3,5,5,True,0.6923622530625414,0.5976626478337023,2297
rotation,3,0,0,True,0.8437176227259595,0.7139521501617282,4870
rotation,3,7,2,False,0.469641344172663,0.40680382855679337,7573
rotation,3,2,2,True,0.5135581161988894,0.4380377273501367,1512
rotation,3,3,9,False,0.5282360118702774,0.4635141543507281,6516
rotation,3,2,9,False,0.39896212640560186,0.35466163801674727,9336
rotation,3,3,4,False,0.42604610424433015,0.3660483769504974,7418
rotation,3,4,4,True,0.7061687664488223,0.6023612618370913,6420
rotation,3,8,8,True,0.5391213955658329,0.4858017533769381,8724
rotation,3,1,7,False,0.3778814981569317,0.35020923432928025,9324
rotation,3,1,1,True,0.6561961706904795,0.5565113891363446,627
rotation,3,3,3,True,0.7408249542592409,0.6436104613418486,2097
rotation,3,7,7,True,0.6126333247682044,0.5184538384335917,4521
rotation,3,7,1,False,0.499488967652182,0.4917234101162396,2253
rotation,3,8,6,False,0.3496029593627259,0.29335008656968514,9340
rotation,3,6,5,False,0.49054712045666615,0.43703105450864677,7006
rotation,3,2,2,True,0.7006363278283559,0.619442527341188,850
rotation,3,6,0,False,0.47414377913979333,0.40471541634289865,3433
rotation,3,4,4,True,0.621074985636368,0.5257072140878042,7209
rotation,3,6,6,True,0.6594429647985985,0.5699373047370457,5145
rotation,3,5,1,False,0.5316749169282801,0.44962279977874114,6801
rotation,3,9,2,False,0.5758484549422721,0.5082395168386603,5872
rotation,3,7,8,False,0.362516463558029,0.30614469824433477,5159
rotation,3,9,9,True,0.75201356711894,0.6571440174970965,4651
rotation,3,8,8,True,0.6118100268750967,0.4937507091933492,9276
rotation,3,4,4,True,0.7782619075522728,0.6603836594521434,7779
rotation,3,3,5,False,0.15858766144685638,0.14139882490067499,4726
rotation,3,2,2,True,0.5686576868413499,0.5183724257518483,5267
rotation,3,3,3,True,0.7621825382891788,0.6258999584118333,600
rotation,3,1,9,False,0.2248785482651805,0.2264536041499616,2703
rotation,3,3,6,False,0.4462331060157383,0.40749246813198226,4228
rotation,3,8,8,True,0.7361093162385973,0.6049820748920773,5030
rotation,3,1,2,False,0.3795511332530713,0.34837971574510085,3063
rotation,3,8,1,False,0.433630606157536,0.36498492362782864,5596
rotation,3,0,6,False,0.5961902714965535,0.5331858876651641,9929
rotation,3,1,5,False,0.32493178799776296,0.3038032796215392,9641
rotation,3,8,8,True,0.676896302162324,0.6062249985255211,4484
rotation,3,5,7,False,0.5285622365192001,0.45284851918975694,3001
rotation,3,3,8,False,0.44243297778211166,0.40471014327083266,8738
rotation,3,1,1,True,0.763295652162955,0.6946004794190281,907
rotation,3,0,8,False,0.2904260946891105,0.2560366426340614,6919
rotation,3,2,7,False,0.2411115891397658,0.21665964732204285,3779
rotation,3,1,0,False,0.2765894396986901,0.2643090410883829,3053
rotation,3,6,6,True,0.5992446522980502,0.4674250741188185,6140
rotation,3,9,3,False,0.5400559952573641,0.4544169860576282,1753
rotation,3,2,5,False,0.527068780467612,0.48315173698707714,4386
rotation,3,0,0,True,0.5955167205087136,0.5242644724961795,7328
rotation,3,9,5,False,0.5452815875496175,0.47417965964679876,8030
rotation,3,6,4,False,0.3592606518521792,0.3015394767642506,8001
rotation,3,3,1,False,0.22141617468527972,0.2037356695582048,3398
rotation,3,7,6,False,0.25831171070952613,0.223947104865663,3639
rotation,3,6,7,False,0.2746781689800607,0.21353922244651558,7464
rotation,3,7,7,True,0.7577202996759362,0.6851146831592272,9561
rotation,3,1,1,True,0.7482376547438377,0.6371045036916942,2979
rotation,3,3,0,False,0.3274522885532442,0.28789787000468375,1933
rotation,3,5,5,True,0.7839807229691955,0.6457209324817306,4180
rotation,3,6,7,False,0.44942966352854574,0.386312721637482,7800
rotation,3,5,5,True,0.7355059585184551,0.6602988598604831,428
rotation,3,2,9,False,0.2960384451450985,0.28525158104873816,4210
rotation,3,3,6,False,0.4573128184229144,0.4042212661996788,1448
rotation,3,4,1,False,0.5516068681953247,0.47136942860683323,6325
rotation,3,0,4,False,0.36891072537140235,0.32909059394345513,9179
rotation,3,8,8,True,0.7203647389163955,0.6374236023727452,7821
rotation,3,6,7,False,0.5581736311889908,0.45950816842913467,4168
rotation,3,6,3,False,0.38441112969898233,0.34676153380351615,205
rotation,3,7,1,False,0.5633229453323197,0.5091544817274867,6601
rotation,3,4,6,False,0.2718516719849846,0.24486832394230545,2241
rotation,3,5,5,True,0.716637521284523,0.6237523379640021,6500
rotation,3,6,9,False,0.5457419407360842,0.4643529357510017,8152
rotation,3,6,6,True,0.6111256865005448,0.5404004151174736,3443
rotation,3,7,7,True,0.611649852406777,0.5670673851754442,8976
rotation,3,0,0,True,0.646919860871051,0.5930081752395787,9573
rotation,3,9,1,False,0.37064250039147084,0.3185339422228207,1319
rotation,3,5,5,True,0.6964081483628544,0.5994559810148269,3245
rotation,3,7,9,False,0.241987577163306,0.24800022455842172,9487
rotation,3,0,4,False,0.2946099384470644,0.277318404705162,1614
rotation,3,4,4,True,0.7083399805567235,0.6285861739992246,346
rotation,3,4,9,False,0.23398662093881528,0.17772370921981,8755
rotation,3,2,5,False,0.5572768044517016,0.5069816211995257,4095
rotation,3,8,1,False,0.5114543796927293,0.44412682587842717,8978
rotation,3,4,2,False,0.5517409025660185,0.48864943154140533,5870
rotation,3,8,3,False,0.4544721311333665,0.3871924827768742,6907
rotation,3,4,4,True,0.6988986943160463,0.6420558286250423,2406
rotation,3,5,8,False,0.27657066676721964,0.23058621106893076,4426
rotation,3,5,0,False,0.5568341791016556,0.5273594515523367,2692
rotation,3,6,6,True,0.7008898213561365,0.6113296343813996,1109
rotation,3,6,6,True,0.6527368577435654,0.5664790840742053,8543
rotation,3,8,8,True,0.6795260349244371,0.5749359024446026,9381
rotation,3,2,2,True,0.644609651003203,0.5524636007196433,9327
rotation,3,7,7,True,0.7191867964450708,0.6222425884320977,7220
rotation,3,8,7,False,0.4386144869397224,0.3905178758472475,2316
rotation,3,8,9,False,0.18369942488497346,0.18193391206780293,5237
rotation,3,4,3,False,0.48120314902295336,0.4198507735545294,5847
rotation,3,4,6,False,0.5309599175688042,0.4770892298897026,6394
rotation,3,7,7,True,0.6899414855019737,0.6251056226464634,7692
rotation,3,5,8,False,0.3775585156290736,0.3570991803222657,4232
rotation,3,0,6,False,0.5048203796874648,0.4566312946527378,9565
rotation,3,7,9,False,0.32707976896663643,0.3030240263178759,9186
rotation,3,7,6,False,0.4943265326080839,0.4139721318730004,1333
rotation,3,5,2,False,0.44860703157319365,0.4004946377543507,5736
rotation,3,5,5,True,0.6484071332291564,0.5444513597903727,7414
rotation,3,5,1,False,0.40718120502376015,0.38144376543104863,2285
rotation,3,4,4,True,0.6722826248987909,0.5922118647681187,9494
rotation,3,6,0,False,0.4447132142860253,0.4156001796840124,7148
rotation,3,1,0,False,0.43156682123778206,0.4053376175288401,7231
rotation,3,2,6,False,0.5831948953064374,0.5195387531972836,1754
rotation,3,8,7,False,0.5779461645384744,0.49272758270493766,8085
rotation,3,8,7,False,0.34704316877071595,0.2651358040788032,7968
rotation,3,0,7,False,0.4007780842686495,0.36651787316529594,4614
rotation,3,1,1,True,0.7573172157532402,0.6553579808343784,4655
rotation,3,1,1,True,0.7411374400680009,0.6609737438036244,9564
rotation,3,9,6,False,0.1,0.11396554037789976,7799
rotation,3,8,4,False,0.5888834014173976,0.5275187951149586,1564
rotation,3,5,4,False,0.3529669485690295,0.3199640154300782,5921
rotation,3,6,6,True,0.645085027052027,0.5301481776142722,94
rotation,3,6,6,True,0.6113044078560572,0.5598847565021035,8552
rotation,3,8,4,False,0.35598054518004935,0.29244374178950333,8122
rotation,3,9,9,True,0.592146522665076,0.5053792976030601,1262
rotation,3,9,9,True,0.7304699646468363,0.6292899913663661,6771
rotation,3,3,2,False,0.45380882280024526,0.4011046119175592,1495
rotation,3,3,3,True,0.6610816664852799,0.5705370759367728,6333
rotation,3,1,3,False,0.5323284180435576,0.45636366667828,2320
rotation,3,8,8,True,0.5841464869161255,0.5275758492770243,4166
rotation,3,4,8,False,0.4312331747075487,0.35491629363010646,938
rotation,3,0,2,False,0.35262579642718533,0.30644404810467857,1657
rotation,3,8,8,True,0.6579275573635178,0.5323057712019237,738
rotation,3,9,0,False,0.517471086499887,0.43423192254990084,1610
rotation,3,8,1,False,0.5178004992879152,0.4238682928534853,8963
rotation,3,6,5,False,0.37708951885104186,0.35020642350641573,6409
rotation,3,8,8,True,0.716128853553466,0.627445387150647,1067
rotation,3,9,2,False,0.5078525479592768,0.4304973917463422,8896
rotation,3,5,3,False,0.4501316839774566,0.3336364349427084,5846
rotation,3,5,5,True,0.7626199713162407,0.6327104485342974,7317
rotation,3,3,3,True,0.7287070001224087,0.6124207071123765,1470
rotation,3,6,9,False,0.4178537921116663,0.3629648659452759,8582
rotation,3,9,9,True,0.7165476126108581,0.63922208174864,7237
rotation,3,9,6,False,0.34878827578972005,0.2826961776378103,4039
rotation,3,8,0,False,0.6087266848278277,0.5054023598550884,8249
rotation,3,3,8,False,0.583022856127884,0.47705057090982883,7200
rotation,3,7,7,True,0.6298218571459747,0.550404307201044,858
rotation,3,3,3,True,0.7494132300383581,0.608617867414448,869
rotation,3,0,0,True,0.7671331468498184,0.6317595781806867,7117
rotation,3,8,8,True,0.5823177866299297,0.519397879006574,8961
rotation,3,3,0,False,0.5414604846737533,0.5057217618359141,48
rotation,3,9,7,False,0.3319169022527478,0.298403477368745,7388
rotation,3,5,9,False,0.3329781684416358,0.2917511592870491,8418
rotation,3,6,2,False,0.4470986761045811,0.4385944958768805,8442
rotation,3,5,5,True,0.6970207464961149,0.5970357522281007,5703
rotation,3,4,4,True,0.6231450699067093,0.5343078548784589,5508
rotation,3,9,5,False,0.5095508265661413,0.43738985175865075,287
rotation,3,1,6,False,0.5567356779934358,0.5182384160135743,7645
rotation,3,1,5,False,0.49471428720855276,0.44628643545121316,3018
rotation,3,6,5,False,0.45712228432591273,0.41412141880339837,1044
rotation,3,9,3,False,0.3983445754545298,0.36012413076561056,7270
rotation,3,8,5,False,0.4275019458429891,0.36924340782697707,5853
rotation,3,7,1,False,0.2833737690491469,0.24940413012448764,5874
rotation,3,1,6,False,0.30104380783876333,0.25159566186330756,6897
rotation,3,0,6,False,0.5458717769815447,0.4710683938336975,5763
rotation,3,2,2,True,0.7097418570165758,0.6239324423965054,8392
rotation,3,7,9,False,0.2833784180039706,0.2519623244788837,5261
rotation,3,1,4,False,0.4746509857571392,0.4346382480183926,7161
rotation,3,3,0,False,0.2675425422225648,0.24766158785913628,4963
rotation,3,3,3,True,0.6209919903136202,0.5466396284608476,5154
rotation,3,1,1,True,0.5490594962265322,0.4643434129600695,4043
rotation,3,5,5,True,0.5480524214321116,0.4563146408348032,1491
rotation,3,2,1,False,0.35633751622197085,0.2953609239814485,2186
rotation,3,1,8,False,0.36902597598438425,0.3504291797380282,7911
rotation,3,4,0,False,0.45995872779154834,0.3714220000667863,4092
rotation,3,4,4,True,0.7491449331021789,0.655570980061645,2252
rotation,3,2,2,True,0.6043668168609206,0.5325205659047311,6734
rotation,3,0,9,False,0.5173998716940668,0.44110481626474435,7635
rotation,3,0,0,True,0.6060523255823302,0.5294263910763307,7932
rotation,3,8,8,True,0.6629741903618758,0.5819527378327313,1621
rotation,3,8,5,False,0.6423548362154383,0.5378987051355942,5580
rotation,3,6,6,True,0.8388002745544658,0.7121914902146176,7132
rotation,3,2,2,True,0.6915047749084683,0.6000972350591685,7917
rotation,3,6,4,False,0.46269566751352964,0.4062254225851019,5134
rotation,3,9,9,True,0.7295357040458824,0.6066669192401709,9593
rotation,3,8,2,False,0.49023606942974424,0.43176656708322136,1152
rotation,3,7,5,False,0.25325700392732486,0.2310916960424402,6474
rotation,3,1,1,True,0.5904619483039842,0.5352086316439904,4666
rotation,3,4,4,True,0.6799463057880474,0.5908500854338288,4266
rotation,3,9,9,True,0.6685663395665044,0.5735421448229364,6938
rotation,3,7,7,True,0.8115612923040324,0.7185015328278315,8446
rotation,3,0,8,False,0.5613300024576665,0.5127315554359356,1380
rotation,3,8,8,True,0.8073371968308857,0.6718627216497578,6040
rotation,3,4,4,True,0.613251870453588,0.5240809630194118,6669
rotation,3,1,1,True,0.6526620879791769,0.5257533296566802,9655
rotation,3,0,0,True,0.6269946935524617,0.5269757654691462,2452
rotation,3,4,4,True,0.7482963663373319,0.678990004137249,2556
rotation,3,9,7,False,0.30624339337907264,0.25205262973829184,1302
rotation,3,6,0,False,0.4296936615290054,0.3877557499783609,4359
rotation,3,4,1,False,0.4265519988776274,0.3839637595784083,3985
rotation,3,5,5,True,0.7034253795873949,0.5994208879148161,7592
rotation,3,2,2,True,0.5593963935539376,0.47958274738119333,7740
rotation,3,0,8,False,0.4370204998055402,0.41249434812977864,8985
rotation,3,4,4,True,0.6435324929233811,0.5790501124170969,8502
rotation,3,1,7,False,0.46338153126376824,0.4517973529143341,9214
rotation,3,9,2,False,0.4240085149721072,0.3224863032686215,8987
rotation,3,2,4,False,0.4486098137502429,0.4051758697776665,2631
rotation,3,2,2,True,0.5421604572419356,0.4263177036368974,2616
rotation,3,4,4,True,0.7045664249579864,0.6112224915261413,3141
rotation,3,3,3,True,0.5602622462202427,0.4848869087480479,5450
rotation,3,6,4,False,0.36906248960502813,0.30385630534894736,6565
rotation,3,0,0,True,0.6959148782728453,0.5924948923595822,1725
rotation,3,9,9,True,0.7409144990138569,0.6368459017506015,4187
rotation,3,2,2,True,0.5986587874434666,0.5306562465096514,2831
rotation,3,6,6,True,0.8191030057508151,0.6863565092790263,1683
rotation,3,8,0,False,0.37914121568996706,0.32056342007849603,4966
rotation,3,0,9,False,0.32978321461896914,0.303748990311515,955
rotation,3,4,0,False,0.2929686859243448,0.2764453718753806,8981
rotation,3,5,7,False,0.5926431311615669,0.5693789248609521,7376
rotation,3,0,0,True,0.7505859538387067,0.6543825593891982,7716
rotation,3,6,8,False,0.35189870774220366,0.3247994251106955,4405
rotation,3,8,9,False,0.43402908138883695,0.3774565316010539,7262
rotation,3,1,1,True,0.6038692787025616,0.5543556802041911,4620
rotation,3,8,4,False,0.41363113020718,0.3459493179665314,7741
rotation,3,4,2,False,0.5062635339586827,0.44199745969951887,8762
rotation,3,9,6,False,0.4043882911452491,0.36176414483466807,3478
rotation,3,2,8,False,0.3904554841394915,0.35466893808969346,7730
rotation,3,0,0,True,0.7145263963635513,0.6390811630216083,5121
rotation,3,6,2,False,0.37954201506931656,0.33155082759669274,7553
rotation,3,4,7,False,0.3663873751274669,0.34229163633862153,4540
rotation,3,6,6,True,0.745143465904305,0.618089430038623,1907
rotation,3,8,6,False,0.44497430578460373,0.396275283354365,9739
rotation,3,8,8,True,0.7454842617019855,0.6089157160961767,9359
rotation,3,1,6,False,0.5152514214263202,0.44644803365950114,8199
rotation,3,0,0,True,0.7417501516484315,0.693503905307954,5439
rotation,3,3,3,True,0.6630707759897845,0.5819373914442992,1032
rotation,3,1,1,True,0.7133623979495574,0.6098209509645185,2901
rotation,3,9,9,True,0.6766659887752385,0.598463261390807,7956
rotation,3,5,3,False,0.3909420768921976,0.3443551737032544,4693
rotation,3,0,9,False,0.4221643958456998,0.34934399345014244,970
rotation,3,5,5,True,0.6329343033513614,0.5141025411330197,4157
rotation,3,7,7,True,0.7999767330493761,0.6927321559251748,2207
rotation,3,7,5,False,0.3373503311223871,0.29585731003930166,5515
rotation,3,9,9,True,0.513537931103835,0.44443129758120736,867
rotation,4,9,4,False,0.29313323084215936,0.27738879467899064,5256
rotation,4,2,6,False,0.30032883758658135,0.26927654140802193,5236
rotation,4,9,9,True,0.6392787549363018,0.575832134936897,1180
rotation,4,2,8,False,0.252771162969097,0.2288989315539852,4903
rotation,4,3,3,True,0.6563495931650623,0.5689975469072653,9677
rotation,4,8,4,False,0.44241972043268973,0.39280284156432327,9901
rotation,4,3,8,False,0.24881904221959494,0.24169353274309738,1130
rotation,4,7,3,False,0.3583417783789842,0.3121983185752425,3455
rotation,4,4,0,False,0.4266407744643126,0.39581041092431113,1859
rotation,4,8,9,False,0.11198518588773398,0.1,2854
rotation,4,6,6,True,0.554146001511884,0.47974195665847263,2349
rotation,4,9,1,False,0.3138012707603772,0.24442587016961537,9953
rotation,4,4,7,False,0.26650273670580216,0.2347018147212198,1756
rotation,4,3,6,False,0.36815442381238206,0.30549400021520606,5947
rotation,4,3,3,True,0.6129983077922447,0.5471326523757614,7664
rotation,4,5,2,False,0.3529345542202084,0.3251745499514147,9459
rotation,4,9,2,False,0.2850969194100191,0.28166678124545275,239
rotation,4,1,1,True,0.4975811221002821,0.4711756164354611,3805
rotation,4,4,4,True,0.7775937973047565,0.6726980492240245,870
rotation,4,2,2,True,0.5053715316817733,0.42980851182535823,1188
rotation,4,1,8,False,0.3799568432373042,0.34734612403294474,405
rotation,4,6,8,False,0.30479324620331494,0.26631334719427996,2227
rotation,4,9,5,False,0.4661245009218251,0.3991094211414679,3284
rotation,4,9,6,False,0.28317838949667407,0.25535947097273554,9329
rotation,4,5,5,True,0.7392600475703563,0.6315992619024747,3838
rotation,4,0,7,False,0.30799157627649804,0.3179828826225103,3147
rotation,4,8,8,True,0.522400307108147,0.45376528993550563,1399
rotation,4,7,3,False,0.3386962476010084,0.3022782732481399,8258
rotation,4,3,3,True,0.7244200330039521,0.6469460050370183,5936
rotation,4,8,5,False,0.5075596274447223,0.4902252583539528,4436
rotation,4,2,0,False,0.2845880043689675,0.2523899291812865,2771
rotation,4,5,1,False,0.3469809298577786,0.27249337704635646,4121
rotation,4,1,8,False,0.29504916552176524,0.2642605783484621,9464
rotation,4,5,7,False,0.23646725875615543,0.1818784538324959,5934
rotation,4,7,7,True,0.6164511676753605,0.528658414958747,4699
rotation,4,7,7,True,0.5986626048307605,0.5538135015697887,1323
rotation,4,9,7,False,0.5943236762206223,0.5041468274264388,6308
rotation,4,7,7,True,0.6460719804475448,0.543240794738365,1660
rotation,4,9,1,False,0.36700482825505804,0.3441174454026359,9318
rotation,4,8,8,True,0.559050569870179,0.4858313418108707,615
rotation,4,7,9,False,0.3509950329087691,0.3375439379634505,3831
rotation,4,3,3,True,0.6025845317595144,0.5216122500661716,2837
rotation,4,7,7,True,0.5938220604747622,0.532652868261386,1217
rotation,4,0,0,True,0.6790291963612622,0.5613250394712576,5836
rotation,4,2,2,True,0.5256086120118919,0.4430702028078995,8936
rotation,4,4,6,False,0.38571043801454574,0.3391582662586654,2764
rotation,4,3,3,True,0.5872431091451802,0.5060792615362728,8019
rotation,4,2,3,False,0.43871485299088214,0.43787027060040146,1666
rotation,4,0,8,False,0.33999071670311654,0.3243103237485615,520
rotation,4,9,9,True,0.6921192279622735,0.6230890010325335,1267
rotation,4,5,9,False,0.5619714110503122,0.48926043584144535,707
rotation,4,4,4,True,0.6992535587877047,0.5815052700756984,6277
rotation,4,9,9,True,0.5864571703979521,0.5469537523052643,3535
rotation,4,7,9,False,0.18448171363072832,0.13939352669268631,6744
rotation,4,6,8,False,0.4350017082181491,0.37374719891665625,8167
rotation,4,4,0,False,0.27165591106661624,0.25737552256563706,8391
rotation,4,4,1,False,0.34697755625376,0.3620994940812218,894
rotation,4,4,4,True,0.6176570708090356,0.5748176426348327,4063
rotation,4,3,4,False,0.3136844519011094,0.2940904324462399,8194
rotation,4,9,9,True,0.6207373936097949,0.585608673758404,4944
rotation,4,4,8,False,0.30647205008303025,0.2656257465148972,5166
rotation,4,4,8,False,0.2429801817144479,0.23054964384757554,5466
rotation,4,3,2,False,0.33556910237312804,0.3294152584920356,2920
rotation,4,3,4,False,0.3634784110376915,0.2959066736831178,4179
rotation,4,9,0,False,0.32476414702385964,0.29857316718494825,1025
rotation,4,7,0,False,0.2021641815784682,0.1956863401198834,4669
rotation,4,7,6,False,0.39933662764181094,0.3626521312485437,4294
rotation,4,6,7,False,0.30261591223944234,0.2513554783464097,3219
rotation,4,2,9,False,0.37743272548969803,0.3445400682258964,4000
rotation,4,1,6,False,0.26236066896685384,0.24389639620660877,7839
rotation,4,4,2,False,0.4845890384127191,0.4159085249322848,1993
rotation,4,6,9,False,0.43125220225382277,0.397166455291773,2872
rotation,4,0,0,True,0.6235661322575224,0.5720437154567327,8923
rotation,4,0,0,True,0.6441852214583582,0.5484937958653169,9051
rotation,4,0,5,False,0.523573820342305,0.46994133960587287,9815
rotation,4,0,5,False,0.47750667826502724,0.44849692173595523,1779
rotation,4,4,4,True,0.6427022798814501,0.5892829620793515,3752
rotation,4,5,5,True,0.4722039251420057,0.4132756885474991,1303
rotation,4,4,8,False,0.3058021062798474,0.2963744749013849,4078
rotation,4,0,0,True,0.5670471400897346,0.49213235585194964,4067
rotation,4,0,4,False,0.5299225257198155,0.4817864106176695,7337
rotation,4,6,3,False,0.42056495519536896,0.3576991639327482,1516
rotation,4,3,5,False,0.27729283132850985,0.220264945794085,1273
rotation,4,1,0,False,0.3666243635308599,0.3372861834361759,1798
rotation,4,2,1,False,0.4360408536748708,0.4032282600055851,7477
rotation,4,2,3,False,0.3771971192744516,0.3497425202359085,8121
rotation,4,2,1,False,0.4363316201286,0.3695357538466167,5621
rotation,4,1,7,False,0.29805777520585525,0.218888225693101,4922
rotation,4,3,2,False,0.33850462557390737,0.3201998092187113,9701
rotation,4,1,4,False,0.3941202906736424,0.37917628575182355,4715
rotation,4,5,3,False,0.39885802271406867,0.31613494211123366,779
rotation,4,4,8,False,0.2967113643274939,0.26109566827910086,6152
rotation,4,7,2,False,0.11503178911409534,0.1,1696
rotation,4,7,7,True,0.5626108185380786,0.4981416493434596,5219
rotation,4,3,9,False,0.3553222811671593,0.3437584521402739,1435
rotation,4,8,6,False,0.37830505823431093,0.3318999640725907,9715
rotation,4,9,9,True,0.6019716959042206,0.516551588316497,6732
rotation,4,4,6,False,0.36351462335651863,0.33180714431902725,9830
rotation,4,5,6,False,0.5201051349656068,0.41460881757571905,8937
rotation,4,4,5,False,0.3103523517421196,0.2955549660366178,3367
rotation,4,6,6,True,0.5341221963966701,0.4901587996374914,9262
rotation,4,1,1,True,0.6389232361898105,0.5581784063989154,3577
rotation,4,4,2,False,0.25637045687038873,0.22411932199542775,7156
rotation,4,4,4,True,0.7461255223809939,0.6435752181607903,172
rotation,4,9,9,True,0.5967979692945391,0.5167305881525566,843
rotation,4,8,9,False,0.32897605967326843,0.29347977062236663,5559
rotation,4,5,6,False,0.1065028172241998,0.1,6429
rotation,4,5,6,False,0.49906071851233835,0.44747980840471174,1674
rotation,4,7,0,False,0.537025772802879,0.4641269228291523,7624
rotation,4,0,0,True,0.6280364574555624,0.5492433508680168,746
rotation,4,5,6,False,0.5433109939781073,0.4652540776492582,5059
rotation,4,4,9,False,0.1909430093790867,0.18491818270060584,9485
rotation,4,8,0,False,0.3891673332361202,0.3723796102062622,2287
rotation,4,7,7,True,0.6661003098095631,0.5853585558129997,6723
rotation,4,7,7,True,0.6459005020830036,0.5312793292981486,1299
rotation,4,0,0,True,0.5548637284791857,0.48672050478564055,9978
rotation,4,8,8,True,0.6779814052426846,0.5954799856521004,7013
rotation,4,6,9,False,0.24103100243488496,0.2187824980969657,823
rotation,4,0,4,False,0.4275183743624683,0.36307101441770073,2457
rotation,4,6,6,True,0.6714433873805291,0.5848122142475007,7245
rotation,4,5,5,True,0.6814203117063325,0.6110388938957467,3622
rotation,4,1,6,False,0.5046904648115906,0.43806878228632373,6634
rotation,4,5,5,True,0.7597248995277639,0.6883638689640883,6854
rotation,4,8,3,False,0.13383157121183628,0.11575076592912538,6359
rotation,4,3,3,True,0.687252045599735,0.5785419883077181,4818
rotation,4,2,3,False,0.37089675234485114,0.3256268892251488,4392
rotation,4,2,3,False,0.3358572810232102,0.2598200972205267,3713
rotation,4,7,4,False,0.44603308316079443,0.393956369752258,8939
rotation,4,8,9,False,0.40002126664307286,0.34837907351639397,9090
rotation,4,7,1,False,0.30005139954921484,0.2837849768651951,1357
rotation,4,2,5,False,0.42964864605165476,0.346015725187417,5212
rotation,4,4,5,False,0.40635762524882296,0.37570956626198565,3611
rotation,4,5,6,False,0.40333451816442134,0.360922155225303,6219
rotation,4,7,8,False,0.34402749512588776,0.33912892914023657,4184
rotation,4,4,4,True,0.6582382311006325,0.571103673792185,3024
rotation,4,6,8,False,0.37090836592436,0.33709623808628986,5298
rotation,4,5,2,False,0.3299719655228569,0.30816613561635336,7214
rotation,4,0,1,False,0.4079188005181309,0.3210553834136199,6056
rotation,4,9,7,False,0.41566790666073655,0.39053505665646737,9267
rotation,4,2,2,True,0.6990292084330019,0.6065941494712863,3323
rotation,4,8,8,True,0.6406325745197452,0.5341170478326446,3731
rotation,4,4,5,False,0.13502848578326573,0.12826715548076992,2312
rotation,4,5,7,False,0.4504325865347349,0.42129010618182183,7831
rotation,4,8,4,False,0.2635910376420321,0.2322042754608063,3114
rotation,4,2,1,False,0.47201073191885556,0.4182909686410217,9838
rotation,4,1,1,True,0.7340970578172211,0.5989582272323669,3128
rotation,4,1,3,False,0.5181937094834733,0.43835333782014224,7928
rotation,4,8,4,False,0.1416313444927839,0.14954259386081173,6421
rotation,4,1,6,False,0.39232524418169595,0.36964843292967936,1056
rotation,4,6,4,False,0.32343296847652137,0.29413728829563524,4330
rotation,4,4,2,False,0.40634104467489407,0.37206593733382864,9154
rotation,4,0,7,False,0.5325467874987997,0.45965650031549316,5174
rotation,4,1,2,False,0.3836630682290131,0.34152196849853417,539
rotation,4,8,1,False,0.4539578737608763,0.3796514681273515,4013
rotation,4,4,4,True,0.49403572353041736,0.425115742274769,3522
rotation,4,5,8,False,0.29809658308002707,0.26781556201642237,9043
rotation,4,3,0,False,0.3962013694577175,0.3205027435743116,5799
rotation,4,5,1,False,0.4968069390533443,0.4851723407815347,3652
rotation,4,0,0,True,0.6134287542248296,0.5223246478037072,7373
rotation,4,9,9,True,0.5729041081517652,0.5061735930773397,8077
rotation,4,7,7,True,0.678374954566358,0.5666097207843261,7189
rotation,4,6,6,True,0.617659035336546,0.4795411345506535,9747
rotation,4,9,9,True,0.5333918093464523,0.502631492428161,6747
rotation,4,9,9,True,0.5916259526985135,0.5190086746069428,1372
rotation,4,4,4,True,0.5890468259103747,0.47220917969964255,2913
rotation,4,9,9,True,0.7021824091226408,0.5913311519154208,7158
rotation,4,3,8,False,0.31052262797391805,0.3203145010744217,5142
rotation,4,8,0,False,0.4909770112053791,0.44197633162527084,1431
rotation,4,0,0,True,0.5525922677803554,0.43309539769170663,9483
rotation,4,3,5,False,0.2844715100938116,0.2465600132860954,5671
rotation,4,0,5,False,0.24135232498359532,0.21649108206656145,5592
rotation,4,8,8,True,0.6629952854769281,0.5890505777124335,8838
rotation,4,6,6,True,0.7080983306399519,0.6167020016259114,4819
rotation,4,0,9,False,0.43221349390772756,0.3476931688600171,215
rotation,4,5,2,False,0.2368646092579509,0.20365882169315783,3237
rotation,4,2,2,True,0.6039911392356604,0.5102486176501255,429
rotation,4,7,9,False,0.17451919477476346,0.17831185573075795,1022
rotation,4,1,1,True,0.5640327715720851,0.48356794743603093,1996
rotation,4,5,4,False,0.4634593958690131,0.3978418517626194,9402
rotation,4,6,9,False,0.45530841039083336,0.39679633846886675,1162
rotation,4,1,0,False,0.30984830024285903,0.2611298605392767,1869
rotation,4,0,8,False,0.37300947888052555,0.36222982157075695,4156
rotation,4,8,0,False,0.13531610993545087,0.15246940859702784,648
rotation,4,1,2,False,0.5217894079327619,0.48190710002688614,8196
rotation,4,8,6,False,0.47568196159358994,0.39466041378645433,7975
rotation,4,2,3,False,0.4503957870861472,0.4048786271513337,4389
rotation,4,7,7,True,0.6556143854752281,0.5880367031945433,7681
rotation,4,6,7,False,0.3236444506796864,0.26957433565160555,2507
rotation,4,9,4,False,0.3409846539964457,0.28136932507040846,7507
rotation,4,4,9,False,0.5300294322633858,0.4456841272836787,5180
rotation,4,8,2,False,0.45999961746574247,0.3767638574677628,4607
rotation,4,4,9,False,0.3413024655583481,0.326056075228552,821
rotation,4,4,4,True,0.5576712743000927,0.5081066264716023,4964
rotation,4,8,0,False,0.26883075080408414,0.23703105117633047,912
rotation,4,8,9,False,0.221517308870258,0.20201324475112456,3076
rotation,4,0,4,False,0.35311992782815094,0.3015269092736024,122
rotation,4,7,0,False,0.24626443714776874,0.270610018485473,9857
rotation,4,8,2,False,0.19081627467856896,0.16848113983760482,9018
rotation,4,4,1,False,0.36332680334042844,0.31324736601118436,6270
rotation,4,6,7,False,0.33352439758109426,0.2959347387321202,133
rotation,4,4,6,False,0.25913371450100653,0.20896710028648918,8358
rotation,4,8,8,True,0.5786445487576697,0.5121992121198097,5824
rotation,4,6,6,True,0.5666600508497359,0.5251814433431633,3101
rotation,4,7,6,False,0.337425443372186,0.2983284130222386,6065
rotation,4,0,0,True,0.7584705518394947,0.6757231312557914,3026
rotation,4,1,7,False,0.34300589525813474,0.26734712549454204,2136
rotation,4,6,1,False,0.5330046075083199,0.4489992702229378,2746
rotation,4,0,9,False,0.49292021540236164,0.4359183598415504,4302
rotation,4,4,4,True,0.5240429979903343,0.42347577104188366,8904
rotation,4,9,3,False,0.2780608429255128,0.257916141937573,3806
rotation,4,3,4,False,0.30395947031751597,0.26720415680684656,9022
rotation,4,0,0,True,0.5987931883440786,0.5298995086769381,9829
rotation,4,4,3,False,0.2802503858660889,0.24856165279568343,9054
rotation,4,1,1,True,0.6900880469449414,0.5982909459763895,9680
rotation,4,9,0,False,0.3006358889391538,0.21843652010869163,7029
rotation,4,7,5,False,0.34250524546504924,0.2842916894178721,2787
rotation,4,9,2,False,0.47814417901875494,0.4315727046970781,2309
rotation,4,4,1,False,0.41530217788819357,0.3396846590566229,3628
rotation,4,9,0,False,0.3668818971624368,0.30722240909240967,3396
rotation,4,7,0,False,0.3485797211189095,0.30255437127837187,9288
rotation,4,6,7,False,0.34019415094568556,0.29726890444739545,5043
rotation,4,3,9,False,0.4531140883931404,0.4144692856044522,9082
rotation,4,8,2,False,0.38979021367814715,0.3509123112390258,6364
rotation,4,9,1,False,0.3343464078568229,0.2859692138159577,8566
rotation,4,1,1,True,0.6584336633518596,0.5403846240883526,8070
rotation,4,7,3,False,0.4082703662009883,0.4231713719271764,3595
rotation,4,5,6,False,0.3942497561651447,0.3508682077669269,2680
rotation,4,3,0,False,0.20177346708444632,0.2047814583922341,7487
rotation,4,3,3,True,0.7197499995908747,0.5791135781472674,7776
rotation,4,2,3,False,0.39349678920493886,0.3420412035216287,5750
rotation,4,1,2,False,0.33386476581083985,0.2905944703842662,324
rotation,4,2,5,False,0.5414125039536141,0.465911555607716,323
rotation,4,7,7,True,0.5969990461263206,0.5380142934506738,7323
rotation,4,2,8,False,0.23379647896990594,0.20842938681390127,4617
rotation,4,0,0,True,0.6592345905181319,0.5667599901492554,5525
rotation,4,1,9,False,0.4568832576763376,0.40308276080282923,5275
rotation,4,8,5,False,0.3516582627309863,0.3144154074475085,8098
rotation,4,3,7,False,0.4336871041697029,0.35942096985966965,1469
rotation,4,9,5,False,0.29520642522211094,0.28572578334566967,5211
rotation,4,3,1,False,0.20301085537679525,0.1759942389515616,4152
rotation,4,3,8,False,0.42932303969554564,0.3778606055900379,3315
rotation,4,4,4,True,0.732687094881843,0.6677205589763067,9831
rotation,4,1,1,True,0.6604153695416703,0.6344738413123957,9903
rotation,4,1,1,True,0.6019208965916315,0.5359949800772615,1225
rotation,4,7,4,False,0.2539962917488322,0.19606492056171457,5595
rotation,4,2,6,False,0.42734873528960093,0.3725119366016422,4711
rotation,4,8,8,True,0.5472178287983446,0.5144469774002288,5027
rotation,4,2,6,False,0.4125676172227431,0.36107262224267317,6101
rotation,4,7,7,True,0.5089529036110343,0.46426854590177496,6345
rotation,4,2,2,True,0.6276525490674537,0.564875068695577,9069
rotation,4,7,5,False,0.46592468389652963,0.39695902311531256,545
rotation,4,2,0,False,0.44224081102211826,0.4287589859130566,1394
rotation,4,7,7,True,0.6175799499176141,0.5485225504187439,9957
rotation,4,2,5,False,0.67157028566802,0.5853040601784796,1103
rotation,4,8,8,True,0.5982314934155378,0.5202236944537253,6245
rotation,4,5,5,True,0.5390485977853117,0.44974989451432745,8259
rotation,4,0,1,False,0.3895641636029994,0.33034026281481876,4847
rotation,4,7,9,False,0.32128537688981706,0.26763378916618985,4158
rotation,4,9,8,False,0.35926862523885605,0.36585800460372964,1346
rotation,4,2,2,True,0.5625774460327804,0.5139310409330029,7926
rotation,4,7,7,True,0.6513044854857233,0.5484186746846357,8385
rotation,4,2,3,False,0.16400700592808923,0.19127188572403608,6580
rotation,4,5,3,False,0.4439742363573801,0.41967775792476963,1124
rotation,4,1,5,False,0.38274805717557026,0.3274822411391578,6906
rotation,4,3,3,True,0.531082242104228,0.47704224944473017,9367
rotation,4,7,5,False,0.2339047382084208,0.2001861529928556,2004
rotation,4,9,5,False,0.40068046307275607,0.37608070027025825,2563
rotation,4,2,2,True,0.6479995710957224,0.5756437751627563,8407
rotation,4,0,0,True,0.7535028967927453,0.6470069492586555,6334
rotation,4,7,7,True,0.524361062676644,0.43595474778941684,356
rotation,4,7,4,False,0.5813450780548828,0.5078477809890029,5893
rotation,4,3,3,True,0.6924165212876663,0.6133841349598961,6534
rotation,4,1,6,False,0.3604759637850528,0.34741147921509197,8548
rotation,4,2,2,True,0.5994918481580342,0.5371491585983232,6852
rotation,4,5,9,False,0.3132285784513883,0.29977166163424146,1800
rotation,4,1,1,True,0.7130065658458495,0.6060212127440273,4131
rotation,4,4,5,False,0.3195477628794104,0.24705293490359923,9122
rotation,4,3,6,False,0.3342603316040555,0.2652766665339427,4493
rotation,4,1,0,False,0.3494770291399855,0.30622347866208716,5092
rotation,4,0,0,True,0.7041176611652845,0.598039484178534,9779
rotation,4,1,5,False,0.3472193452020799,0.30767462080804203,1885
rotation,4,7,1,False,0.633314705736636,0.5679944703560301,4021
rotation,4,3,2,False,0.2249822018016895,0.218786220564049,50
rotation,4,3,4,False,0.5175913650828583,0.4080470278246512,8542
rotation,4,3,3,True,0.6469132989940887,0.6164733982147091,4183
rotation,4,0,0,True,0.6876880283988472,0.6073615109029589,4734
rotation,4,2,8,False,0.31244922302460343,0.28637053199355156,1701
rotation,4,8,4,False,0.45824022964787936,0.40153593207289107,2443
rotation,4,4,1,False,0.5505197056372102,0.47734508044382984,7745
rotation,4,7,7,True,0.6606831600998134,0.5985861297136791,5840
rotation,4,5,5,True,0.7044883049012579,0.5943437996217487,2193
rotation,4,0,1,False,0.370826330181591,0.3363365986024079,5287
rotation,4,7,5,False,0.3051790302627423,0.3047222608781188,1382
rotation,4,4,3,False,0.37994615030813184,0.34175209696992537,646
rotation,4,3,3,True,0.513617928655953,0.4618401247964123,3185
rotation,4,0,6,False,0.3740385117656613,0.30483926583007226,8799
rotation,4,6,2,False,0.36229539182201675,0.339482362672364,714
rotation,4,5,0,False,0.36366580764392736,0.33150309296545527,2479
rotation,4,6,6,True,0.8005887140520348,0.6934952378324131,6275
rotation,4,5,5,True,0.6383467721747116,0.5720316782618827,5460
rotation,4,7,7,True,0.6060910174148038,0.5073081189466534,4813
rotation,4,7,0,False,0.13053301996870947,0.16197762145539168,2758
rotation,4,9,9,True,0.6384177284158012,0.6155016371709896,2500
rotation,4,9,9,True,0.6031085394510425,0.5156204713339694,6215
rotation,4,9,8,False,0.42434191661518494,0.3992062815343723,904
rotation,4,9,3,False,0.4310996448983864,0.3785583546727575,2534
rotation,4,8,6,False,0.2754356708017602,0.2245101071877263,8486
rotation,4,3,4,False,0.3413009973260156,0.33104976139882913,6393
rotation,4,7,7,True,0.6212113219204111,0.5373517744599446,5500
rotation,4,5,5,True,0.6962135840988158,0.6190177920090846,9658
rotation,4,2,4,False,0.23630752131437455,0.25406988230556127,7302
rotation,4,0,0,True,0.5548824233553595,0.49720586778723913,69
rotation,4,1,5,False,0.35187201979216776,0.31826735054024813,1204
rotation,4,9,0,False,0.5297888666935926,0.44612087067766865,77
rotation,4,6,1,False,0.3981064376683033,0.3342573432722659,7244
rotation,4,8,8,True,0.5633351040591763,0.4911096931348266,891
rotation,4,5,1,False,0.1704230751367516,0.15227932230031727,3118
rotation,4,1,3,False,0.28614849020938826,0.27182927852349914,5271
rotation,4,5,1,False,0.3020988570811107,0.25000544530546753,6788
rotation,4,9,6,False,0.5304465637769951,0.450374463302456,6259
rotation,4,7,7,True,0.5717076478246672,0.49791892994760917,4050
rotation,4,2,2,True,0.6603611200340846,0.5782335601975583,6024
rotation,4,6,6,True,0.5396524832192181,0.4748723713077684,393
rotation,4,6,6,True,0.6229543851484496,0.5406025961666928,7426
rotation,4,2,4,False,0.5692551658222885,0.4831779432455968,8538
rotation,4,4,7,False,0.5652712159071018,0.5070695529426128,6136
rotation,4,9,9,True,0.5008215657366625,0.4643510811163958,1201
rotation,4,5,3,False,0.4711069847140104,0.421646238757318,7140
rotation,4,8,8,True,0.5855971073113538,0.5011558779432633,589
rotation,4,6,7,False,0.41724392611223016,0.3313447736871518,6230
rotation,4,1,7,False,0.17004041418357196,0.19273643538128427,4730
rotation,4,5,5,True,0.5786530542955782,0.5033595385736814,6950
rotation,4,5,5,True,0.6836008560730988,0.6225008526265895,7973
rotation,4,6,9,False,0.4204447901289048,0.40521587508585866,8488
rotation,4,9,6,False,0.36025910370806846,0.3372938019829585,6778
rotation,4,3,3,True,0.6443778877031536,0.5818157147826446,8726
rotation,4,6,6,True,0.6039703140737207,0.5458780977792631,7259
rotation,4,8,8,True,0.623900363571125,0.5408924369241933,9640
rotation,4,5,6,False,0.2938267397530682,0.24178568276859896,2675
rotation,4,0,0,True,0.7287836255094758,0.6504263252913527,7159
rotation,4,9,7,False,0.5646171045571937,0.46433169598634444,9081
rotation,4,2,2,True,0.6205178499101517,0.5345850056102158,6746
rotation,4,7,6,False,0.36590452934564643,0.31322698658429443,5272
rotation,4,7,3,False,0.4776352732656931,0.4324509080404424,7856
rotation,4,6,1,False,0.3411823659474079,0.30966105987186027,496
rotation,4,7,4,False,0.25608934449752396,0.2198431249899153,508
rotation,4,4,3,False,0.5821235271532514,0.5013751037873948,4492
rotation,4,1,7,False,0.3156057039745382,0.3224303948169597,5940
rotation,4,7,3,False,0.5553434015101232,0.4713501462728178,3817
rotation,4,5,0,False,0.407600672166658,0.3577942445480418,5250
rotation,4,8,8,True,0.6279717865225005,0.5603560703390307,1355
rotation,4,3,4,False,0.46968197781437754,0.415637923622411,4709
rotation,4,1,3,False,0.32994295343094426,0.3076325197535366,3914
rotation,4,1,1,True,0.5755449390013576,0.5261863083067643,2852
rotation,4,6,6,True,0.49250148644985425,0.4624119354006394,1572
rotation,4,0,2,False,0.5033980765972588,0.4437906808103115,8926
rotation,4,6,6,True,0.6685117511054964,0.5913406017432582,2436
rotation,4,2,3,False,0.4403274364680971,0.3934810921549282,8643
rotation,4,1,6,False,0.3615817659372528,0.30443960010686677,6636
rotation,4,3,3,True,0.5999614065328913,0.5288676131723473,2690
rotation,4,8,2,False,0.531173759090974,0.43355027504784244,6611
rotation,4,0,1,False,0.314856674305605,0.2901269204531718,6188
rotation,4,8,3,False,0.32299581324780635,0.2469050341856879,481
rotation,4,9,9,True,0.6736549080521496,0.5678184040148091,7121
rotation,4,1,7,False,0.22536937711985905,0.22367159455678914,4402
rotation,4,3,3,True,0.7542372047763054,0.6654051915126956,4584
rotation,4,7,9,False,0.2963635785216469,0.2665655650683564,4570
rotation,4,4,2,False,0.22821646788342012,0.19997413324300536,5676
rotation,4,2,5,False,0.24626960213307644,0.2070397944460773,3233
rotation,4,5,8,False,0.36832722092182113,0.3166537255046406,8517
rotation,4,2,2,True,0.6397716599376253,0.5725099601071237,1182
rotation,4,0,9,False,0.3618052440798087,0.3174545524753574,1428
rotation,4,1,1,True,0.6103120217235648,0.4920692660520506,3022
rotation,4,9,7,False,0.30496274229956605,0.249588494455026,5777
rotation,4,6,0,False,0.4050618233212172,0.34306369147666665,7152
rotation,4,8,7,False,0.4855199767785212,0.42240564983745205,1181
rotation,4,9,5,False,0.46675729336505856,0.4058734721564466,9777
rotation,4,1,1,True,0.7295898797814432,0.6140335666648813,8544
rotation,4,5,8,False,0.5224500524961642,0.47138048324850007,8412
rotation,4,3,8,False,0.31796291389075626,0.24567158505304013,9446
rotation,4,2,7,False,0.25335457722312543,0.21542854685605667,7742
rotation,4,3,4,False,0.34234255867902724,0.3216839443657865,3954
rotation,4,1,4,False,0.4970689137780293,0.4483077707251919,2615
rotation,4,5,1,False,0.4409374698022234,0.38439690349346123,9016
rotation,4,1,4,False,0.4800268311683774,0.4417977056801139,3277
rotation,4,1,7,False,0.36213958156701154,0.3280286453705897,5033
rotation,4,2,2,True,0.6590012089641802,0.5765622844855064,7707
rotation,4,6,7,False,0.3500566137152846,0.3245635050418242,5293
rotation,4,5,8,False,0.28532543532405763,0.26565228561068077,9050
rotation,4,8,8,True,0.6649525899453623,0.6068433757983666,6137
rotation,4,9,9,True,0.6047223451699916,0.5234993418684196,1274
rotation,4,2,5,False,0.3234340417673951,0.2850616898034672,8929
rotation,4,9,5,False,0.4323608365763455,0.38644355759067195,2425
rotation,4,2,0,False,0.38466495372134374,0.3423917350217937,6281
rotation,4,0,4,False,0.5069911493654542,0.4830800571382167,1604
rotation,4,8,7,False,0.28522354266804395,0.2679281509144647,977
rotation,4,2,1,False,0.3312018436710442,0.28205801863960733,834
rotation,4,2,2,True,0.5675545821163982,0.467600146384886,1719
rotation,4,6,6,True,0.7684516394276323,0.6996048183885374,9271
rotation,4,8,8,True,0.565688517971389,0.4883340312673039,4258
rotation,4,6,9,False,0.45321540267428206,0.4068456720869499,6988
rotation,4,1,5,False,0.4411591986959669,0.38961390767412574,4881
rotation,4,2,3,False,0.5016774580491803,0.45755573481383166,812
rotation,4,5,5,True,0.6429745541272258,0.5504681049574717,1171
rotation,4,9,3,False,0.3784542986257108,0.33906340176802163,3832
rotation,4,1,1,True,0.5837193083115639,0.5002499852543209,4230
rotation,4,5,5,True,0.648645009832734,0.6219797202634312,9339
rotation,4,9,6,False,0.20828444544275554,0.1769878953397092,4352
rotation,4,5,3,False,0.3333687260058719,0.3095665943558526,7413
rotation,4,2,9,False,0.34526470943524895,0.36538303215698925,994
rotation,4,8,8,True,0.590194035030798,0.5386372064704565,1923
rotation,4,1,1,True,0.5787385902142477,0.5065024756373607,7155
rotation,4,3,8,False,0.31271886446910424,0.2841501835157068,3928
rotation,4,1,4,False,0.4517737458107128,0.3827528883267828,6882
rotation,4,7,2,False,0.2511662358112481,0.2620889130503353,7135
rotation,4,9,9,True,0.5996927399307564,0.5202227859092392,6532
rotation,4,9,9,True,0.8137958497011923,0.7052565136553215,1560
rotation,4,0,8,False,0.20447161715172604,0.17123597320737938,7925
rotation,4,9,8,False,0.33265597753602666,0.29151082582376997,5168
rotation,4,5,5,True,0.5005230861269272,0.44175135500486273,1366
rotation,4,0,0,True,0.567019769106437,0.5187564240052212,4849
rotation,4,1,1,True,0.598611138485521,0.5291446704816836,6106
rotation,4,0,7,False,0.15605191963605797,0.16954281813096364,4057
rotation,4,4,8,False,0.4767477838397362,0.37454124834207836,7420
rotation,4,7,8,False,0.6741780974484042,0.6160650947609118,2952
rotation,4,4,4,True,0.6366288080791844,0.5293061341099919,940
rotation,4,0,7,False,0.31465920809692133,0.2978438913044377,4412
rotation,4,3,8,False,0.2914591930804672,0.20057493307035804,7167
rotation,4,6,7,False,0.2652771004506079,0.24179940962936114,6889
rotation,4,4,4,True,0.4215589600824835,0.3922776744563138,2791
rotation,4,8,8,True,0.6243263967058512,0.5288508266019548,8307
rotation,4,7,7,True,0.40981157900852017,0.36405757045791287,1281
rotation,4,0,2,False,0.49119451492600485,0.45104246662067093,8493
rotation,4,7,6,False,0.4781037312043433,0.43607433146683694,4423
rotation,4,0,0,True,0.6318331223293453,0.5208658631302724,8975
rotation,4,0,2,False,0.24190078094750775,0.24059389310842957,2883
rotation,4,5,5,True,0.6340308369672956,0.5880995214506741,184
rotation,4,9,9,True,0.6724980723819911,0.6109246161156996,5762
rotation,4,9,3,False,0.5378507998759228,0.4475654223627459,1421
rotation,4,7,1,False,0.28522290488233754,0.23572885651505535,1772
rotation,4,5,0,False,0.25400764963283856,0.2324285092562642,2841
rotation,4,7,9,False,0.3681631682935193,0.33964875605774636,8410
rotation,4,9,9,True,0.71140797059998,0.6371151635315203,7054
rotation,4,9,3,False,0.18868215983797768,0.15954202366899034,4319
rotation,4,7,5,False,0.32702950866451275,0.29148738564157783,3168
rotation,4,1,2,False,0.25788680111656526,0.21783943227951016,5628
rotation,4,3,7,False,0.4599084748528024,0.3857875441555972,9938
rotation,4,3,3,True,0.527285335934259,0.4713199263855163,7694
rotation,4,2,0,False,0.4801453780645582,0.42165512320771886,7623
rotation,4,9,7,False,0.29586826999201943,0.275596794625786,9247
rotation,4,6,6,True,0.6958607237871389,0.5950476663930323,305
rotation,4,4,2,False,0.22940748225959087,0.22338982399741728,4774
rotation,4,3,8,False,0.3565754877359884,0.29553853531362434,9489
rotation,4,8,9,False,0.2579286717103355,0.22513088146024715,3153
rotation,4,2,8,False,0.5202859075570601,0.43510867012264576,7267
rotation,4,7,6,False,0.4748412772095305,0.4243054470733879,2337
rotation,4,3,9,False,0.3891003584001235,0.3819852493969886,1176
rotation,4,0,7,False,0.46984866786572643,0.4217446112895401,8320
rotation,4,5,5,True,0.5442969193775289,0.47561835620527937,6192
rotation,4,1,3,False,0.4286142950717307,0.3753728903087286,4810
rotation,4,9,9,True,0.6409566789057163,0.5482127042145001,7435
rotation,4,2,2,True,0.5546572072661378,0.5085620737230758,4915
rotation,4,9,6,False,0.3797814996302112,0.3460528417838018,212
rotation,4,6,6,True,0.5116217267597942,0.41640793153390715,1742
rotation,4,7,9,False,0.18647709123140774,0.19527144471246574,7343
rotation,4,1,1,True,0.5726456862105759,0.48433767868276983,1527
rotation,4,2,6,False,0.5489634338542773,0.46850020868735004,1568
rotation,4,0,3,False,0.35598345508550583,0.3256317282350542,9477
rotation,4,4,5,False,0.2962041740916405,0.25480870417676976,9884
rotation,4,2,2,True,0.6313535733589744,0.5965070435305648,5919
rotation,4,0,7,False,0.21538028261666656,0.19330289246803262,7247
rotation,4,3,5,False,0.3204446345765422,0.3000410698955958,2838
rotation,4,5,5,True,0.6672228065608317,0.551249555960618,7851
rotation,4,5,5,True,0.5979266721954443,0.5109120344746146,4795
rotation,4,6,6,True,0.5997958566918878,0.5222082467998773,7593
rotation,4,8,8,True,0.7352574907261827,0.659905249909754,9582
rotation,4,3,3,True,0.6689313993994432,0.5620674141350425,347
rotation,4,8,6,False,0.21763872666215175,0.22398147423138323,5360
rotation,4,2,2,True,0.5825531993876738,0.5127167242773244,2659
rotation,4,5,3,False,0.3113524809138847,0.2861985339205309,791
rotation,4,9,1,False,0.38641476765199995,0.3285457643778396,6296
rotation,4,0,5,False,0.33892186546588965,0.2837801003177909,4778
rotation,4,0,1,False,0.38208528801521613,0.2962249725433647,4653
rotation,4,5,7,False,0.378024075596571,0.3423141661131072,8179
rotation,4,7,7,True,0.4884603311312687,0.4427363859792534,9437
rotation,4,1,1,True,0.6143738908606698,0.529980038665753,8347
rotation,4,6,4,False,0.3881178297318274,0.3132300700994751,2583
rotation,4,0,4,False,0.5457616925925441,0.46777507251898165,3601
rotation,4,5,9,False,0.2038674634611805,0.19574939568717709,4274
rotation,4,2,1,False,0.3858549740426358,0.3466573534653593,4539
rotation,4,1,4,False,0.35599168774413315,0.33103223176241897,3419
rotation,4,9,1,False,0.3723237716115481,0.2991270596127644,7235
rotation,4,8,8,True,0.6035135266985031,0.5198864353342554,9219
rotation,4,3,4,False,0.2841249013305286,0.2545028734465419,4097
rotation,4,6,4,False,0.3104476557128653,0.29154348049313367,7731
rotation,4,9,9,True,0.6331611254396026,0.5411194098561228,9455
rotation,4,6,8,False,0.3519162276181052,0.32482679498535943,6367
rotation,4,7,7,True,0.5246087530436275,0.44192981078508414,6122
rotation,4,7,7,True,0.6133056589526634,0.5406497263945484,4649
rotation,4,5,5,True,0.5931319965984249,0.5132977767826981,9439
rotation,4,1,1,True,0.608812780484992,0.5254608516873754,9802
rotation,4,0,0,True,0.48167310686670073,0.472684945261194,4613
rotation,4,4,8,False,0.4234603255131644,0.3682835125287155,2514
rotation,4,5,5,True,0.7076055630496789,0.6080085932688795,6680
rotation,4,7,8,False,0.3977069691139872,0.32455813313684606,1526
rotation,4,0,5,False,0.2475249738404669,0.24519817718089995,3008
rotation,4,3,0,False,0.34600087570424976,0.29822872509094966,9041
rotation,4,3,6,False,0.4631272644223188,0.40801746996134797,241
rotation,4,7,7,True,0.5918409968803503,0.5011790992492303,5156
rotation,4,5,5,True,0.5843178504827075,0.5199848992695052,7865
rotation,4,3,4,False,0.2762714719424602,0.26847725651094595,4292
rotation,4,7,9,False,0.33120138236661395,0.32269400333192677,7637
rotation,4,8,8,True,0.7152934752730381,0.620667341869795,2608
rotation,4,6,3,False,0.4337824544904209,0.3718462077958735,2684
rotation,4,8,8,True,0.6460511311404757,0.5509721622101936,5153
rotation,4,5,3,False,0.2711005580032605,0.24578850522003107,68
rotation,4,8,8,True,0.6936339009574126,0.6096615915865554,5424
rotation,4,7,7,True,0.6687338880204651,0.5943095295451367,7581
rotation,4,6,3,False,0.37174019706386513,0.31404242577065067,2069
rotation,4,4,4,True,0.5087933610058424,0.45016245830337975,7735
rotation,4,5,4,False,0.4689711009606358,0.3932401810746236,1192
rotation,4,6,6,True,0.7077538092806539,0.614000811752124,4310
rotation,4,8,9,False,0.2901713601048813,0.2895580341567224,902
rotation,4,7,5,False,0.36922362283851823,0.3242796625283602,3927
rotation,4,3,3,True,0.5588941819188725,0.4723698340609652,9603
rotation,4,0,9,False,0.39268381597755453,0.35579141461169644,424
rotation,4,9,7,False,0.6461916128797942,0.5821521119613262,4534
rotation,4,2,2,True,0.5450629996364995,0.4629275913490181,7144
rotation,4,8,7,False,0.3495208613286924,0.2849925416058041,2580
rotation,4,0,0,True,0.6570453803479688,0.5572489237328679,8522
rotation,4,2,7,False,0.42072953572035443,0.363826314730315,7904
rotation,4,0,0,True,0.7906531236057864,0.7174179468432639,9766
rotation,4,3,3,True,0.8569895691502099,0.7153603736345464,2775
rotation,4,0,9,False,0.14820142297317707,0.10708770603166032,2810
rotation,4,8,2,False,0.33115955475760167,0.3019238725169099,7181
rotation,4,4,7,False,0.3062893896456788,0.26111016223654476,9333
rotation,4,2,2,True,0.5546124030386215,0.46659205225078026,8099
rotation,4,3,3,True,0.7974961038341943,0.705866006083324,2105
rotation,4,0,8,False,0.4266408965975692,0.37946850280877087,3211
rotation,4,2,2,True,0.7396199284301457,0.6637836294349869,9321
rotation,4,0,7,False,0.4634830718945662,0.42365116539137704,3131
rotation,4,0,0,True,0.5787023187387004,0.48273295419389,4368
rotation,4,8,5,False,0.5173372982536277,0.42115160276618124,8682
rotation,4,6,1,False,0.46020405646077256,0.42855572093936495,5938
rotation,4,3,3,True,0.6734517344448346,0.5849480900485607,1898
rotation,4,2,2,True,0.522531536681167,0.5194470981850285,6239
rotation,4,2,1,False,0.3512642091770086,0.3329146469411611,3099
rotation,4,3,7,False,0.4242386023369561,0.4030275233995814,3962
rotation,4,2,2,True,0.5675828604156273,0.4785592036665665,7908
rotation,4,8,8,True,0.44580633399321107,0.3922595235414883,784
rotation,4,5,1,False,0.4249794735596044,0.39240620851066643,3019
rotation,4,0,0,True,0.693333358902376,0.6026498523543766,211
rotation,4,4,8,False,0.4420259558940842,0.3918423046665429,2954
rotation,4,1,1,True,0.69650307567911,0.611896569014287,845
rotation,4,1,5,False,0.5189883730436283,0.4416611654923289,6502
rotation,4,6,3,False,0.25633512762501487,0.21521543445824243,7583
rotation,4,4,4,True,0.5510790249230136,0.4797516592837891,9118
rotation,4,1,1,True,0.62251938372728,0.5358507228635725,8079
rotation,4,6,8,False,0.5083728718667336,0.4295663801974127,6422
rotation,4,4,5,False,0.5611525481275483,0.4894443602145005,9239
rotation,4,3,9,False,0.2201705645119856,0.17602656764486058,62
rotation,4,0,0,True,0.4853003154062126,0.4427534123302791,797
rotation,4,6,1,False,0.35909573276742435,0.332023972732105,1855
rotation,4,2,4,False,0.2421205866238941,0.23447621154062753,2297
rotation,4,7,7,True,0.584455593274773,0.4950144121703418,4870
rotation,4,3,2,False,0.37852621324609925,0.31744043367516295,7573
rotation,4,6,5,False,0.4835007562556163,0.45240118473979746,1512
rotation,4,6,2,False,0.3484704229253218,0.30728615529618536,6516
rotation,4,1,5,False,0.40701040380067777,0.37236121271367617,9336
rotation,4,0,9,False,0.22979836936206055,0.18727866507920632,7418
rotation,4,4,6,False,0.260285312109535,0.2305256753149083,6420
rotation,4,2,2,True,0.6803879711540696,0.6171658655627634,8724
rotation,4,9,9,True,0.4334976277071103,0.38614609158814894,9324
rotation,4,1,2,False,0.46880218643116495,0.40848600140602753,627
rotation,4,1,7,False,0.3647080761667631,0.33632928283859503,2097
rotation,4,4,0,False,0.47190476685156546,0.4224397641931008,4521
rotation,4,8,8,True,0.5407072839687506,0.5162913587894522,2253
rotation,4,4,7,False,0.4787882050195816,0.42278750634338613,9340
rotation,4,4,1,False,0.4614761845073063,0.4202055230834811,7006
rotation,4,9,2,False,0.3539267887501867,0.3131411426897183,850
rotation,4,6,0,False,0.38596603842984734,0.32329687171658594,3433
rotation,4,8,0,False,0.40136283641861725,0.3645944351733916,7209
rotation,4,3,5,False,0.4776769839856981,0.3916990738589791,5145
rotation,4,1,2,False,0.3628616860342402,0.3431639878270726,6801
rotation,4,7,8,False,0.4018131079572868,0.3302073169963665,5872
rotation,4,2,2,True,0.5474707893321054,0.4626412242351468,5159
rotation,4,1,3,False,0.2779520862065723,0.2318811178309833,4651
rotation,4,6,1,False,0.29267693405950523,0.2761933979728363,9276
rotation,4,7,1,False,0.41773057767133953,0.3476786141966368,7779
rotation,4,9,1,False,0.2956494216840396,0.27649021472074914,4726
rotation,4,1,1,True,0.6698095928444018,0.5708641824752724,5267
rotation,4,8,0,False,0.34960246649168103,0.3098212806857736,600
rotation,4,1,2,False,0.36630981674141183,0.3156292222180055,2703
rotation,4,6,6,True,0.7125906002609197,0.6672428005807711,4228
rotation,4,0,6,False,0.38238836979647145,0.3067521477382707,5030
rotation,4,5,3,False,0.3409427815892648,0.3145931058935113,3063
rotation,4,8,8,True,0.6085592661617572,0.532083653869692,5596
rotation,4,1,1,True,0.6819659675754169,0.5790765944563879,9929
rotation,4,8,1,False,0.3711835402288516,0.33840191276081266,9641
rotation,4,0,0,True,0.531188267487431,0.44730130558186254,4484
rotation,4,3,1,False,0.22847165902899944,0.18772685521387508,3001
rotation,4,1,8,False,0.33196340788735096,0.27423760506926986,8738
rotation,4,0,7,False,0.2459582177871502,0.2257122801737409,907
rotation,4,2,5,False,0.12077895638679831,0.10567100863962157,6919
rotation,4,9,4,False,0.33073612540083785,0.2787888817431909,3779
rotation,4,8,8,True,0.6052876875350236,0.5363544884326039,3053
rotation,4,1,7,False,0.49838771524666103,0.46019545900086534,6140
rotation,4,5,0,False,0.3582391060423605,0.2911268513822612,1753
rotation,4,1,8,False,0.3909800030259213,0.35395135800371824,4386
rotation,4,9,9,True,0.6712864835457485,0.5960688050501071,7328
rotation,4,2,7,False,0.368281846620428,0.35351394776842054,8030
rotation,4,8,8,True,0.516700260560434,0.44840631150301935,8001
rotation,4,2,8,False,0.577110185120794,0.536438968408685,3398
rotation,4,1,1,True,0.48897025513406045,0.44229962681038815,3639
rotation,4,9,6,False,0.40164090570364847,0.3188132991026224,7464
rotation,4,1,4,False,0.282007076112548,0.2607120097659743,9561
rotation,4,6,6,True,0.690799620462093,0.6018299136679194,2979
rotation,4,6,2,False,0.40094853512827633,0.37548737064167703,1933
rotation,4,3,0,False,0.3397931731973177,0.327420136213639,4180
rotation,4,7,7,True,0.6367963765519692,0.536844663069046,7800
rotation,4,7,9,False,0.3252621443853503,0.3095981948019116,428
rotation,4,6,6,True,0.6275295060327286,0.5458164241444671,4210
rotation,4,7,7,True,0.6305041657348677,0.5367454102967069,1448
rotation,4,2,9,False,0.5230892906732244,0.48860400944193655,6325
rotation,4,2,6,False,0.36948665849539014,0.31954312314887245,9179
rotation,4,4,4,True,0.6039102273359793,0.5289671437088533,7821
rotation,4,1,1,True,0.45350336080900533,0.3989839563554984,4168
rotation,4,1,1,True,0.6360164404728612,0.5659085685146383,205
rotation,4,1,1,True,0.6693308560618999,0.6103235989155569,6601
rotation,4,0,7,False,0.38953299224660476,0.37829213526578837,2241
rotation,4,3,0,False,0.2508131524001508,0.2462878069872073,6500
rotation,4,2,5,False,0.297947021108114,0.23446116774919004,8152
rotation,4,0,5,False,0.5667467939988703,0.5258822541848789,3443
rotation,4,6,6,True,0.5877174058291095,0.5265748390803241,8976
rotation,4,4,9,False,0.3979799497537284,0.37522976208287756,9573
rotation,4,3,3,True,0.5872652121615741,0.5081490759806842,1319
rotation,4,2,1,False,0.50586418729833,0.4447358955487851,3245
rotation,4,4,4,True,0.6069203464529024,0.5498791516496766,9487
rotation,4,7,9,False,0.45364632591179416,0.44083039524922096,1614
rotation,4,0,3,False,0.12399324755969296,0.12426645326713759,346
rotation,4,3,7,False,0.3480092598042753,0.2858469472282029,8755
rotation,4,4,4,True,0.5864753090106006,0.5254390525143735,4095
rotation,4,6,3,False,0.30756708088832024,0.2727026274148772,8978
rotation,4,8,8,True,0.709782310487093,0.5971993758752552,5870
rotation,4,6,6,True,0.5634992984049322,0.49133569548104317,6907
rotation,4,6,9,False,0.3439215422167467,0.31687520215610343,2406
rotation,4,7,4,False,0.2815861289730345,0.27540364921692434,4426
rotation,4,6,8,False,0.32063925106565827,0.2778834586605413,2692
rotation,4,4,4,True,0.5534096748313465,0.4765957204286733,1109
rotation,4,6,3,False,0.3284493134464923,0.2921488127901759,8543
rotation,4,3,0,False,0.21848749234582368,0.2358349105200096,9381
rotation,4,8,8,True,0.617258632391706,0.5665135748191255,9327
rotation,4,2,8,False,0.4333676253438634,0.3946535209609864,7220
rotation,4,6,6,True,0.6794733924932579,0.6030900358271245,2316
rotation,4,0,9,False,0.22791617357760274,0.20243045996926087,5237
rotation,4,7,5,False,0.443808454070321,0.40768128678488424,5847
rotation,4,1,1,True,0.5580814437490673,0.469494625342997,6394
rotation,4,5,2,False,0.38767975146605127,0.35411111569076514,7692
rotation,4,2,0,False,0.34133155044957014,0.26449322097127936,4232
rotation,4,0,6,False,0.2221362896964304,0.17100686502641604,9565
rotation,4,6,4,False,0.2562452161538774,0.1941242637997022,9186
rotation,4,6,4,False,0.4259300198104048,0.4146778506641856,1333
rotation,4,7,7,True,0.5600450715365125,0.4878732899820607,5736
rotation,4,7,2,False,0.22276088568002947,0.1772955012293497,7414
rotation,4,4,6,False,0.47366880822179214,0.46636606927312624,2285
rotation,4,9,9,True,0.5660583995534062,0.48064711460871073,9494
rotation,4,8,8,True,0.7229618474081784,0.640036700943163,7148
rotation,4,0,1,False,0.30508313903263595,0.2586543440368615,7231
rotation,4,3,3,True,0.6960464865541225,0.6225156937470188,1754
rotation,4,6,9,False,0.28745987984091215,0.2590423668932468,8085
rotation,4,6,6,True,0.5242924193768359,0.4457121741121368,7968
rotation,4,8,8,True,0.5952761283620068,0.4942707532311299,4614
rotation,4,5,0,False,0.44126845462434255,0.37589152061076947,4655
rotation,4,4,7,False,0.46630426328555963,0.39125793723741253,9564
rotation,4,1,6,False,0.43861817077542326,0.352595357133288,7799
rotation,4,9,9,True,0.606882841861432,0.5455378063151974,1564
rotation,4,4,4,True,0.5951226070611875,0.5431786732592696,5921
rotation,4,8,0,False,0.4697882348368899,0.4007050631411554,94
rotation,4,9,9,True,0.7399966163098456,0.6023450587217574,8552
rotation,4,6,6,True,0.5787290787199355,0.5141806755857768,8122
rotation,4,1,1,True,0.5474457198541697,0.48343371583008493,1262
rotation,4,5,4,False,0.4890438634249261,0.41067901326031064,6771
rotation,4,4,8,False,0.4070045130976294,0.3597692481267221,1495
rotation,4,6,6,True,0.6716023879672113,0.5307098896055231,6333
rotation,4,3,0,False,0.23796591057484792,0.21743636126075652,2320
rotation,4,1,7,False,0.2529536373638642,0.22695034021662416,4166
rotation,4,7,5,False,0.4824552717757123,0.4516752628765688,938
rotation,4,9,5,False,0.44605166672518715,0.3992216236007352,1657
rotation,4,0,7,False,0.3646015409351858,0.3267286134021215,738
rotation,4,2,0,False,0.21747752942551576,0.2391385676630245,1610
rotation,4,4,0,False,0.44919265941734554,0.3809411956066726,8963
rotation,4,7,3,False,0.37892990186076947,0.3071716628344653,6409
rotation,4,2,1,False,0.2833374989713346,0.27409590618672514,1067
rotation,4,5,5,True,0.619773184097795,0.5627138337028309,8896
rotation,4,2,9,False,0.4106991611744261,0.3854779947637479,5846
rotation,4,3,3,True,0.5371194603212548,0.46689325720205765,7317
rotation,4,4,4,True,0.6370506994630031,0.5422707032619585,1470
rotation,4,3,3,True,0.6562426781513767,0.547944126083269,8582
rotation,4,2,2,True,0.6353331223172316,0.5372854691393424,7237
rotation,4,1,2,False,0.170632295396753,0.12993759192586068,4039
rotation,4,5,5,True,0.49328837078209853,0.42549882500760094,8249
rotation,4,7,5,False,0.27574963204358055,0.28257175318716377,7200
rotation,4,2,0,False,0.40766696658825075,0.350621817778922,858
rotation,4,3,9,False,0.18965036546349054,0.1787710408001632,869
rotation,4,9,7,False,0.2326244167109569,0.22367391804046874,7117
rotation,4,3,4,False,0.12567222521282406,0.1146018083166981,8961
rotation,4,4,3,False,0.40149330368889674,0.34889468259704287,48
rotation,4,3,3,True,0.5073636386326239,0.4719770718999406,7388
rotation,4,1,9,False,0.22737670154123935,0.21199864865346965,8418
rotation,4,3,3,True,0.6768968424317071,0.6129470666111965,8442
rotation,4,2,4,False,0.34406457085189,0.3552110764126317,5703
rotation,4,3,3,True,0.6301745404634107,0.533250335428523,5508
rotation,4,7,3,False,0.43376409748812406,0.3805875503384615,287
rotation,4,8,8,True,0.5032846503223727,0.4394515028041932,7645
rotation,4,1,9,False,0.5214636664477768,0.4483327196499558,3018
rotation,4,1,8,False,0.4642662179899105,0.4009959138131612,1044
rotation,4,3,6,False,0.3932570542897006,0.37732651336681083,7270
rotation,4,5,8,False,0.381736525687081,0.3414609887805306,5853
rotation,4,9,0,False,0.42166393648786926,0.42320357427258415,5874
rotation,4,8,3,False,0.15791303023463477,0.14109959356140284,6897
rotation,4,0,3,False,0.34453261484394326,0.3379743207470522,5763
rotation,4,7,3,False,0.17726303560558843,0.20085258294316435,8392
rotation,4,9,1,False,0.28650891007427615,0.2568733296720682,5261
rotation,4,1,5,False,0.21241121823562417,0.20449391929896063,7161
rotation,4,3,3,True,0.6868527825955423,0.6164816201763227,4963
rotation,4,2,5,False,0.42011079756777125,0.36095606228844296,5154
rotation,4,2,2,True,0.7465590644500872,0.6828494765285503,4043
rotation,4,3,5,False,0.2632610789230302,0.22254491850712757,1491
rotation,4,8,7,False,0.29422348260479064,0.25467678395743987,2186
rotation,4,0,1,False,0.4682779204963611,0.4028430931735594,7911
rotation,4,4,4,True,0.46534132623679214,0.4150452065108026,4092
rotation,4,9,9,True,0.5926071573140539,0.5252727648129392,2252
rotation,4,1,7,False,0.4312578954564787,0.3688410544588575,6734
rotation,4,7,7,True,0.4963135159028826,0.4346034086023925,7635
rotation,4,6,6,True,0.5411969996222228,0.4527276016737809,7932
rotation,4,2,2,True,0.6187653634533106,0.564241322772151,1621
rotation,4,7,7,True,0.4776686880402261,0.43491835784113386,5580
rotation,4,2,2,True,0.7558736784461236,0.6505471672743912,7132
rotation,4,4,8,False,0.44832466591869957,0.3922316748255667,7917
rotation,4,8,4,False,0.3582855483825461,0.30628010466235134,5134
rotation,4,7,7,True,0.6747313662415729,0.5699361492613162,9593
rotation,4,4,7,False,0.3586644711828987,0.2982483160859233,1152
rotation,4,1,9,False,0.2672668545150721,0.22365940537660933,6474
rotation,4,0,0,True,0.5318437304664908,0.4862372785763051,4666
rotation,4,0,0,True,0.42467224464209397,0.39668654297883366,4266
rotation,4,0,4,False,0.46414629533846435,0.3821353133608039,6938
rotation,4,2,2,True,0.7365679571578121,0.6550561451915125,8446
rotation,4,5,4,False,0.27033710921332177,0.22036699173141355,1380
rotation,4,9,9,True,0.5949025298872235,0.5359576959856186,6040
rotation,4,8,8,True,0.5878752069650388,0.5163752766624461,6669
rotation,4,1,5,False,0.29925200663007634,0.25894822407570844,9655
rotation,4,8,7,False,0.3617735372801719,0.33142468358722893,2452
rotation,4,9,6,False,0.3750887764184619,0.3607978138023967,2556
rotation,4,5,3,False,0.21774435530702888,0.16258860175785242,1302
rotation,4,2,4,False,0.2762035958540455,0.2725321514045465,4359
rotation,4,3,3,True,0.46578177982110414,0.3950076725885641,3985
rotation,4,4,4,True,0.6203563409877052,0.5707758102675548,7592
rotation,4,2,2,True,0.48659582936365015,0.4459378028058226,7740
rotation,4,7,5,False,0.2566600133265572,0.2107344796121779,8985
rotation,4,6,6,True,0.6569532448196668,0.5617691750978449,8502
rotation,4,1,8,False,0.2653452977081638,0.25015116701255247,9214
rotation,4,0,0,True,0.6138675205492635,0.5557251930730508,8987
rotation,4,1,1,True,0.5348845798987479,0.4791739287678338,2631
rotation,4,3,3,True,0.6853090861584401,0.6053140389099115,2616
rotation,4,2,3,False,0.40170691348222454,0.3436747441866427,3141
rotation,4,5,6,False,0.4827580610159935,0.42602039019676774,5450
rotation,4,4,4,True,0.7282194396249984,0.6325191962518004,6565
rotation,4,3,9,False,0.4812863616468135,0.3940700585773986,1725
rotation,4,3,9,False,0.41779354983521844,0.3768347756710495,4187
rotation,4,7,1,False,0.5267635650047559,0.45540889107897836,2831
rotation,4,0,0,True,0.508752429183286,0.4749579078004251,1683
rotation,4,3,3,True,0.6210184499068132,0.5662606812007814,4966
rotation,4,2,2,True,0.5859992807817573,0.5167846652998948,955
rotation,4,7,6,False,0.42609507753320147,0.3992650096544657,8981
rotation,4,8,9,False,0.24805679507476072,0.23815325867466478,7376
rotation,4,8,8,True,0.5256601220270661,0.4613636021866571,7716
rotation,4,5,9,False,0.28561915365756185,0.22946132726196,4405
rotation,4,9,0,False,0.33587729135636674,0.2973046301347913,7262
rotation,4,9,9,True,0.5952841491489029,0.5143159358804249,4620
rotation,4,9,9,True,0.4752875989795683,0.4167823313489454,7741
rotation,4,2,2,True,0.6911671383126147,0.5979153246071985,8762
rotation,4,3,2,False,0.30673395588762326,0.29779175954634873,3478
rotation,4,2,6,False,0.35156833127599085,0.33811227704693164,7730
rotation,4,6,6,True,0.593143483620062,0.5094092535442437,5121
rotation,4,4,4,True,0.5223376228685384,0.4324965707824421,7553
rotation,4,6,7,False,0.36249044285259324,0.30370274213424653,4540
rotation,4,0,9,False,0.5838481650904387,0.5361045989916138,1907
rotation,4,1,1,True,0.6621479066035912,0.5969653982445475,9739
rotation,4,3,3,True,0.6143054119522641,0.5143677647230007,9359
rotation,4,9,9,True,0.6392265037543239,0.5290060028462386,8199
rotation,4,3,3,True,0.4739116479789101,0.4059998547647989,5439
rotation,4,2,9,False,0.31716190986111376,0.3205038603737249,1032
rotation,4,6,1,False,0.5328716866169083,0.47632527342169856,2901
rotation,4,9,5,False,0.5299762843160538,0.46075241162980596,7956
rotation,4,1,8,False,0.30877337452051806,0.2749439392867612,4693
rotation,4,3,6,False,0.33230521978167876,0.25983291280038745,970
rotation,4,8,0,False,0.28744361096825416,0.25348901811514585,4157
rotation,4,9,9,True,0.6150367273521032,0.5625846898613492,2207
rotation,4,8,6,False,0.3893746101506054,0.3380811318369342,5515
rotation,4,3,6,False,0.3604531189606456,0.31650263392682865,867
